"providedScientificName","matchRemark","taxonId","acceptedTaxonId","parentTaxonId","scientificName","canonicalName","authorship","status","acceptedScientificName","classification","kingdom","phylum","class","order","family","genus"
"Abarema abbottii","","8JB6","3QV3C","3QV3C","Abarema abbottii (Rose & Leonard) Barneby & J.W.Grimes","Abarema abbottii","(Rose & Leonard) Barneby & J.W.Grimes","synonym","Jupunba abbottii (Rose & Leonard) Britton & Rose","SPECIES:Jupunba abbottii (Rose & Leonard) Britton & Rose|GENUS:Jupunba Britton & Rose|FAMILY:Fabaceae|ORDER:Fabales Bromhead|CLASS:Magnoliopsida|PHYLUM:Tracheophyta|SUBKINGDOM:Pteridobiotina Britton & Brown|KINGDOM:Plantae|DOMAIN:Eukaryota (Chatton, 1925) Whittaker & Margulis, 1978","Plantae","Tracheophyta","Magnoliopsida","Fabales Bromhead","Fabaceae","Jupunba Britton & Rose"
"Abarema acreana","","8JB8","3N64G","3N64G","Abarema acreana (J.F.Macbr.) L.Rico","Abarema acreana","(J.F.Macbr.) L.Rico","synonym","Hydrochorea acreana (J.F.Macbr.) Barneby & J.W.Grimes","SPECIES:Hydrochorea acreana (J.F.Macbr.) Barneby & J.W.Grimes|GENUS:Hydrochorea Barneby & J.W.Grimes|FAMILY:Fabaceae|ORDER:Fabales Bromhead|CLASS:Magnoliopsida|PHYLUM:Tracheophyta|SUBKINGDOM:Pteridobiotina Britton & Brown|KINGDOM:Plantae|DOMAIN:Eukaryota (Chatton, 1925) Whittaker & Margulis, 1978","Plantae","Tracheophyta","Magnoliopsida","Fabales Bromhead","Fabaceae","Hydrochorea Barneby & J.W.Grimes"
"Abarema adenophora","","9CTCX","9DZT2","9DZT2","Abarema adenophora (Ducke) Barneby & J.W.Grimes","Abarema adenophora","(Ducke) Barneby & J.W.Grimes","synonym","Jupunba adenophora (Ducke) M.V.B.Soares, M.P.Morim & Iganci","SPECIES:Jupunba adenophora (Ducke) M.V.B.Soares, M.P.Morim & Iganci|GENUS:Jupunba Britton & Rose|FAMILY:Fabaceae|ORDER:Fabales Bromhead|CLASS:Magnoliopsida|PHYLUM:Tracheophyta|SUBKINGDOM:Pteridobiotina Britton & Brown|KINGDOM:Plantae|DOMAIN:Eukaryota (Chatton, 1925) Whittaker & Margulis, 1978","Plantae","Tracheophyta","Magnoliopsida","Fabales Bromhead","Fabaceae","Jupunba Britton & Rose"
"Abarema alexandri","","8JBB","3QV3D","3QV3D","Abarema alexandri (Urb.) Barneby & J.W.Grimes","Abarema alexandri","(Urb.) Barneby & J.W.Grimes","synonym","Jupunba alexandri (Urb.) Britton & Rose","SPECIES:Jupunba alexandri (Urb.) Britton & Rose|GENUS:Jupunba Britton & Rose|FAMILY:Fabaceae|ORDER:Fabales Bromhead|CLASS:Magnoliopsida|PHYLUM:Tracheophyta|SUBKINGDOM:Pteridobiotina Britton & Brown|KINGDOM:Plantae|DOMAIN:Eukaryota (Chatton, 1925) Whittaker & Margulis, 1978","Plantae","Tracheophyta","Magnoliopsida","Fabales Bromhead","Fabaceae","Jupunba Britton & Rose"
"Abarema asplenifolia","","63YRP","6NHPP","6NHPP","Abarema asplenifolia (Griseb.) Barneby & J.W.Grimes","Abarema asplenifolia","(Griseb.) Barneby & J.W.Grimes","synonym","Jupunba asplenifolia (Griseb.) Britton & Rose","SPECIES:Jupunba asplenifolia (Griseb.) Britton & Rose|GENUS:Jupunba Britton & Rose|FAMILY:Fabaceae|ORDER:Fabales Bromhead|CLASS:Magnoliopsida|PHYLUM:Tracheophyta|SUBKINGDOM:Pteridobiotina Britton & Brown|KINGDOM:Plantae|DOMAIN:Eukaryota (Chatton, 1925) Whittaker & Margulis, 1978","Plantae","Tracheophyta","Magnoliopsida","Fabales Bromhead","Fabaceae","Jupunba Britton & Rose"
"Abarema auriculata","","8JBF","9DZT3","9DZT3","Abarema auriculata (Benth.) Barneby & J.W.Grimes","Abarema auriculata","(Benth.) Barneby & J.W.Grimes","synonym","Jupunba auriculata (Benth.) M.V.B.Soares, M.P.Morim & Iganci","SPECIES:Jupunba auriculata (Benth.) M.V.B.Soares, M.P.Morim & Iganci|GENUS:Jupunba Britton & Rose|FAMILY:Fabaceae|ORDER:Fabales Bromhead|CLASS:Magnoliopsida|PHYLUM:Tracheophyta|SUBKINGDOM:Pteridobiotina Britton & Brown|KINGDOM:Plantae|DOMAIN:Eukaryota (Chatton, 1925) Whittaker & Margulis, 1978","Plantae","Tracheophyta","Magnoliopsida","Fabales Bromhead","Fabaceae","Jupunba Britton & Rose"
"Abarema barbouriana","","8JBG","9DZT4","9DZT4","Abarema barbouriana (Standl.) Barneby & J.W.Grimes","Abarema barbouriana","(Standl.) Barneby & J.W.Grimes","synonym","Jupunba barbouriana (Standl.) M.V.B.Soares, M.P.Morim & Iganci","SPECIES:Jupunba barbouriana (Standl.) M.V.B.Soares, M.P.Morim & Iganci|GENUS:Jupunba Britton & Rose|FAMILY:Fabaceae|ORDER:Fabales Bromhead|CLASS:Magnoliopsida|PHYLUM:Tracheophyta|SUBKINGDOM:Pteridobiotina Britton & Brown|KINGDOM:Plantae|DOMAIN:Eukaryota (Chatton, 1925) Whittaker & Margulis, 1978","Plantae","Tracheophyta","Magnoliopsida","Fabales Bromhead","Fabaceae","Jupunba Britton & Rose"
"Abarema brachystachya","","8JBL","9DZT6","9DZT6","Abarema brachystachya (DC.) Barneby & J.W.Grimes","Abarema brachystachya","(DC.) Barneby & J.W.Grimes","synonym","Jupunba brachystachya (DC.) M.V.B.Soares, M.P.Morim & Iganci","SPECIES:Jupunba brachystachya (DC.) M.V.B.Soares, M.P.Morim & Iganci|GENUS:Jupunba Britton & Rose|FAMILY:Fabaceae|ORDER:Fabales Bromhead|CLASS:Magnoliopsida|PHYLUM:Tracheophyta|SUBKINGDOM:Pteridobiotina Britton & Brown|KINGDOM:Plantae|DOMAIN:Eukaryota (Chatton, 1925) Whittaker & Margulis, 1978","Plantae","Tracheophyta","Magnoliopsida","Fabales Bromhead","Fabaceae","Jupunba Britton & Rose"
"Abarema callejasii","","8JBM","9FPR8","9FPR8","Abarema callejasii Barneby & J.W.Grimes","Abarema callejasii","Barneby & J.W.Grimes","synonym","Punjuba callejasii (Barneby & J.W.Grimes) M.V.B.Soares, M.P.Morim & Iganci","SPECIES:Punjuba callejasii (Barneby & J.W.Grimes) M.V.B.Soares, M.P.Morim & Iganci|GENUS:Punjuba Britton & Rose|FAMILY:Fabaceae|ORDER:Fabales Bromhead|CLASS:Magnoliopsida|PHYLUM:Tracheophyta|SUBKINGDOM:Pteridobiotina Britton & Brown|KINGDOM:Plantae|DOMAIN:Eukaryota (Chatton, 1925) Whittaker & Margulis, 1978","Plantae","Tracheophyta","Magnoliopsida","Fabales Bromhead","Fabaceae","Punjuba Britton & Rose"
"Abarema campestris","","8JBN","9DZT7","9DZT7","Abarema campestris (Spruce ex Benth.) Barneby & J.W.Grimes","Abarema campestris","(Spruce ex Benth.) Barneby & J.W.Grimes","synonym","Jupunba campestris (Spruce ex Benth.) M.V.B.Soares, M.P.Morim & Iganci","SPECIES:Jupunba campestris (Spruce ex Benth.) M.V.B.Soares, M.P.Morim & Iganci|GENUS:Jupunba Britton & Rose|FAMILY:Fabaceae|ORDER:Fabales Bromhead|CLASS:Magnoliopsida|PHYLUM:Tracheophyta|SUBKINGDOM:Pteridobiotina Britton & Brown|KINGDOM:Plantae|DOMAIN:Eukaryota (Chatton, 1925) Whittaker & Margulis, 1978","Plantae","Tracheophyta","Magnoliopsida","Fabales Bromhead","Fabaceae","Jupunba Britton & Rose"
"Abarema cochleata","","63Z3P","9DZT8","9DZT8","Abarema cochleata (Willd.) Barneby & J.W.Grimes","Abarema cochleata","(Willd.) Barneby & J.W.Grimes","synonym","Jupunba cochleata (Willd.) M.V.B.Soares, M.P.Morim & Iganci","SPECIES:Jupunba cochleata (Willd.) M.V.B.Soares, M.P.Morim & Iganci|GENUS:Jupunba Britton & Rose|FAMILY:Fabaceae|ORDER:Fabales Bromhead|CLASS:Magnoliopsida|PHYLUM:Tracheophyta|SUBKINGDOM:Pteridobiotina Britton & Brown|KINGDOM:Plantae|DOMAIN:Eukaryota (Chatton, 1925) Whittaker & Margulis, 1978","Plantae","Tracheophyta","Magnoliopsida","Fabales Bromhead","Fabaceae","Jupunba Britton & Rose"
"Abarema cochliocarpos","","","","","","","","","","","","","","","",""
"Abarema commutata","","8JBW","9DZT9","9DZT9","Abarema commutata Barneby & J.W.Grimes","Abarema commutata","Barneby & J.W.Grimes","synonym","Jupunba commutata (Barneby & J.W.Grimes) M.V.B.Soares, M.P.Morim & Iganci","SPECIES:Jupunba commutata (Barneby & J.W.Grimes) M.V.B.Soares, M.P.Morim & Iganci|GENUS:Jupunba Britton & Rose|FAMILY:Fabaceae|ORDER:Fabales Bromhead|CLASS:Magnoliopsida|PHYLUM:Tracheophyta|SUBKINGDOM:Pteridobiotina Britton & Brown|KINGDOM:Plantae|DOMAIN:Eukaryota (Chatton, 1925) Whittaker & Margulis, 1978","Plantae","Tracheophyta","Magnoliopsida","Fabales Bromhead","Fabaceae","Jupunba Britton & Rose"
"Abarema curvicarpa","","8JC2","9DZTB","9DZTB","Abarema curvicarpa (H.S.Irwin) Barneby & J.W.Grimes","Abarema curvicarpa","(H.S.Irwin) Barneby & J.W.Grimes","synonym","Jupunba curvicarpa (H.S.Irwin) M.V.B.Soares, M.P.Morim & Iganci","SPECIES:Jupunba curvicarpa (H.S.Irwin) M.V.B.Soares, M.P.Morim & Iganci|GENUS:Jupunba Britton & Rose|FAMILY:Fabaceae|ORDER:Fabales Bromhead|CLASS:Magnoliopsida|PHYLUM:Tracheophyta|SUBKINGDOM:Pteridobiotina Britton & Brown|KINGDOM:Plantae|DOMAIN:Eukaryota (Chatton, 1925) Whittaker & Margulis, 1978","Plantae","Tracheophyta","Magnoliopsida","Fabales Bromhead","Fabaceae","Jupunba Britton & Rose"
"Abarema floribunda","","8JC9","9DZTF","9DZTF","Abarema floribunda (Spruce ex Benth.) Barneby & J.W.Grimes","Abarema floribunda","(Spruce ex Benth.) Barneby & J.W.Grimes","synonym","Jupunba floribunda (Spruce ex Benth.) M.V.B.Soares, M.P.Morim & Iganci","SPECIES:Jupunba floribunda (Spruce ex Benth.) M.V.B.Soares, M.P.Morim & Iganci|GENUS:Jupunba Britton & Rose|FAMILY:Fabaceae|ORDER:Fabales Bromhead|CLASS:Magnoliopsida|PHYLUM:Tracheophyta|SUBKINGDOM:Pteridobiotina Britton & Brown|KINGDOM:Plantae|DOMAIN:Eukaryota (Chatton, 1925) Whittaker & Margulis, 1978","Plantae","Tracheophyta","Magnoliopsida","Fabales Bromhead","Fabaceae","Jupunba Britton & Rose"
"Abarema ganymedea","","8JCB","9DZTH","9DZTH","Abarema ganymedea Barneby & J.W.Grimes","Abarema ganymedea","Barneby & J.W.Grimes","synonym","Jupunba ganymedea (Barneby & J.W.Grimes) M.V.B.Soares, M.P.Morim & Iganci","SPECIES:Jupunba ganymedea (Barneby & J.W.Grimes) M.V.B.Soares, M.P.Morim & Iganci|GENUS:Jupunba Britton & Rose|FAMILY:Fabaceae|ORDER:Fabales Bromhead|CLASS:Magnoliopsida|PHYLUM:Tracheophyta|SUBKINGDOM:Pteridobiotina Britton & Brown|KINGDOM:Plantae|DOMAIN:Eukaryota (Chatton, 1925) Whittaker & Margulis, 1978","Plantae","Tracheophyta","Magnoliopsida","Fabales Bromhead","Fabaceae","Jupunba Britton & Rose"
"Abarema glauca","","8JCC","3QV3G","3QV3G","Abarema glauca (Urb.) Barneby & J.W.Grimes","Abarema glauca","(Urb.) Barneby & J.W.Grimes","synonym","Jupunba glauca (Urb.) Britton & Rose","SPECIES:Jupunba glauca (Urb.) Britton & Rose|GENUS:Jupunba Britton & Rose|FAMILY:Fabaceae|ORDER:Fabales Bromhead|CLASS:Magnoliopsida|PHYLUM:Tracheophyta|SUBKINGDOM:Pteridobiotina Britton & Brown|KINGDOM:Plantae|DOMAIN:Eukaryota (Chatton, 1925) Whittaker & Margulis, 1978","Plantae","Tracheophyta","Magnoliopsida","Fabales Bromhead","Fabaceae","Jupunba Britton & Rose"
"Abarema idiopoda","","8JCM","9DZTJ","9DZTJ","Abarema idiopoda (S.F.Blake) Barneby & J.W.Grimes","Abarema idiopoda","(S.F.Blake) Barneby & J.W.Grimes","synonym","Jupunba idiopoda (S.F.Blake) M.V.B.Soares, M.P.Morim & Iganci","SPECIES:Jupunba idiopoda (S.F.Blake) M.V.B.Soares, M.P.Morim & Iganci|GENUS:Jupunba Britton & Rose|FAMILY:Fabaceae|ORDER:Fabales Bromhead|CLASS:Magnoliopsida|PHYLUM:Tracheophyta|SUBKINGDOM:Pteridobiotina Britton & Brown|KINGDOM:Plantae|DOMAIN:Eukaryota (Chatton, 1925) Whittaker & Margulis, 1978","Plantae","Tracheophyta","Magnoliopsida","Fabales Bromhead","Fabaceae","Jupunba Britton & Rose"
"Abarema jupunba","","8JCP","9FPMQ","9FPMQ","Abarema jupunba (Willd.) Britton & Killip","Abarema jupunba","(Willd.) Britton & Killip","synonym","Jupunba trapezifolia var. micradenia (Benth.) M.V.B.Soares, M.P.Morim & Iganci","VARIETY:Jupunba trapezifolia var. micradenia (Benth.) M.V.B.Soares, M.P.Morim & Iganci|SPECIES:Jupunba trapezifolia (Vahl) Moldenke|GENUS:Jupunba Britton & Rose|FAMILY:Fabaceae|ORDER:Fabales Bromhead|CLASS:Magnoliopsida|PHYLUM:Tracheophyta|SUBKINGDOM:Pteridobiotina Britton & Brown|KINGDOM:Plantae|DOMAIN:Eukaryota (Chatton, 1925) Whittaker & Margulis, 1978","Plantae","Tracheophyta","Magnoliopsida","Fabales Bromhead","Fabaceae","Jupunba Britton & Rose"
"Abarema langsdorffii","","9CMJ8","9DZTL","9DZTL","Abarema langsdorffii (Benth.) Barneby & J.W.Grimes","Abarema langsdorffii","(Benth.) Barneby & J.W.Grimes","synonym","Jupunba langsdorffii (Benth.) M.V.B.Soares, M.P.Morim & Iganci","SPECIES:Jupunba langsdorffii (Benth.) M.V.B.Soares, M.P.Morim & Iganci|GENUS:Jupunba Britton & Rose|FAMILY:Fabaceae|ORDER:Fabales Bromhead|CLASS:Magnoliopsida|PHYLUM:Tracheophyta|SUBKINGDOM:Pteridobiotina Britton & Brown|KINGDOM:Plantae|DOMAIN:Eukaryota (Chatton, 1925) Whittaker & Margulis, 1978","Plantae","Tracheophyta","Magnoliopsida","Fabales Bromhead","Fabaceae","Jupunba Britton & Rose"
"Abarema lehmannii","","8JCY","4QHXL","4QHXL","Abarema lehmannii (Britton & Rose) Barneby & J.W.Grimes","Abarema lehmannii","(Britton & Rose) Barneby & J.W.Grimes","synonym","Punjuba lehmannii Britton & Rose","SPECIES:Punjuba lehmannii Britton & Rose|GENUS:Punjuba Britton & Rose|FAMILY:Fabaceae|ORDER:Fabales Bromhead|CLASS:Magnoliopsida|PHYLUM:Tracheophyta|SUBKINGDOM:Pteridobiotina Britton & Brown|KINGDOM:Plantae|DOMAIN:Eukaryota (Chatton, 1925) Whittaker & Margulis, 1978","Plantae","Tracheophyta","Magnoliopsida","Fabales Bromhead","Fabaceae","Punjuba Britton & Rose"
"Abarema leucophylla","","8JCZ","9DZTN","9DZTN","Abarema leucophylla (Spruce ex Benth.) Barneby & J.W.Grimes","Abarema leucophylla","(Spruce ex Benth.) Barneby & J.W.Grimes","synonym","Jupunba leucophylla (Spruce ex Benth.) M.V.B.Soares, M.P.Morim & Iganci","SPECIES:Jupunba leucophylla (Spruce ex Benth.) M.V.B.Soares, M.P.Morim & Iganci|GENUS:Jupunba Britton & Rose|FAMILY:Fabaceae|ORDER:Fabales Bromhead|CLASS:Magnoliopsida|PHYLUM:Tracheophyta|SUBKINGDOM:Pteridobiotina Britton & Brown|KINGDOM:Plantae|DOMAIN:Eukaryota (Chatton, 1925) Whittaker & Margulis, 1978","Plantae","Tracheophyta","Magnoliopsida","Fabales Bromhead","Fabaceae","Jupunba Britton & Rose"
"Abarema levelii","","8JD2","8JD2","9CJHM","Abarema levelii (R.S.Cowan) Barneby & J.W.Grimes","Abarema levelii","(R.S.Cowan) Barneby & J.W.Grimes","accepted","Abarema levelii (R.S.Cowan) Barneby & J.W.Grimes","GENUS:Abarema Pittier|FAMILY:Fabaceae|ORDER:Fabales Bromhead|CLASS:Magnoliopsida|PHYLUM:Tracheophyta|SUBKINGDOM:Pteridobiotina Britton & Brown|KINGDOM:Plantae|DOMAIN:Eukaryota (Chatton, 1925) Whittaker & Margulis, 1978","Plantae","Tracheophyta","Magnoliopsida","Fabales Bromhead","Fabaceae","Abarema Pittier"
"Abarema longipedunculata","","8JD3","9DZTP","9DZTP","Abarema longipedunculata (H.S.Irwin) Barneby & J.W.Grimes","Abarema longipedunculata","(H.S.Irwin) Barneby & J.W.Grimes","synonym","Jupunba longipedunculata (H.S.Irwin) M.V.B.Soares, M.P.Morim & Iganci","SPECIES:Jupunba longipedunculata (H.S.Irwin) M.V.B.Soares, M.P.Morim & Iganci|GENUS:Jupunba Britton & Rose|FAMILY:Fabaceae|ORDER:Fabales Bromhead|CLASS:Magnoliopsida|PHYLUM:Tracheophyta|SUBKINGDOM:Pteridobiotina Britton & Brown|KINGDOM:Plantae|DOMAIN:Eukaryota (Chatton, 1925) Whittaker & Margulis, 1978","Plantae","Tracheophyta","Magnoliopsida","Fabales Bromhead","Fabaceae","Jupunba Britton & Rose"
"Abarema macradenia","","8JD5","9DZTQ","9DZTQ","Abarema macradenia (Pittier) Barneby & J.W.Grimes","Abarema macradenia","(Pittier) Barneby & J.W.Grimes","synonym","Jupunba macradenia (Pittier) M.V.B.Soares, M.P.Morim & Iganci","SPECIES:Jupunba macradenia (Pittier) M.V.B.Soares, M.P.Morim & Iganci|GENUS:Jupunba Britton & Rose|FAMILY:Fabaceae|ORDER:Fabales Bromhead|CLASS:Magnoliopsida|PHYLUM:Tracheophyta|SUBKINGDOM:Pteridobiotina Britton & Brown|KINGDOM:Plantae|DOMAIN:Eukaryota (Chatton, 1925) Whittaker & Margulis, 1978","Plantae","Tracheophyta","Magnoliopsida","Fabales Bromhead","Fabaceae","Jupunba Britton & Rose"
"Abarema obovalis","","8JDP","3QV3K","3QV3K","Abarema obovalis (A.Rich.) Barneby & J.W.Grimes","Abarema obovalis","(A.Rich.) Barneby & J.W.Grimes","synonym","Jupunba obovalis (A.Rich.) Britton & Rose","SPECIES:Jupunba obovalis (A.Rich.) Britton & Rose|GENUS:Jupunba Britton & Rose|FAMILY:Fabaceae|ORDER:Fabales Bromhead|CLASS:Magnoliopsida|PHYLUM:Tracheophyta|SUBKINGDOM:Pteridobiotina Britton & Brown|KINGDOM:Plantae|DOMAIN:Eukaryota (Chatton, 1925) Whittaker & Margulis, 1978","Plantae","Tracheophyta","Magnoliopsida","Fabales Bromhead","Fabaceae","Jupunba Britton & Rose"
"Abarema oppositifolia","","8JDT","3QV3L","3QV3L","Abarema oppositifolia (Urb.) Barneby & J.W.Grimes","Abarema oppositifolia","(Urb.) Barneby & J.W.Grimes","synonym","Jupunba oppositifolia (Urb.) Britton & Rose","SPECIES:Jupunba oppositifolia (Urb.) Britton & Rose|GENUS:Jupunba Britton & Rose|FAMILY:Fabaceae|ORDER:Fabales Bromhead|CLASS:Magnoliopsida|PHYLUM:Tracheophyta|SUBKINGDOM:Pteridobiotina Britton & Brown|KINGDOM:Plantae|DOMAIN:Eukaryota (Chatton, 1925) Whittaker & Margulis, 1978","Plantae","Tracheophyta","Magnoliopsida","Fabales Bromhead","Fabaceae","Jupunba Britton & Rose"
"Abarema oxyphyllidia","","63YS3","9DZTT","9DZTT","Abarema oxyphyllidia Barneby & J.W.Grimes","Abarema oxyphyllidia","Barneby & J.W.Grimes","synonym","Jupunba oxyphyllidia (Barneby & J.W.Grimes) M.V.B.Soares, M.P.Morim & Iganci","SPECIES:Jupunba oxyphyllidia (Barneby & J.W.Grimes) M.V.B.Soares, M.P.Morim & Iganci|GENUS:Jupunba Britton & Rose|FAMILY:Fabaceae|ORDER:Fabales Bromhead|CLASS:Magnoliopsida|PHYLUM:Tracheophyta|SUBKINGDOM:Pteridobiotina Britton & Brown|KINGDOM:Plantae|DOMAIN:Eukaryota (Chatton, 1925) Whittaker & Margulis, 1978","Plantae","Tracheophyta","Magnoliopsida","Fabales Bromhead","Fabaceae","Jupunba Britton & Rose"
"Abarema turbinata","","63Z2W","9DZTW","9DZTW","Abarema turbinata (Benth.) Barneby & J.W.Grimes","Abarema turbinata","(Benth.) Barneby & J.W.Grimes","synonym","Jupunba turbinata (Benth.) M.V.B.Soares, M.P.Morim & Iganci","SPECIES:Jupunba turbinata (Benth.) M.V.B.Soares, M.P.Morim & Iganci|GENUS:Jupunba Britton & Rose|FAMILY:Fabaceae|ORDER:Fabales Bromhead|CLASS:Magnoliopsida|PHYLUM:Tracheophyta|SUBKINGDOM:Pteridobiotina Britton & Brown|KINGDOM:Plantae|DOMAIN:Eukaryota (Chatton, 1925) Whittaker & Margulis, 1978","Plantae","Tracheophyta","Magnoliopsida","Fabales Bromhead","Fabaceae","Jupunba Britton & Rose"
"Abarema villifera","","63YQZ","9DZTX","9DZTX","Abarema villifera (Ducke) Barneby & J.W.Grimes","Abarema villifera","(Ducke) Barneby & J.W.Grimes","synonym","Jupunba villifera (Ducke) M.V.B.Soares, M.P.Morim & Iganci","SPECIES:Jupunba villifera (Ducke) M.V.B.Soares, M.P.Morim & Iganci|GENUS:Jupunba Britton & Rose|FAMILY:Fabaceae|ORDER:Fabales Bromhead|CLASS:Magnoliopsida|PHYLUM:Tracheophyta|SUBKINGDOM:Pteridobiotina Britton & Brown|KINGDOM:Plantae|DOMAIN:Eukaryota (Chatton, 1925) Whittaker & Margulis, 1978","Plantae","Tracheophyta","Magnoliopsida","Fabales Bromhead","Fabaceae","Jupunba Britton & Rose"
"Abarema zollerana","","","","","","","","","","","","","","","",""
"Acacia abyssinica","","9JPFZ","BTFTB","BTFTB","Acacia abyssinica sens. Brenan","Acacia abyssinica","sens. Brenan","misapplied","Vachellia sieberiana var. woodii (Burtt Davy) Kyal. & Boatwr.","VARIETY:Vachellia sieberiana var. woodii (Burtt Davy) Kyal. & Boatwr.|SPECIES:Vachellia sieberiana (DC.) Kyal. & Boatwr.|GENUS:Vachellia|FAMILY:Fabaceae|ORDER:Fabales Bromhead|CLASS:Magnoliopsida|PHYLUM:Tracheophyta|SUBKINGDOM:Pteridobiotina Britton & Brown|KINGDOM:Plantae|DOMAIN:Eukaryota (Chatton, 1925) Whittaker & Margulis, 1978","Plantae","Tracheophyta","Magnoliopsida","Fabales Bromhead","Fabaceae","Vachellia"
"Acacia acanthoclada","","BSGH3","BSGH3","9JGMY","Acacia acanthoclada F.Muell.","Acacia acanthoclada","F.Muell.","accepted","Acacia acanthoclada F.Muell.","SECTION BOTANY:sect. Acacia|GENUS:Acacia|FAMILY:Fabaceae|ORDER:Fabales Bromhead|CLASS:Magnoliopsida|PHYLUM:Tracheophyta|SUBKINGDOM:Pteridobiotina Britton & Brown|KINGDOM:Plantae|DOMAIN:Eukaryota (Chatton, 1925) Whittaker & Margulis, 1978","Plantae","Tracheophyta","Magnoliopsida","Fabales Bromhead","Fabaceae","Acacia"
"Acacia acatlensis","","8NQ4","BT4JP","BT4JP","Acacia acatlensis Benth.","Acacia acatlensis","Benth.","synonym","Mariosousa acatlensis (Benth.) Seigler & Ebinger","SPECIES:Mariosousa acatlensis (Benth.) Seigler & Ebinger|GENUS:Mariosousa|FAMILY:Fabaceae|ORDER:Fabales Bromhead|CLASS:Magnoliopsida|PHYLUM:Tracheophyta|SUBKINGDOM:Pteridobiotina Britton & Brown|KINGDOM:Plantae|DOMAIN:Eukaryota (Chatton, 1925) Whittaker & Margulis, 1978","Plantae","Tracheophyta","Magnoliopsida","Fabales Bromhead","Fabaceae","Mariosousa"
"Acacia acinacea","","BSJCN","BSJCN","9JGMY","Acacia acinacea Lindl.","Acacia acinacea","Lindl.","accepted","Acacia acinacea Lindl.","SECTION BOTANY:sect. Acacia|GENUS:Acacia|FAMILY:Fabaceae|ORDER:Fabales Bromhead|CLASS:Magnoliopsida|PHYLUM:Tracheophyta|SUBKINGDOM:Pteridobiotina Britton & Brown|KINGDOM:Plantae|DOMAIN:Eukaryota (Chatton, 1925) Whittaker & Margulis, 1978","Plantae","Tracheophyta","Magnoliopsida","Fabales Bromhead","Fabaceae","Acacia"
"Acacia acoma","","BSJCQ","BSJCQ","9JGMY","Acacia acoma Maslin","Acacia acoma","Maslin","accepted","Acacia acoma Maslin","SECTION BOTANY:sect. Acacia|GENUS:Acacia|FAMILY:Fabaceae|ORDER:Fabales Bromhead|CLASS:Magnoliopsida|PHYLUM:Tracheophyta|SUBKINGDOM:Pteridobiotina Britton & Brown|KINGDOM:Plantae|DOMAIN:Eukaryota (Chatton, 1925) Whittaker & Margulis, 1978","Plantae","Tracheophyta","Magnoliopsida","Fabales Bromhead","Fabaceae","Acacia"
"Acacia acradenia","","BSGH4","BSGH4","BYZSL","Acacia acradenia F.Muell.","Acacia acradenia","F.Muell.","accepted","Acacia acradenia F.Muell.","SECTION BOTANY:sect. Juliflorae|GENUS:Acacia|FAMILY:Fabaceae|ORDER:Fabales Bromhead|CLASS:Magnoliopsida|PHYLUM:Tracheophyta|SUBKINGDOM:Pteridobiotina Britton & Brown|KINGDOM:Plantae|DOMAIN:Eukaryota (Chatton, 1925) Whittaker & Margulis, 1978","Plantae","Tracheophyta","Magnoliopsida","Fabales Bromhead","Fabaceae","Acacia"
"Acacia acrionastes","","BSJCR","BSJCR","9JGMY","Acacia acrionastes Pedley","Acacia acrionastes","Pedley","accepted","Acacia acrionastes Pedley","SECTION BOTANY:sect. Acacia|GENUS:Acacia|FAMILY:Fabaceae|ORDER:Fabales Bromhead|CLASS:Magnoliopsida|PHYLUM:Tracheophyta|SUBKINGDOM:Pteridobiotina Britton & Brown|KINGDOM:Plantae|DOMAIN:Eukaryota (Chatton, 1925) Whittaker & Margulis, 1978","Plantae","Tracheophyta","Magnoliopsida","Fabales Bromhead","Fabaceae","Acacia"
"Acacia acuaria","","BSJCS","BSJCS","9JGMY","Acacia acuaria W.Fitzg.","Acacia acuaria","W.Fitzg.","accepted","Acacia acuaria W.Fitzg.","SECTION BOTANY:sect. Acacia|GENUS:Acacia|FAMILY:Fabaceae|ORDER:Fabales Bromhead|CLASS:Magnoliopsida|PHYLUM:Tracheophyta|SUBKINGDOM:Pteridobiotina Britton & Brown|KINGDOM:Plantae|DOMAIN:Eukaryota (Chatton, 1925) Whittaker & Margulis, 1978","Plantae","Tracheophyta","Magnoliopsida","Fabales Bromhead","Fabaceae","Acacia"
"Acacia aculeatissima","","BSJCT","BSJCT","9JGMY","Acacia aculeatissima J.F.Macbr.","Acacia aculeatissima","J.F.Macbr.","accepted","Acacia aculeatissima J.F.Macbr.","SECTION BOTANY:sect. Acacia|GENUS:Acacia|FAMILY:Fabaceae|ORDER:Fabales Bromhead|CLASS:Magnoliopsida|PHYLUM:Tracheophyta|SUBKINGDOM:Pteridobiotina Britton & Brown|KINGDOM:Plantae|DOMAIN:Eukaryota (Chatton, 1925) Whittaker & Margulis, 1978","Plantae","Tracheophyta","Magnoliopsida","Fabales Bromhead","Fabaceae","Acacia"
"Acacia acuminata","","BSJCX","BSJCX","BYZSL","Acacia acuminata Benth.","Acacia acuminata","Benth.","accepted","Acacia acuminata Benth.","SECTION BOTANY:sect. Juliflorae|GENUS:Acacia|FAMILY:Fabaceae|ORDER:Fabales Bromhead|CLASS:Magnoliopsida|PHYLUM:Tracheophyta|SUBKINGDOM:Pteridobiotina Britton & Brown|KINGDOM:Plantae|DOMAIN:Eukaryota (Chatton, 1925) Whittaker & Margulis, 1978","Plantae","Tracheophyta","Magnoliopsida","Fabales Bromhead","Fabaceae","Acacia"
"Acacia adenocalyx","","BSRNW","BSKSB","BSKSB","Acacia adenocalyx Brenan & Exell","Acacia adenocalyx","Brenan & Exell","synonym","Senegalia adenocalyx (Brenan & Exell) Kyal. & Boatwr.","SPECIES:Senegalia adenocalyx (Brenan & Exell) Kyal. & Boatwr.|SECTION BOTANY:Monacanthea sect. Monacanthea pro parte|GENUS:Senegalia|FAMILY:Fabaceae|ORDER:Fabales Bromhead|CLASS:Magnoliopsida|PHYLUM:Tracheophyta|SUBKINGDOM:Pteridobiotina Britton & Brown|KINGDOM:Plantae|DOMAIN:Eukaryota (Chatton, 1925) Whittaker & Margulis, 1978","Plantae","Tracheophyta","Magnoliopsida","Fabales Bromhead","Fabaceae","Senegalia"
"Acacia adoxa","","BSGH6","BSGH6","BYZSQ","Acacia adoxa Pedley","Acacia adoxa","Pedley","accepted","Acacia adoxa Pedley","SECTION BOTANY:sect. Lycopodiifoliae|GENUS:Acacia|FAMILY:Fabaceae|ORDER:Fabales Bromhead|CLASS:Magnoliopsida|PHYLUM:Tracheophyta|SUBKINGDOM:Pteridobiotina Britton & Brown|KINGDOM:Plantae|DOMAIN:Eukaryota (Chatton, 1925) Whittaker & Margulis, 1978","Plantae","Tracheophyta","Magnoliopsida","Fabales Bromhead","Fabaceae","Acacia"
"Acacia adsurgens","","BSGH7","BSGH7","BYZSL","Acacia adsurgens Maiden & Blakely","Acacia adsurgens","Maiden & Blakely","accepted","Acacia adsurgens Maiden & Blakely","SECTION BOTANY:sect. Juliflorae|GENUS:Acacia|FAMILY:Fabaceae|ORDER:Fabales Bromhead|CLASS:Magnoliopsida|PHYLUM:Tracheophyta|SUBKINGDOM:Pteridobiotina Britton & Brown|KINGDOM:Plantae|DOMAIN:Eukaryota (Chatton, 1925) Whittaker & Margulis, 1978","Plantae","Tracheophyta","Magnoliopsida","Fabales Bromhead","Fabaceae","Acacia"
"Acacia adunca","","BSJD6","BSJD6","9JGMY","Acacia adunca A.Cunn. ex G.Don","Acacia adunca","A.Cunn. ex G.Don","accepted","Acacia adunca A.Cunn. ex G.Don","SECTION BOTANY:sect. Acacia|GENUS:Acacia|FAMILY:Fabaceae|ORDER:Fabales Bromhead|CLASS:Magnoliopsida|PHYLUM:Tracheophyta|SUBKINGDOM:Pteridobiotina Britton & Brown|KINGDOM:Plantae|DOMAIN:Eukaryota (Chatton, 1925) Whittaker & Margulis, 1978","Plantae","Tracheophyta","Magnoliopsida","Fabales Bromhead","Fabaceae","Acacia"
"Acacia aestivalis","","BSJDC","BSJDC","9JGMY","Acacia aestivalis E.Pritz.","Acacia aestivalis","E.Pritz.","accepted","Acacia aestivalis E.Pritz.","SECTION BOTANY:sect. Acacia|GENUS:Acacia|FAMILY:Fabaceae|ORDER:Fabales Bromhead|CLASS:Magnoliopsida|PHYLUM:Tracheophyta|SUBKINGDOM:Pteridobiotina Britton & Brown|KINGDOM:Plantae|DOMAIN:Eukaryota (Chatton, 1925) Whittaker & Margulis, 1978","Plantae","Tracheophyta","Magnoliopsida","Fabales Bromhead","Fabaceae","Acacia"
"Acacia albicorticata","","BSRNZ","BTCBT","BTCBT","Acacia albicorticata Burkart","Acacia albicorticata","Burkart","synonym","Vachellia albicorticata (Burkart) Seigler & Ebinger","SPECIES:Vachellia albicorticata (Burkart) Seigler & Ebinger|GENUS:Vachellia|FAMILY:Fabaceae|ORDER:Fabales Bromhead|CLASS:Magnoliopsida|PHYLUM:Tracheophyta|SUBKINGDOM:Pteridobiotina Britton & Brown|KINGDOM:Plantae|DOMAIN:Eukaryota (Chatton, 1925) Whittaker & Margulis, 1978","Plantae","Tracheophyta","Magnoliopsida","Fabales Bromhead","Fabaceae","Vachellia"
"Acacia allenii","","BSHH3","BTCBV","BTCBV","Acacia allenii D.H.Janzen","Acacia allenii","D.H.Janzen","synonym","Vachellia allenii (D.H.Janzen) Seigler & Ebinger","SPECIES:Vachellia allenii (D.H.Janzen) Seigler & Ebinger|GENUS:Vachellia|FAMILY:Fabaceae|ORDER:Fabales Bromhead|CLASS:Magnoliopsida|PHYLUM:Tracheophyta|SUBKINGDOM:Pteridobiotina Britton & Brown|KINGDOM:Plantae|DOMAIN:Eukaryota (Chatton, 1925) Whittaker & Margulis, 1978","Plantae","Tracheophyta","Magnoliopsida","Fabales Bromhead","Fabaceae","Vachellia"
"Acacia alpina","","BSJDJ","BSJDJ","BYZSL","Acacia alpina F.Muell.","Acacia alpina","F.Muell.","accepted","Acacia alpina F.Muell.","SECTION BOTANY:sect. Juliflorae|GENUS:Acacia|FAMILY:Fabaceae|ORDER:Fabales Bromhead|CLASS:Magnoliopsida|PHYLUM:Tracheophyta|SUBKINGDOM:Pteridobiotina Britton & Brown|KINGDOM:Plantae|DOMAIN:Eukaryota (Chatton, 1925) Whittaker & Margulis, 1978","Plantae","Tracheophyta","Magnoliopsida","Fabales Bromhead","Fabaceae","Acacia"
"Acacia ampliceps","","BSGHD","BSGHD","9JGMY","Acacia ampliceps Maslin","Acacia ampliceps","Maslin","accepted","Acacia ampliceps Maslin","SECTION BOTANY:sect. Acacia|GENUS:Acacia|FAMILY:Fabaceae|ORDER:Fabales Bromhead|CLASS:Magnoliopsida|PHYLUM:Tracheophyta|SUBKINGDOM:Pteridobiotina Britton & Brown|KINGDOM:Plantae|DOMAIN:Eukaryota (Chatton, 1925) Whittaker & Margulis, 1978","Plantae","Tracheophyta","Magnoliopsida","Fabales Bromhead","Fabaceae","Acacia"
"Acacia amythethophylla","","BSRP8","7F985","7F985","Acacia amythethophylla Steud. ex A.Rich.","Acacia amythethophylla","Steud. ex A.Rich.","synonym","Vachellia amythethophylla (Steud. ex A.Rich) Kyal. & Boatwr.","SPECIES:Vachellia amythethophylla (Steud. ex A.Rich) Kyal. & Boatwr.|GENUS:Vachellia|FAMILY:Fabaceae|ORDER:Fabales Bromhead|CLASS:Magnoliopsida|PHYLUM:Tracheophyta|SUBKINGDOM:Pteridobiotina Britton & Brown|KINGDOM:Plantae|DOMAIN:Eukaryota (Chatton, 1925) Whittaker & Margulis, 1978","Plantae","Tracheophyta","Magnoliopsida","Fabales Bromhead","Fabaceae","Vachellia"
"Acacia anaticeps","","BSJF2","BSJF2","BYZTL","Acacia anaticeps Tindale","Acacia anaticeps","Tindale","accepted","Acacia anaticeps Tindale","SECTION BOTANY:sect. Plurinerves|GENUS:Acacia|FAMILY:Fabaceae|ORDER:Fabales Bromhead|CLASS:Magnoliopsida|PHYLUM:Tracheophyta|SUBKINGDOM:Pteridobiotina Britton & Brown|KINGDOM:Plantae|DOMAIN:Eukaryota (Chatton, 1925) Whittaker & Margulis, 1978","Plantae","Tracheophyta","Magnoliopsida","Fabales Bromhead","Fabaceae","Acacia"
"Acacia ancistrocarpa","","BSJF5","BSJF5","BYZSL","Acacia ancistrocarpa Maiden & Blakely","Acacia ancistrocarpa","Maiden & Blakely","accepted","Acacia ancistrocarpa Maiden & Blakely","SECTION BOTANY:sect. Juliflorae|GENUS:Acacia|FAMILY:Fabaceae|ORDER:Fabales Bromhead|CLASS:Magnoliopsida|PHYLUM:Tracheophyta|SUBKINGDOM:Pteridobiotina Britton & Brown|KINGDOM:Plantae|DOMAIN:Eukaryota (Chatton, 1925) Whittaker & Margulis, 1978","Plantae","Tracheophyta","Magnoliopsida","Fabales Bromhead","Fabaceae","Acacia"
"Acacia ancistrophylla","","BSJF6","BSJF6","BYZTL","Acacia ancistrophylla C.R.P.Andrews","Acacia ancistrophylla","C.R.P.Andrews","accepted","Acacia ancistrophylla C.R.P.Andrews","SECTION BOTANY:sect. Plurinerves|GENUS:Acacia|FAMILY:Fabaceae|ORDER:Fabales Bromhead|CLASS:Magnoliopsida|PHYLUM:Tracheophyta|SUBKINGDOM:Pteridobiotina Britton & Brown|KINGDOM:Plantae|DOMAIN:Eukaryota (Chatton, 1925) Whittaker & Margulis, 1978","Plantae","Tracheophyta","Magnoliopsida","Fabales Bromhead","Fabaceae","Acacia"
"Acacia andrewsii","","BSGHG","BSGHG","9JGMY","Acacia andrewsii W.Fitzg.","Acacia andrewsii","W.Fitzg.","accepted","Acacia andrewsii W.Fitzg.","SECTION BOTANY:sect. Acacia|GENUS:Acacia|FAMILY:Fabaceae|ORDER:Fabales Bromhead|CLASS:Magnoliopsida|PHYLUM:Tracheophyta|SUBKINGDOM:Pteridobiotina Britton & Brown|KINGDOM:Plantae|DOMAIN:Eukaryota (Chatton, 1925) Whittaker & Margulis, 1978","Plantae","Tracheophyta","Magnoliopsida","Fabales Bromhead","Fabaceae","Acacia"
"Acacia aneura","","BSJF7","BSJF7","BYZSL","Acacia aneura F.Muell. ex Benth.","Acacia aneura","F.Muell. ex Benth.","accepted","Acacia aneura F.Muell. ex Benth.","SECTION BOTANY:sect. Juliflorae|GENUS:Acacia|FAMILY:Fabaceae|ORDER:Fabales Bromhead|CLASS:Magnoliopsida|PHYLUM:Tracheophyta|SUBKINGDOM:Pteridobiotina Britton & Brown|KINGDOM:Plantae|DOMAIN:Eukaryota (Chatton, 1925) Whittaker & Margulis, 1978","Plantae","Tracheophyta","Magnoliopsida","Fabales Bromhead","Fabaceae","Acacia"
"Acacia angustissima","","BSJFG","BSGS6","BSGS6","Acacia angustissima (Mill.) Kuntze","Acacia angustissima","(Mill.) Kuntze","synonym","Acaciella angustissima (Mill.) Britton & Rose","SPECIES:Acaciella angustissima (Mill.) Britton & Rose|GENUS:Acaciella|FAMILY:Fabaceae|ORDER:Fabales Bromhead|CLASS:Magnoliopsida|PHYLUM:Tracheophyta|SUBKINGDOM:Pteridobiotina Britton & Brown|KINGDOM:Plantae|DOMAIN:Eukaryota (Chatton, 1925) Whittaker & Margulis, 1978","Plantae","Tracheophyta","Magnoliopsida","Fabales Bromhead","Fabaceae","Acaciella"
"Acacia anisophylla","","BSRPD","BT8Z6","BT8Z6","Acacia anisophylla S.Watson","Acacia anisophylla","S.Watson","synonym","Senegalia anisophylla (S.Watson) Britton & Rose","SPECIES:Senegalia anisophylla (S.Watson) Britton & Rose|SECTION BOTANY:Monacanthea sect. Monacanthea pro parte|GENUS:Senegalia|FAMILY:Fabaceae|ORDER:Fabales Bromhead|CLASS:Magnoliopsida|PHYLUM:Tracheophyta|SUBKINGDOM:Pteridobiotina Britton & Brown|KINGDOM:Plantae|DOMAIN:Eukaryota (Chatton, 1925) Whittaker & Margulis, 1978","Plantae","Tracheophyta","Magnoliopsida","Fabales Bromhead","Fabaceae","Senegalia"
"Acacia aphylla","","BSGHK","BSGHK","BYZRT","Acacia aphylla Maslin","Acacia aphylla","Maslin","accepted","Acacia aphylla Maslin","SECTION BOTANY:sect. Alatae|GENUS:Acacia|FAMILY:Fabaceae|ORDER:Fabales Bromhead|CLASS:Magnoliopsida|PHYLUM:Tracheophyta|SUBKINGDOM:Pteridobiotina Britton & Brown|KINGDOM:Plantae|DOMAIN:Eukaryota (Chatton, 1925) Whittaker & Margulis, 1978","Plantae","Tracheophyta","Magnoliopsida","Fabales Bromhead","Fabaceae","Acacia"
"Acacia aprica","","BSJFM","BSJFM","BYZSL","Acacia aprica Maslin & A.R.Chapm.","Acacia aprica","Maslin & A.R.Chapm.","accepted","Acacia aprica Maslin & A.R.Chapm.","SECTION BOTANY:sect. Juliflorae|GENUS:Acacia|FAMILY:Fabaceae|ORDER:Fabales Bromhead|CLASS:Magnoliopsida|PHYLUM:Tracheophyta|SUBKINGDOM:Pteridobiotina Britton & Brown|KINGDOM:Plantae|DOMAIN:Eukaryota (Chatton, 1925) Whittaker & Margulis, 1978","Plantae","Tracheophyta","Magnoliopsida","Fabales Bromhead","Fabaceae","Acacia"
"Acacia araneosa","","BSJFR","BSJFR","9JGMY","Acacia araneosa Whibley","Acacia araneosa","Whibley","accepted","Acacia araneosa Whibley","SECTION BOTANY:sect. Acacia|GENUS:Acacia|FAMILY:Fabaceae|ORDER:Fabales Bromhead|CLASS:Magnoliopsida|PHYLUM:Tracheophyta|SUBKINGDOM:Pteridobiotina Britton & Brown|KINGDOM:Plantae|DOMAIN:Eukaryota (Chatton, 1925) Whittaker & Margulis, 1978","Plantae","Tracheophyta","Magnoliopsida","Fabales Bromhead","Fabaceae","Acacia"
"Acacia argyraea","","BSJG2","BSJG2","BYZSL","Acacia argyraea Tindale","Acacia argyraea","Tindale","accepted","Acacia argyraea Tindale","SECTION BOTANY:sect. Juliflorae|GENUS:Acacia|FAMILY:Fabaceae|ORDER:Fabales Bromhead|CLASS:Magnoliopsida|PHYLUM:Tracheophyta|SUBKINGDOM:Pteridobiotina Britton & Brown|KINGDOM:Plantae|DOMAIN:Eukaryota (Chatton, 1925) Whittaker & Margulis, 1978","Plantae","Tracheophyta","Magnoliopsida","Fabales Bromhead","Fabaceae","Acacia"
"Acacia argyrophylla","","BSJG3","BSJG3","9JGMY","Acacia argyrophylla Hook.","Acacia argyrophylla","Hook.","accepted","Acacia argyrophylla Hook.","SECTION BOTANY:sect. Acacia|GENUS:Acacia|FAMILY:Fabaceae|ORDER:Fabales Bromhead|CLASS:Magnoliopsida|PHYLUM:Tracheophyta|SUBKINGDOM:Pteridobiotina Britton & Brown|KINGDOM:Plantae|DOMAIN:Eukaryota (Chatton, 1925) Whittaker & Margulis, 1978","Plantae","Tracheophyta","Magnoliopsida","Fabales Bromhead","Fabaceae","Acacia"
"Acacia asak","","BSRPL","BT8Z9","BT8Z9","Acacia asak (Forssk.) Willd.","Acacia asak","(Forssk.) Willd.","synonym","Senegalia asak (Forssk.) Kyal. & Boatwr.","SPECIES:Senegalia asak (Forssk.) Kyal. & Boatwr.|SECTION BOTANY:sect. Senegalia|GENUS:Senegalia|FAMILY:Fabaceae|ORDER:Fabales Bromhead|CLASS:Magnoliopsida|PHYLUM:Tracheophyta|SUBKINGDOM:Pteridobiotina Britton & Brown|KINGDOM:Plantae|DOMAIN:Eukaryota (Chatton, 1925) Whittaker & Margulis, 1978","Plantae","Tracheophyta","Magnoliopsida","Fabales Bromhead","Fabaceae","Senegalia"
"Acacia ascendens","","BSJGD","BSJGD","BYZTL","Acacia ascendens Maslin","Acacia ascendens","Maslin","accepted","Acacia ascendens Maslin","SECTION BOTANY:sect. Plurinerves|GENUS:Acacia|FAMILY:Fabaceae|ORDER:Fabales Bromhead|CLASS:Magnoliopsida|PHYLUM:Tracheophyta|SUBKINGDOM:Pteridobiotina Britton & Brown|KINGDOM:Plantae|DOMAIN:Eukaryota (Chatton, 1925) Whittaker & Margulis, 1978","Plantae","Tracheophyta","Magnoliopsida","Fabales Bromhead","Fabaceae","Acacia"
"Acacia ashbyae","","BSJGG","BSJGG","9JGMY","Acacia ashbyae Maslin","Acacia ashbyae","Maslin","accepted","Acacia ashbyae Maslin","SECTION BOTANY:sect. Acacia|GENUS:Acacia|FAMILY:Fabaceae|ORDER:Fabales Bromhead|CLASS:Magnoliopsida|PHYLUM:Tracheophyta|SUBKINGDOM:Pteridobiotina Britton & Brown|KINGDOM:Plantae|DOMAIN:Eukaryota (Chatton, 1925) Whittaker & Margulis, 1978","Plantae","Tracheophyta","Magnoliopsida","Fabales Bromhead","Fabaceae","Acacia"
"Acacia asparagoides","","BSJGH","BSJGH","9JGMY","Acacia asparagoides A.Cunn.","Acacia asparagoides","A.Cunn.","accepted","Acacia asparagoides A.Cunn.","SECTION BOTANY:sect. Acacia|GENUS:Acacia|FAMILY:Fabaceae|ORDER:Fabales Bromhead|CLASS:Magnoliopsida|PHYLUM:Tracheophyta|SUBKINGDOM:Pteridobiotina Britton & Brown|KINGDOM:Plantae|DOMAIN:Eukaryota (Chatton, 1925) Whittaker & Margulis, 1978","Plantae","Tracheophyta","Magnoliopsida","Fabales Bromhead","Fabaceae","Acacia"
"Acacia asperulacea","","BSGHR","BSGHR","BYZSQ","Acacia asperulacea F.Muell.","Acacia asperulacea","F.Muell.","accepted","Acacia asperulacea F.Muell.","SECTION BOTANY:sect. Lycopodiifoliae|GENUS:Acacia|FAMILY:Fabaceae|ORDER:Fabales Bromhead|CLASS:Magnoliopsida|PHYLUM:Tracheophyta|SUBKINGDOM:Pteridobiotina Britton & Brown|KINGDOM:Plantae|DOMAIN:Eukaryota (Chatton, 1925) Whittaker & Margulis, 1978","Plantae","Tracheophyta","Magnoliopsida","Fabales Bromhead","Fabaceae","Acacia"
"Acacia assimilis","","BSJGJ","BSJGJ","BYZTL","Acacia assimilis S.Moore","Acacia assimilis","S.Moore","accepted","Acacia assimilis S.Moore","SECTION BOTANY:sect. Plurinerves|GENUS:Acacia|FAMILY:Fabaceae|ORDER:Fabales Bromhead|CLASS:Magnoliopsida|PHYLUM:Tracheophyta|SUBKINGDOM:Pteridobiotina Britton & Brown|KINGDOM:Plantae|DOMAIN:Eukaryota (Chatton, 1925) Whittaker & Margulis, 1978","Plantae","Tracheophyta","Magnoliopsida","Fabales Bromhead","Fabaceae","Acacia"
"Acacia ataxacantha","","9JPH4","BTFCC","BTFCC","Acacia ataxacantha sens. Micheli","Acacia ataxacantha","sens. Micheli","misapplied","Senegalia polyacantha subsp. campylacantha (Hochst. ex A.Rich.) Kyal. & Boatwr.","SUBSPECIES:Senegalia polyacantha subsp. campylacantha (Hochst. ex A.Rich.) Kyal. & Boatwr.|SPECIES:Senegalia polyacantha (Willd.) Seigler & Ebinger|SECTION BOTANY:sect. Senegalia|GENUS:Senegalia|FAMILY:Fabaceae|ORDER:Fabales Bromhead|CLASS:Magnoliopsida|PHYLUM:Tracheophyta|SUBKINGDOM:Pteridobiotina Britton & Brown|KINGDOM:Plantae|DOMAIN:Eukaryota (Chatton, 1925) Whittaker & Margulis, 1978","Plantae","Tracheophyta","Magnoliopsida","Fabales Bromhead","Fabaceae","Senegalia"
"Acacia attenuata","","8NTZ","8NTZ","9JGMY","Acacia attenuata Maiden & Blakely","Acacia attenuata","Maiden & Blakely","accepted","Acacia attenuata Maiden & Blakely","SECTION BOTANY:sect. Acacia|GENUS:Acacia|FAMILY:Fabaceae|ORDER:Fabales Bromhead|CLASS:Magnoliopsida|PHYLUM:Tracheophyta|SUBKINGDOM:Pteridobiotina Britton & Brown|KINGDOM:Plantae|DOMAIN:Eukaryota (Chatton, 1925) Whittaker & Margulis, 1978","Plantae","Tracheophyta","Magnoliopsida","Fabales Bromhead","Fabaceae","Acacia"
"Acacia aulacocarpa","","BSGHV","BSGHV","BYZSL","Acacia aulacocarpa A.Cunn. ex Benth.","Acacia aulacocarpa","A.Cunn. ex Benth.","accepted","Acacia aulacocarpa A.Cunn. ex Benth.","SECTION BOTANY:sect. Juliflorae|GENUS:Acacia|FAMILY:Fabaceae|ORDER:Fabales Bromhead|CLASS:Magnoliopsida|PHYLUM:Tracheophyta|SUBKINGDOM:Pteridobiotina Britton & Brown|KINGDOM:Plantae|DOMAIN:Eukaryota (Chatton, 1925) Whittaker & Margulis, 1978","Plantae","Tracheophyta","Magnoliopsida","Fabales Bromhead","Fabaceae","Acacia"
"Acacia aulacophylla","","BSJGP","BSJGP","BYZTL","Acacia aulacophylla R.S.Cowan & Maslin","Acacia aulacophylla","R.S.Cowan & Maslin","accepted","Acacia aulacophylla R.S.Cowan & Maslin","SECTION BOTANY:sect. Plurinerves|GENUS:Acacia|FAMILY:Fabaceae|ORDER:Fabales Bromhead|CLASS:Magnoliopsida|PHYLUM:Tracheophyta|SUBKINGDOM:Pteridobiotina Britton & Brown|KINGDOM:Plantae|DOMAIN:Eukaryota (Chatton, 1925) Whittaker & Margulis, 1978","Plantae","Tracheophyta","Magnoliopsida","Fabales Bromhead","Fabaceae","Acacia"
"Acacia auratiflora","","BSGHW","BSGHW","BYZTL","Acacia auratiflora R.S.Cowan & Maslin","Acacia auratiflora","R.S.Cowan & Maslin","accepted","Acacia auratiflora R.S.Cowan & Maslin","SECTION BOTANY:sect. Plurinerves|GENUS:Acacia|FAMILY:Fabaceae|ORDER:Fabales Bromhead|CLASS:Magnoliopsida|PHYLUM:Tracheophyta|SUBKINGDOM:Pteridobiotina Britton & Brown|KINGDOM:Plantae|DOMAIN:Eukaryota (Chatton, 1925) Whittaker & Margulis, 1978","Plantae","Tracheophyta","Magnoliopsida","Fabales Bromhead","Fabaceae","Acacia"
"Acacia auriculiformis","","BSG27","BSG27","BYZSL","Acacia auriculiformis A.Cunn. ex Benth.","Acacia auriculiformis","A.Cunn. ex Benth.","accepted","Acacia auriculiformis A.Cunn. ex Benth.","SECTION BOTANY:sect. Juliflorae|GENUS:Acacia|FAMILY:Fabaceae|ORDER:Fabales Bromhead|CLASS:Magnoliopsida|PHYLUM:Tracheophyta|SUBKINGDOM:Pteridobiotina Britton & Brown|KINGDOM:Plantae|DOMAIN:Eukaryota (Chatton, 1925) Whittaker & Margulis, 1978","Plantae","Tracheophyta","Magnoliopsida","Fabales Bromhead","Fabaceae","Acacia"
"Acacia ausfeldii","","BSJGV","BSJGV","9JGMY","Acacia ausfeldii Regel","Acacia ausfeldii","Regel","accepted","Acacia ausfeldii Regel","SECTION BOTANY:sect. Acacia|GENUS:Acacia|FAMILY:Fabaceae|ORDER:Fabales Bromhead|CLASS:Magnoliopsida|PHYLUM:Tracheophyta|SUBKINGDOM:Pteridobiotina Britton & Brown|KINGDOM:Plantae|DOMAIN:Eukaryota (Chatton, 1925) Whittaker & Margulis, 1978","Plantae","Tracheophyta","Magnoliopsida","Fabales Bromhead","Fabaceae","Acacia"
"Acacia baileyana","","BSGHZ","BSGHZ","BYZS4","Acacia baileyana F.Muell.","Acacia baileyana","F.Muell.","accepted","Acacia baileyana F.Muell.","SECTION BOTANY:sect. Botrycephalae|GENUS:Acacia|FAMILY:Fabaceae|ORDER:Fabales Bromhead|CLASS:Magnoliopsida|PHYLUM:Tracheophyta|SUBKINGDOM:Pteridobiotina Britton & Brown|KINGDOM:Plantae|DOMAIN:Eukaryota (Chatton, 1925) Whittaker & Margulis, 1978","Plantae","Tracheophyta","Magnoliopsida","Fabales Bromhead","Fabaceae","Acacia"
"Acacia baueri","","BSG9D","BSG9D","BYZSQ","Acacia baueri Benth.","Acacia baueri","Benth.","accepted","Acacia baueri Benth.","SECTION BOTANY:sect. Lycopodiifoliae|GENUS:Acacia|FAMILY:Fabaceae|ORDER:Fabales Bromhead|CLASS:Magnoliopsida|PHYLUM:Tracheophyta|SUBKINGDOM:Pteridobiotina Britton & Brown|KINGDOM:Plantae|DOMAIN:Eukaryota (Chatton, 1925) Whittaker & Margulis, 1978","Plantae","Tracheophyta","Magnoliopsida","Fabales Bromhead","Fabaceae","Acacia"
"Acacia baxteri","","BSGJ5","BSGJ5","9JGMY","Acacia baxteri Benth.","Acacia baxteri","Benth.","accepted","Acacia baxteri Benth.","SECTION BOTANY:sect. Acacia|GENUS:Acacia|FAMILY:Fabaceae|ORDER:Fabales Bromhead|CLASS:Magnoliopsida|PHYLUM:Tracheophyta|SUBKINGDOM:Pteridobiotina Britton & Brown|KINGDOM:Plantae|DOMAIN:Eukaryota (Chatton, 1925) Whittaker & Margulis, 1978","Plantae","Tracheophyta","Magnoliopsida","Fabales Bromhead","Fabaceae","Acacia"
"Acacia beauverdiana","","BSJHG","BSJHG","BYZSL","Acacia beauverdiana Ewart & Sharman","Acacia beauverdiana","Ewart & Sharman","accepted","Acacia beauverdiana Ewart & Sharman","SECTION BOTANY:sect. Juliflorae|GENUS:Acacia|FAMILY:Fabaceae|ORDER:Fabales Bromhead|CLASS:Magnoliopsida|PHYLUM:Tracheophyta|SUBKINGDOM:Pteridobiotina Britton & Brown|KINGDOM:Plantae|DOMAIN:Eukaryota (Chatton, 1925) Whittaker & Margulis, 1978","Plantae","Tracheophyta","Magnoliopsida","Fabales Bromhead","Fabaceae","Acacia"
"Acacia beckleri","","BSJHH","BSJHH","9JGMY","Acacia beckleri Tindale","Acacia beckleri","Tindale","accepted","Acacia beckleri Tindale","SECTION BOTANY:sect. Acacia|GENUS:Acacia|FAMILY:Fabaceae|ORDER:Fabales Bromhead|CLASS:Magnoliopsida|PHYLUM:Tracheophyta|SUBKINGDOM:Pteridobiotina Britton & Brown|KINGDOM:Plantae|DOMAIN:Eukaryota (Chatton, 1925) Whittaker & Margulis, 1978","Plantae","Tracheophyta","Magnoliopsida","Fabales Bromhead","Fabaceae","Acacia"
"Acacia bellula","","BSRPV","BTCC6","BTCC6","Acacia bellula Drake","Acacia bellula","Drake","synonym","Vachellia bellula (Drake) Boatwr.","SPECIES:Vachellia bellula (Drake) Boatwr.|GENUS:Vachellia|FAMILY:Fabaceae|ORDER:Fabales Bromhead|CLASS:Magnoliopsida|PHYLUM:Tracheophyta|SUBKINGDOM:Pteridobiotina Britton & Brown|KINGDOM:Plantae|DOMAIN:Eukaryota (Chatton, 1925) Whittaker & Margulis, 1978","Plantae","Tracheophyta","Magnoliopsida","Fabales Bromhead","Fabaceae","Vachellia"
"Acacia berlandieri","","BSJHJ","BSKSH","BSKSH","Acacia berlandieri Benth.","Acacia berlandieri","Benth.","synonym","Senegalia berlandieri (Benth.) Britton & Rose","SPECIES:Senegalia berlandieri (Benth.) Britton & Rose|SECTION BOTANY:Monacanthea sect. Monacanthea pro parte|GENUS:Senegalia|FAMILY:Fabaceae|ORDER:Fabales Bromhead|CLASS:Magnoliopsida|PHYLUM:Tracheophyta|SUBKINGDOM:Pteridobiotina Britton & Brown|KINGDOM:Plantae|DOMAIN:Eukaryota (Chatton, 1925) Whittaker & Margulis, 1978","Plantae","Tracheophyta","Magnoliopsida","Fabales Bromhead","Fabaceae","Senegalia"
"Acacia betchei","","BSJHL","BSJHL","9JGMY","Acacia betchei Maiden & Blakely","Acacia betchei","Maiden & Blakely","accepted","Acacia betchei Maiden & Blakely","SECTION BOTANY:sect. Acacia|GENUS:Acacia|FAMILY:Fabaceae|ORDER:Fabales Bromhead|CLASS:Magnoliopsida|PHYLUM:Tracheophyta|SUBKINGDOM:Pteridobiotina Britton & Brown|KINGDOM:Plantae|DOMAIN:Eukaryota (Chatton, 1925) Whittaker & Margulis, 1978","Plantae","Tracheophyta","Magnoliopsida","Fabales Bromhead","Fabaceae","Acacia"
"Acacia biaciculata","","BSRPW","BTCC7","BTCC7","Acacia biaciculata S.Watson","Acacia biaciculata","S.Watson","synonym","Vachellia biaciculata (S.Watson) Seigler & Ebinger","SPECIES:Vachellia biaciculata (S.Watson) Seigler & Ebinger|GENUS:Vachellia|FAMILY:Fabaceae|ORDER:Fabales Bromhead|CLASS:Magnoliopsida|PHYLUM:Tracheophyta|SUBKINGDOM:Pteridobiotina Britton & Brown|KINGDOM:Plantae|DOMAIN:Eukaryota (Chatton, 1925) Whittaker & Margulis, 1978","Plantae","Tracheophyta","Magnoliopsida","Fabales Bromhead","Fabaceae","Vachellia"
"Acacia bidentata","","BSJHM","BSJHM","9JGMY","Acacia bidentata Benth.","Acacia bidentata","Benth.","accepted","Acacia bidentata Benth.","SECTION BOTANY:sect. Acacia|GENUS:Acacia|FAMILY:Fabaceae|ORDER:Fabales Bromhead|CLASS:Magnoliopsida|PHYLUM:Tracheophyta|SUBKINGDOM:Pteridobiotina Britton & Brown|KINGDOM:Plantae|DOMAIN:Eukaryota (Chatton, 1925) Whittaker & Margulis, 1978","Plantae","Tracheophyta","Magnoliopsida","Fabales Bromhead","Fabaceae","Acacia"
"Acacia biflora","","BSJHQ","BSJHQ","9JGMY","Acacia biflora R.Br.","Acacia biflora","R.Br.","accepted","Acacia biflora R.Br.","SECTION BOTANY:sect. Acacia|GENUS:Acacia|FAMILY:Fabaceae|ORDER:Fabales Bromhead|CLASS:Magnoliopsida|PHYLUM:Tracheophyta|SUBKINGDOM:Pteridobiotina Britton & Brown|KINGDOM:Plantae|DOMAIN:Eukaryota (Chatton, 1925) Whittaker & Margulis, 1978","Plantae","Tracheophyta","Magnoliopsida","Fabales Bromhead","Fabaceae","Acacia"
"Acacia bilimekii","","BSRPX","BTCC8","BTCC8","Acacia bilimekii J.F.Macbr.","Acacia bilimekii","J.F.Macbr.","synonym","Vachellia bilimekii (J.F.Macbr.) Seigler & Ebinger","SPECIES:Vachellia bilimekii (J.F.Macbr.) Seigler & Ebinger|GENUS:Vachellia|FAMILY:Fabaceae|ORDER:Fabales Bromhead|CLASS:Magnoliopsida|PHYLUM:Tracheophyta|SUBKINGDOM:Pteridobiotina Britton & Brown|KINGDOM:Plantae|DOMAIN:Eukaryota (Chatton, 1925) Whittaker & Margulis, 1978","Plantae","Tracheophyta","Magnoliopsida","Fabales Bromhead","Fabaceae","Vachellia"
"Acacia binervata","","BSJHT","BSJHT","9JGMY","Acacia binervata DC.","Acacia binervata","DC.","accepted","Acacia binervata DC.","SECTION BOTANY:sect. Acacia|GENUS:Acacia|FAMILY:Fabaceae|ORDER:Fabales Bromhead|CLASS:Magnoliopsida|PHYLUM:Tracheophyta|SUBKINGDOM:Pteridobiotina Britton & Brown|KINGDOM:Plantae|DOMAIN:Eukaryota (Chatton, 1925) Whittaker & Margulis, 1978","Plantae","Tracheophyta","Magnoliopsida","Fabales Bromhead","Fabaceae","Acacia"
"Acacia binervia","","BSJHW","BSJHW","BYZSL","Acacia binervia (J.C.Wendl.) J.F.Macbr.","Acacia binervia","(J.C.Wendl.) J.F.Macbr.","accepted","Acacia binervia (J.C.Wendl.) J.F.Macbr.","SECTION BOTANY:sect. Juliflorae|GENUS:Acacia|FAMILY:Fabaceae|ORDER:Fabales Bromhead|CLASS:Magnoliopsida|PHYLUM:Tracheophyta|SUBKINGDOM:Pteridobiotina Britton & Brown|KINGDOM:Plantae|DOMAIN:Eukaryota (Chatton, 1925) Whittaker & Margulis, 1978","Plantae","Tracheophyta","Magnoliopsida","Fabales Bromhead","Fabaceae","Acacia"
"Acacia bivenosa","","BSGJ8","BSGJ8","9JGMY","Acacia bivenosa DC.","Acacia bivenosa","DC.","accepted","Acacia bivenosa DC.","SECTION BOTANY:sect. Acacia|GENUS:Acacia|FAMILY:Fabaceae|ORDER:Fabales Bromhead|CLASS:Magnoliopsida|PHYLUM:Tracheophyta|SUBKINGDOM:Pteridobiotina Britton & Brown|KINGDOM:Plantae|DOMAIN:Eukaryota (Chatton, 1925) Whittaker & Margulis, 1978","Plantae","Tracheophyta","Magnoliopsida","Fabales Bromhead","Fabaceae","Acacia"
"Acacia blakelyi","","BSGJB","BSGJB","9JGMY","Acacia blakelyi Maiden","Acacia blakelyi","Maiden","accepted","Acacia blakelyi Maiden","SECTION BOTANY:sect. Acacia|GENUS:Acacia|FAMILY:Fabaceae|ORDER:Fabales Bromhead|CLASS:Magnoliopsida|PHYLUM:Tracheophyta|SUBKINGDOM:Pteridobiotina Britton & Brown|KINGDOM:Plantae|DOMAIN:Eukaryota (Chatton, 1925) Whittaker & Margulis, 1978","Plantae","Tracheophyta","Magnoliopsida","Fabales Bromhead","Fabaceae","Acacia"
"Acacia boliviana","","BSJJ3","BSGS6","BSGS6","Acacia boliviana Rusby","Acacia boliviana","Rusby","synonym","Acaciella angustissima (Mill.) Britton & Rose","SPECIES:Acaciella angustissima (Mill.) Britton & Rose|GENUS:Acaciella|FAMILY:Fabaceae|ORDER:Fabales Bromhead|CLASS:Magnoliopsida|PHYLUM:Tracheophyta|SUBKINGDOM:Pteridobiotina Britton & Brown|KINGDOM:Plantae|DOMAIN:Eukaryota (Chatton, 1925) Whittaker & Margulis, 1978","Plantae","Tracheophyta","Magnoliopsida","Fabales Bromhead","Fabaceae","Acaciella"
"Acacia bonariensis","","BSRPZ","BT8ZC","BT8ZC","Acacia bonariensis Gillies ex Hook. & Arn.","Acacia bonariensis","Gillies ex Hook. & Arn.","synonym","Senegalia bonariensis (Gillies ex Hook. & Arn.) Seigler & Ebinger","SPECIES:Senegalia bonariensis (Gillies ex Hook. & Arn.) Seigler & Ebinger|SECTION BOTANY:Monacanthea sect. Monacanthea pro parte|GENUS:Senegalia|FAMILY:Fabaceae|ORDER:Fabales Bromhead|CLASS:Magnoliopsida|PHYLUM:Tracheophyta|SUBKINGDOM:Pteridobiotina Britton & Brown|KINGDOM:Plantae|DOMAIN:Eukaryota (Chatton, 1925) Whittaker & Margulis, 1978","Plantae","Tracheophyta","Magnoliopsida","Fabales Bromhead","Fabaceae","Senegalia"
"Acacia boormanii","","BSJJ5","BSJJ5","9JGMY","Acacia boormanii Maiden","Acacia boormanii","Maiden","accepted","Acacia boormanii Maiden","SECTION BOTANY:sect. Acacia|GENUS:Acacia|FAMILY:Fabaceae|ORDER:Fabales Bromhead|CLASS:Magnoliopsida|PHYLUM:Tracheophyta|SUBKINGDOM:Pteridobiotina Britton & Brown|KINGDOM:Plantae|DOMAIN:Eukaryota (Chatton, 1925) Whittaker & Margulis, 1978","Plantae","Tracheophyta","Magnoliopsida","Fabales Bromhead","Fabaceae","Acacia"
"Acacia brachybotrya","","BSJJ8","BSJJ8","9JGMY","Acacia brachybotrya Benth.","Acacia brachybotrya","Benth.","accepted","Acacia brachybotrya Benth.","SECTION BOTANY:sect. Acacia|GENUS:Acacia|FAMILY:Fabaceae|ORDER:Fabales Bromhead|CLASS:Magnoliopsida|PHYLUM:Tracheophyta|SUBKINGDOM:Pteridobiotina Britton & Brown|KINGDOM:Plantae|DOMAIN:Eukaryota (Chatton, 1925) Whittaker & Margulis, 1978","Plantae","Tracheophyta","Magnoliopsida","Fabales Bromhead","Fabaceae","Acacia"
"Acacia brachystachya","","BSJJF","BSJJF","BYZSL","Acacia brachystachya Benth.","Acacia brachystachya","Benth.","accepted","Acacia brachystachya Benth.","SECTION BOTANY:sect. Juliflorae|GENUS:Acacia|FAMILY:Fabaceae|ORDER:Fabales Bromhead|CLASS:Magnoliopsida|PHYLUM:Tracheophyta|SUBKINGDOM:Pteridobiotina Britton & Brown|KINGDOM:Plantae|DOMAIN:Eukaryota (Chatton, 1925) Whittaker & Margulis, 1978","Plantae","Tracheophyta","Magnoliopsida","Fabales Bromhead","Fabaceae","Acacia"
"Acacia brandegeana","","8NWF","7F97M","7F97M","Acacia brandegeana I.M.Johnst.","Acacia brandegeana","I.M.Johnst.","synonym","Vachellia brandegeana (I. M. Johnst.) Seigler & Ebinger","SPECIES:Vachellia brandegeana (I. M. Johnst.) Seigler & Ebinger|GENUS:Vachellia|FAMILY:Fabaceae|ORDER:Fabales Bromhead|CLASS:Magnoliopsida|PHYLUM:Tracheophyta|SUBKINGDOM:Pteridobiotina Britton & Brown|KINGDOM:Plantae|DOMAIN:Eukaryota (Chatton, 1925) Whittaker & Margulis, 1978","Plantae","Tracheophyta","Magnoliopsida","Fabales Bromhead","Fabaceae","Vachellia"
"Acacia brassii","","BSJJH","BSJJH","BYZSL","Acacia brassii Pedley","Acacia brassii","Pedley","accepted","Acacia brassii Pedley","SECTION BOTANY:sect. Juliflorae|GENUS:Acacia|FAMILY:Fabaceae|ORDER:Fabales Bromhead|CLASS:Magnoliopsida|PHYLUM:Tracheophyta|SUBKINGDOM:Pteridobiotina Britton & Brown|KINGDOM:Plantae|DOMAIN:Eukaryota (Chatton, 1925) Whittaker & Margulis, 1978","Plantae","Tracheophyta","Magnoliopsida","Fabales Bromhead","Fabaceae","Acacia"
"Acacia brevispica","","BSRQ5","BSG35","BSG35","Acacia brevispica Harms","Acacia brevispica","Harms","synonym","Senegalia brevispica (Harms) Seigler & Ebinger","SPECIES:Senegalia brevispica (Harms) Seigler & Ebinger|SECTION BOTANY:Monacanthea sect. Monacanthea pro parte|GENUS:Senegalia|FAMILY:Fabaceae|ORDER:Fabales Bromhead|CLASS:Magnoliopsida|PHYLUM:Tracheophyta|SUBKINGDOM:Pteridobiotina Britton & Brown|KINGDOM:Plantae|DOMAIN:Eukaryota (Chatton, 1925) Whittaker & Margulis, 1978","Plantae","Tracheophyta","Magnoliopsida","Fabales Bromhead","Fabaceae","Senegalia"
"Acacia browniana","","BSJJQ","BSJJQ","BYZTM","Acacia browniana H.L.Wendl.","Acacia browniana","H.L.Wendl.","accepted","Acacia browniana H.L.Wendl.","SECTION BOTANY:sect. Pulchellae|GENUS:Acacia|FAMILY:Fabaceae|ORDER:Fabales Bromhead|CLASS:Magnoliopsida|PHYLUM:Tracheophyta|SUBKINGDOM:Pteridobiotina Britton & Brown|KINGDOM:Plantae|DOMAIN:Eukaryota (Chatton, 1925) Whittaker & Margulis, 1978","Plantae","Tracheophyta","Magnoliopsida","Fabales Bromhead","Fabaceae","Acacia"
"Acacia brownii","","BSJJP","BSJJP","9JGMY","Acacia brownii (Poir.) Steud.","Acacia brownii","(Poir.) Steud.","accepted","Acacia brownii (Poir.) Steud.","SECTION BOTANY:sect. Acacia|GENUS:Acacia|FAMILY:Fabaceae|ORDER:Fabales Bromhead|CLASS:Magnoliopsida|PHYLUM:Tracheophyta|SUBKINGDOM:Pteridobiotina Britton & Brown|KINGDOM:Plantae|DOMAIN:Eukaryota (Chatton, 1925) Whittaker & Margulis, 1978","Plantae","Tracheophyta","Magnoliopsida","Fabales Bromhead","Fabaceae","Acacia"
"Acacia brumalis","","BSJJR","BSJJR","9JGMY","Acacia brumalis Maslin","Acacia brumalis","Maslin","accepted","Acacia brumalis Maslin","SECTION BOTANY:sect. Acacia|GENUS:Acacia|FAMILY:Fabaceae|ORDER:Fabales Bromhead|CLASS:Magnoliopsida|PHYLUM:Tracheophyta|SUBKINGDOM:Pteridobiotina Britton & Brown|KINGDOM:Plantae|DOMAIN:Eukaryota (Chatton, 1925) Whittaker & Margulis, 1978","Plantae","Tracheophyta","Magnoliopsida","Fabales Bromhead","Fabaceae","Acacia"
"Acacia brunioides","","BSJJS","BSJJS","9JGMY","Acacia brunioides A.Cunn. ex G.Don","Acacia brunioides","A.Cunn. ex G.Don","accepted","Acacia brunioides A.Cunn. ex G.Don","SECTION BOTANY:sect. Acacia|GENUS:Acacia|FAMILY:Fabaceae|ORDER:Fabales Bromhead|CLASS:Magnoliopsida|PHYLUM:Tracheophyta|SUBKINGDOM:Pteridobiotina Britton & Brown|KINGDOM:Plantae|DOMAIN:Eukaryota (Chatton, 1925) Whittaker & Margulis, 1978","Plantae","Tracheophyta","Magnoliopsida","Fabales Bromhead","Fabaceae","Acacia"
"Acacia bulgaensis","","BSGJD","BSGJD","BYZSL","Acacia bulgaensis Tindale & S.J.Davies","Acacia bulgaensis","Tindale & S.J.Davies","accepted","Acacia bulgaensis Tindale & S.J.Davies","SECTION BOTANY:sect. Juliflorae|GENUS:Acacia|FAMILY:Fabaceae|ORDER:Fabales Bromhead|CLASS:Magnoliopsida|PHYLUM:Tracheophyta|SUBKINGDOM:Pteridobiotina Britton & Brown|KINGDOM:Plantae|DOMAIN:Eukaryota (Chatton, 1925) Whittaker & Margulis, 1978","Plantae","Tracheophyta","Magnoliopsida","Fabales Bromhead","Fabaceae","Acacia"
"Acacia burkei","","BSRQ9","BSKSJ","BSKSJ","Acacia burkei Benth.","Acacia burkei","Benth.","synonym","Senegalia burkei (Benth.) Kyal. & Boatwr.","SPECIES:Senegalia burkei (Benth.) Kyal. & Boatwr.|SECTION BOTANY:sect. Senegalia|GENUS:Senegalia|FAMILY:Fabaceae|ORDER:Fabales Bromhead|CLASS:Magnoliopsida|PHYLUM:Tracheophyta|SUBKINGDOM:Pteridobiotina Britton & Brown|KINGDOM:Plantae|DOMAIN:Eukaryota (Chatton, 1925) Whittaker & Margulis, 1978","Plantae","Tracheophyta","Magnoliopsida","Fabales Bromhead","Fabaceae","Senegalia"
"Acacia burrowii","","BSJJX","BSJJX","BYZSL","Acacia burrowii Maiden","Acacia burrowii","Maiden","accepted","Acacia burrowii Maiden","SECTION BOTANY:sect. Juliflorae|GENUS:Acacia|FAMILY:Fabaceae|ORDER:Fabales Bromhead|CLASS:Magnoliopsida|PHYLUM:Tracheophyta|SUBKINGDOM:Pteridobiotina Britton & Brown|KINGDOM:Plantae|DOMAIN:Eukaryota (Chatton, 1925) Whittaker & Margulis, 1978","Plantae","Tracheophyta","Magnoliopsida","Fabales Bromhead","Fabaceae","Acacia"
"Acacia buxifolia","","BSJJZ","BSJJZ","9JGMY","Acacia buxifolia A.Cunn.","Acacia buxifolia","A.Cunn.","accepted","Acacia buxifolia A.Cunn.","SECTION BOTANY:sect. Acacia|GENUS:Acacia|FAMILY:Fabaceae|ORDER:Fabales Bromhead|CLASS:Magnoliopsida|PHYLUM:Tracheophyta|SUBKINGDOM:Pteridobiotina Britton & Brown|KINGDOM:Plantae|DOMAIN:Eukaryota (Chatton, 1925) Whittaker & Margulis, 1978","Plantae","Tracheophyta","Magnoliopsida","Fabales Bromhead","Fabaceae","Acacia"
"Acacia bynoeana","","BSJK2","BSJK2","BYZTL","Acacia bynoeana Benth.","Acacia bynoeana","Benth.","accepted","Acacia bynoeana Benth.","SECTION BOTANY:sect. Plurinerves|GENUS:Acacia|FAMILY:Fabaceae|ORDER:Fabales Bromhead|CLASS:Magnoliopsida|PHYLUM:Tracheophyta|SUBKINGDOM:Pteridobiotina Britton & Brown|KINGDOM:Plantae|DOMAIN:Eukaryota (Chatton, 1925) Whittaker & Margulis, 1978","Plantae","Tracheophyta","Magnoliopsida","Fabales Bromhead","Fabaceae","Acacia"
"Acacia caerulescens","","BSJK3","BSJK3","9JGMY","Acacia caerulescens Maslin & Court","Acacia caerulescens","Maslin & Court","accepted","Acacia caerulescens Maslin & Court","SECTION BOTANY:sect. Acacia|GENUS:Acacia|FAMILY:Fabaceae|ORDER:Fabales Bromhead|CLASS:Magnoliopsida|PHYLUM:Tracheophyta|SUBKINGDOM:Pteridobiotina Britton & Brown|KINGDOM:Plantae|DOMAIN:Eukaryota (Chatton, 1925) Whittaker & Margulis, 1978","Plantae","Tracheophyta","Magnoliopsida","Fabales Bromhead","Fabaceae","Acacia"
"Acacia caesia","","9JPJ4","BT94H","BT94H","Acacia caesia sens. Wight & Arn.","Acacia caesia","sens. Wight & Arn.","misapplied","Senegalia torta (Roxb.) Maslin, Seigler & Ebinger","SPECIES:Senegalia torta (Roxb.) Maslin, Seigler & Ebinger|SECTION BOTANY:Monacanthea sect. Monacanthea pro parte|GENUS:Senegalia|FAMILY:Fabaceae|ORDER:Fabales Bromhead|CLASS:Magnoliopsida|PHYLUM:Tracheophyta|SUBKINGDOM:Pteridobiotina Britton & Brown|KINGDOM:Plantae|DOMAIN:Eukaryota (Chatton, 1925) Whittaker & Margulis, 1978","Plantae","Tracheophyta","Magnoliopsida","Fabales Bromhead","Fabaceae","Senegalia"
"Acacia caesiella","","BSJK7","BSJK7","9JGMY","Acacia caesiella Maiden & Blakely","Acacia caesiella","Maiden & Blakely","accepted","Acacia caesiella Maiden & Blakely","SECTION BOTANY:sect. Acacia|GENUS:Acacia|FAMILY:Fabaceae|ORDER:Fabales Bromhead|CLASS:Magnoliopsida|PHYLUM:Tracheophyta|SUBKINGDOM:Pteridobiotina Britton & Brown|KINGDOM:Plantae|DOMAIN:Eukaryota (Chatton, 1925) Whittaker & Margulis, 1978","Plantae","Tracheophyta","Magnoliopsida","Fabales Bromhead","Fabaceae","Acacia"
"Acacia caffra","","BSRQD","BT8ZF","BT8ZF","Acacia caffra (Thunb.) Willd.","Acacia caffra","(Thunb.) Willd.","synonym","Senegalia caffra (Thunb.) P.J.H.Hurter & Mabb.","SPECIES:Senegalia caffra (Thunb.) P.J.H.Hurter & Mabb.|SECTION BOTANY:sect. Senegalia|GENUS:Senegalia|FAMILY:Fabaceae|ORDER:Fabales Bromhead|CLASS:Magnoliopsida|PHYLUM:Tracheophyta|SUBKINGDOM:Pteridobiotina Britton & Brown|KINGDOM:Plantae|DOMAIN:Eukaryota (Chatton, 1925) Whittaker & Margulis, 1978","Plantae","Tracheophyta","Magnoliopsida","Fabales Bromhead","Fabaceae","Senegalia"
"Acacia calamifolia","","BSJK8","BSJK8","9JGMY","Acacia calamifolia Sweet ex Lindl.","Acacia calamifolia","Sweet ex Lindl.","accepted","Acacia calamifolia Sweet ex Lindl.","SECTION BOTANY:sect. Acacia|GENUS:Acacia|FAMILY:Fabaceae|ORDER:Fabales Bromhead|CLASS:Magnoliopsida|PHYLUM:Tracheophyta|SUBKINGDOM:Pteridobiotina Britton & Brown|KINGDOM:Plantae|DOMAIN:Eukaryota (Chatton, 1925) Whittaker & Margulis, 1978","Plantae","Tracheophyta","Magnoliopsida","Fabales Bromhead","Fabaceae","Acacia"
"Acacia calcarata","","BSJKC","BSJKC","9JGMY","Acacia calcarata Maiden & Blakely","Acacia calcarata","Maiden & Blakely","accepted","Acacia calcarata Maiden & Blakely","SECTION BOTANY:sect. Acacia|GENUS:Acacia|FAMILY:Fabaceae|ORDER:Fabales Bromhead|CLASS:Magnoliopsida|PHYLUM:Tracheophyta|SUBKINGDOM:Pteridobiotina Britton & Brown|KINGDOM:Plantae|DOMAIN:Eukaryota (Chatton, 1925) Whittaker & Margulis, 1978","Plantae","Tracheophyta","Magnoliopsida","Fabales Bromhead","Fabaceae","Acacia"
"Acacia calcicola","","BSGJH","BSGJH","BYZTL","Acacia calcicola Forde & Ising","Acacia calcicola","Forde & Ising","accepted","Acacia calcicola Forde & Ising","SECTION BOTANY:sect. Plurinerves|GENUS:Acacia|FAMILY:Fabaceae|ORDER:Fabales Bromhead|CLASS:Magnoliopsida|PHYLUM:Tracheophyta|SUBKINGDOM:Pteridobiotina Britton & Brown|KINGDOM:Plantae|DOMAIN:Eukaryota (Chatton, 1925) Whittaker & Margulis, 1978","Plantae","Tracheophyta","Magnoliopsida","Fabales Bromhead","Fabaceae","Acacia"
"Acacia calyculata","","BSJKG","BSJKG","BYZSL","Acacia calyculata A.Cunn. ex Benth.","Acacia calyculata","A.Cunn. ex Benth.","accepted","Acacia calyculata A.Cunn. ex Benth.","SECTION BOTANY:sect. Juliflorae|GENUS:Acacia|FAMILY:Fabaceae|ORDER:Fabales Bromhead|CLASS:Magnoliopsida|PHYLUM:Tracheophyta|SUBKINGDOM:Pteridobiotina Britton & Brown|KINGDOM:Plantae|DOMAIN:Eukaryota (Chatton, 1925) Whittaker & Margulis, 1978","Plantae","Tracheophyta","Magnoliopsida","Fabales Bromhead","Fabaceae","Acacia"
"Acacia cambagei","","BSJKH","BSJKH","BYZTL","Acacia cambagei R.T.Baker","Acacia cambagei","R.T.Baker","accepted","Acacia cambagei R.T.Baker","SECTION BOTANY:sect. Plurinerves|GENUS:Acacia|FAMILY:Fabaceae|ORDER:Fabales Bromhead|CLASS:Magnoliopsida|PHYLUM:Tracheophyta|SUBKINGDOM:Pteridobiotina Britton & Brown|KINGDOM:Plantae|DOMAIN:Eukaryota (Chatton, 1925) Whittaker & Margulis, 1978","Plantae","Tracheophyta","Magnoliopsida","Fabales Bromhead","Fabaceae","Acacia"
"Acacia cana","","BSJKL","BSJKL","BYZTL","Acacia cana Maiden","Acacia cana","Maiden","accepted","Acacia cana Maiden","SECTION BOTANY:sect. Plurinerves|GENUS:Acacia|FAMILY:Fabaceae|ORDER:Fabales Bromhead|CLASS:Magnoliopsida|PHYLUM:Tracheophyta|SUBKINGDOM:Pteridobiotina Britton & Brown|KINGDOM:Plantae|DOMAIN:Eukaryota (Chatton, 1925) Whittaker & Margulis, 1978","Plantae","Tracheophyta","Magnoliopsida","Fabales Bromhead","Fabaceae","Acacia"
"Acacia cangaiensis","","BSJKN","BSJKN","BYZS4","Acacia cangaiensis Tindale & Kodela","Acacia cangaiensis","Tindale & Kodela","accepted","Acacia cangaiensis Tindale & Kodela","SECTION BOTANY:sect. Botrycephalae|GENUS:Acacia|FAMILY:Fabaceae|ORDER:Fabales Bromhead|CLASS:Magnoliopsida|PHYLUM:Tracheophyta|SUBKINGDOM:Pteridobiotina Britton & Brown|KINGDOM:Plantae|DOMAIN:Eukaryota (Chatton, 1925) Whittaker & Margulis, 1978","Plantae","Tracheophyta","Magnoliopsida","Fabales Bromhead","Fabaceae","Acacia"
"Acacia cardiophylla","","BSJKS","BSJKS","BYZS4","Acacia cardiophylla A.Cunn. ex Benth.","Acacia cardiophylla","A.Cunn. ex Benth.","accepted","Acacia cardiophylla A.Cunn. ex Benth.","SECTION BOTANY:sect. Botrycephalae|GENUS:Acacia|FAMILY:Fabaceae|ORDER:Fabales Bromhead|CLASS:Magnoliopsida|PHYLUM:Tracheophyta|SUBKINGDOM:Pteridobiotina Britton & Brown|KINGDOM:Plantae|DOMAIN:Eukaryota (Chatton, 1925) Whittaker & Margulis, 1978","Plantae","Tracheophyta","Magnoliopsida","Fabales Bromhead","Fabaceae","Acacia"
"Acacia carnosula","","BSGJL","BSGJL","9JGMY","Acacia carnosula Maslin","Acacia carnosula","Maslin","accepted","Acacia carnosula Maslin","SECTION BOTANY:sect. Acacia|GENUS:Acacia|FAMILY:Fabaceae|ORDER:Fabales Bromhead|CLASS:Magnoliopsida|PHYLUM:Tracheophyta|SUBKINGDOM:Pteridobiotina Britton & Brown|KINGDOM:Plantae|DOMAIN:Eukaryota (Chatton, 1925) Whittaker & Margulis, 1978","Plantae","Tracheophyta","Magnoliopsida","Fabales Bromhead","Fabaceae","Acacia"
"Acacia caroleae","","BSJKV","BSJKV","BYZSL","Acacia caroleae Pedley","Acacia caroleae","Pedley","accepted","Acacia caroleae Pedley","SECTION BOTANY:sect. Juliflorae|GENUS:Acacia|FAMILY:Fabaceae|ORDER:Fabales Bromhead|CLASS:Magnoliopsida|PHYLUM:Tracheophyta|SUBKINGDOM:Pteridobiotina Britton & Brown|KINGDOM:Plantae|DOMAIN:Eukaryota (Chatton, 1925) Whittaker & Margulis, 1978","Plantae","Tracheophyta","Magnoliopsida","Fabales Bromhead","Fabaceae","Acacia"
"Acacia catechu","","9JPJL","BTFCC","BTFCC","Acacia catechu sens. Schweinf.","Acacia catechu","sens. Schweinf.","misapplied","Senegalia polyacantha subsp. campylacantha (Hochst. ex A.Rich.) Kyal. & Boatwr.","SUBSPECIES:Senegalia polyacantha subsp. campylacantha (Hochst. ex A.Rich.) Kyal. & Boatwr.|SPECIES:Senegalia polyacantha (Willd.) Seigler & Ebinger|SECTION BOTANY:sect. Senegalia|GENUS:Senegalia|FAMILY:Fabaceae|ORDER:Fabales Bromhead|CLASS:Magnoliopsida|PHYLUM:Tracheophyta|SUBKINGDOM:Pteridobiotina Britton & Brown|KINGDOM:Plantae|DOMAIN:Eukaryota (Chatton, 1925) Whittaker & Margulis, 1978","Plantae","Tracheophyta","Magnoliopsida","Fabales Bromhead","Fabaceae","Senegalia"
"Acacia catenulata","","BSGJM","BSGJM","BYZSL","Acacia catenulata C.T.White","Acacia catenulata","C.T.White","accepted","Acacia catenulata C.T.White","SECTION BOTANY:sect. Juliflorae|GENUS:Acacia|FAMILY:Fabaceae|ORDER:Fabales Bromhead|CLASS:Magnoliopsida|PHYLUM:Tracheophyta|SUBKINGDOM:Pteridobiotina Britton & Brown|KINGDOM:Plantae|DOMAIN:Eukaryota (Chatton, 1925) Whittaker & Margulis, 1978","Plantae","Tracheophyta","Magnoliopsida","Fabales Bromhead","Fabaceae","Acacia"
"Acacia cavealis","","BSGJN","BSGJN","BYZTL","Acacia cavealis R.S.Cowan & Maslin","Acacia cavealis","R.S.Cowan & Maslin","accepted","Acacia cavealis R.S.Cowan & Maslin","SECTION BOTANY:sect. Plurinerves|GENUS:Acacia|FAMILY:Fabaceae|ORDER:Fabales Bromhead|CLASS:Magnoliopsida|PHYLUM:Tracheophyta|SUBKINGDOM:Pteridobiotina Britton & Brown|KINGDOM:Plantae|DOMAIN:Eukaryota (Chatton, 1925) Whittaker & Margulis, 1978","Plantae","Tracheophyta","Magnoliopsida","Fabales Bromhead","Fabaceae","Acacia"
"Acacia caven","","BSRQQ","BTCCK","BTCCK","Acacia caven (Molina) Molina","Acacia caven","(Molina) Molina","synonym","Vachellia caven (Molina) Seigler & Ebinger","SPECIES:Vachellia caven (Molina) Seigler & Ebinger|GENUS:Vachellia|FAMILY:Fabaceae|ORDER:Fabales Bromhead|CLASS:Magnoliopsida|PHYLUM:Tracheophyta|SUBKINGDOM:Pteridobiotina Britton & Brown|KINGDOM:Plantae|DOMAIN:Eukaryota (Chatton, 1925) Whittaker & Margulis, 1978","Plantae","Tracheophyta","Magnoliopsida","Fabales Bromhead","Fabaceae","Vachellia"
"Acacia centralis","","BSRQS","BT4JQ","BT4JQ","Acacia centralis (Britton & Rose) Lundell","Acacia centralis","(Britton & Rose) Lundell","synonym","Mariosousa centralis (Britton & Rose) Seigler & Ebinger","SPECIES:Mariosousa centralis (Britton & Rose) Seigler & Ebinger|GENUS:Mariosousa|FAMILY:Fabaceae|ORDER:Fabales Bromhead|CLASS:Magnoliopsida|PHYLUM:Tracheophyta|SUBKINGDOM:Pteridobiotina Britton & Brown|KINGDOM:Plantae|DOMAIN:Eukaryota (Chatton, 1925) Whittaker & Margulis, 1978","Plantae","Tracheophyta","Magnoliopsida","Fabales Bromhead","Fabaceae","Mariosousa"
"Acacia chamaeleon","","BSJL6","BSJL6","9JGMY","Acacia chamaeleon Maslin","Acacia chamaeleon","Maslin","accepted","Acacia chamaeleon Maslin","SECTION BOTANY:sect. Acacia|GENUS:Acacia|FAMILY:Fabaceae|ORDER:Fabales Bromhead|CLASS:Magnoliopsida|PHYLUM:Tracheophyta|SUBKINGDOM:Pteridobiotina Britton & Brown|KINGDOM:Plantae|DOMAIN:Eukaryota (Chatton, 1925) Whittaker & Margulis, 1978","Plantae","Tracheophyta","Magnoliopsida","Fabales Bromhead","Fabaceae","Acacia"
"Acacia chartacea","","BSGJS","BSGJS","9JGMY","Acacia chartacea Maslin","Acacia chartacea","Maslin","accepted","Acacia chartacea Maslin","SECTION BOTANY:sect. Acacia|GENUS:Acacia|FAMILY:Fabaceae|ORDER:Fabales Bromhead|CLASS:Magnoliopsida|PHYLUM:Tracheophyta|SUBKINGDOM:Pteridobiotina Britton & Brown|KINGDOM:Plantae|DOMAIN:Eukaryota (Chatton, 1925) Whittaker & Margulis, 1978","Plantae","Tracheophyta","Magnoliopsida","Fabales Bromhead","Fabaceae","Acacia"
"Acacia cheelii","","BSJL8","BSJL8","BYZSL","Acacia cheelii Blakely","Acacia cheelii","Blakely","accepted","Acacia cheelii Blakely","SECTION BOTANY:sect. Juliflorae|GENUS:Acacia|FAMILY:Fabaceae|ORDER:Fabales Bromhead|CLASS:Magnoliopsida|PHYLUM:Tracheophyta|SUBKINGDOM:Pteridobiotina Britton & Brown|KINGDOM:Plantae|DOMAIN:Eukaryota (Chatton, 1925) Whittaker & Margulis, 1978","Plantae","Tracheophyta","Magnoliopsida","Fabales Bromhead","Fabaceae","Acacia"
"Acacia chiapensis","","BSHH4","BTCCM","BTCCM","Acacia chiapensis Saff.","Acacia chiapensis","Saff.","synonym","Vachellia chiapensis (Saff.) Seigler & Ebinger","SPECIES:Vachellia chiapensis (Saff.) Seigler & Ebinger|GENUS:Vachellia|FAMILY:Fabaceae|ORDER:Fabales Bromhead|CLASS:Magnoliopsida|PHYLUM:Tracheophyta|SUBKINGDOM:Pteridobiotina Britton & Brown|KINGDOM:Plantae|DOMAIN:Eukaryota (Chatton, 1925) Whittaker & Margulis, 1978","Plantae","Tracheophyta","Magnoliopsida","Fabales Bromhead","Fabaceae","Vachellia"
"Acacia chippendalei","","BSJL9","BSJL9","BYZSQ","Acacia chippendalei Pedley","Acacia chippendalei","Pedley","accepted","Acacia chippendalei Pedley","SECTION BOTANY:sect. Lycopodiifoliae|GENUS:Acacia|FAMILY:Fabaceae|ORDER:Fabales Bromhead|CLASS:Magnoliopsida|PHYLUM:Tracheophyta|SUBKINGDOM:Pteridobiotina Britton & Brown|KINGDOM:Plantae|DOMAIN:Eukaryota (Chatton, 1925) Whittaker & Margulis, 1978","Plantae","Tracheophyta","Magnoliopsida","Fabales Bromhead","Fabaceae","Acacia"
"Acacia chisholmii","","BSJLB","BSJLB","BYZSL","Acacia chisholmii F.M.Bailey","Acacia chisholmii","F.M.Bailey","accepted","Acacia chisholmii F.M.Bailey","SECTION BOTANY:sect. Juliflorae|GENUS:Acacia|FAMILY:Fabaceae|ORDER:Fabales Bromhead|CLASS:Magnoliopsida|PHYLUM:Tracheophyta|SUBKINGDOM:Pteridobiotina Britton & Brown|KINGDOM:Plantae|DOMAIN:Eukaryota (Chatton, 1925) Whittaker & Margulis, 1978","Plantae","Tracheophyta","Magnoliopsida","Fabales Bromhead","Fabaceae","Acacia"
"Acacia chrysocephala","","BSGJV","BSGJV","9JGMY","Acacia chrysocephala Maslin","Acacia chrysocephala","Maslin","accepted","Acacia chrysocephala Maslin","SECTION BOTANY:sect. Acacia|GENUS:Acacia|FAMILY:Fabaceae|ORDER:Fabales Bromhead|CLASS:Magnoliopsida|PHYLUM:Tracheophyta|SUBKINGDOM:Pteridobiotina Britton & Brown|KINGDOM:Plantae|DOMAIN:Eukaryota (Chatton, 1925) Whittaker & Margulis, 1978","Plantae","Tracheophyta","Magnoliopsida","Fabales Bromhead","Fabaceae","Acacia"
"Acacia chrysochaeta","","BSJLH","BSJLH","BYZSL","Acacia chrysochaeta Maslin","Acacia chrysochaeta","Maslin","accepted","Acacia chrysochaeta Maslin","SECTION BOTANY:sect. Juliflorae|GENUS:Acacia|FAMILY:Fabaceae|ORDER:Fabales Bromhead|CLASS:Magnoliopsida|PHYLUM:Tracheophyta|SUBKINGDOM:Pteridobiotina Britton & Brown|KINGDOM:Plantae|DOMAIN:Eukaryota (Chatton, 1925) Whittaker & Margulis, 1978","Plantae","Tracheophyta","Magnoliopsida","Fabales Bromhead","Fabaceae","Acacia"
"Acacia chrysopoda","","BSJLJ","BSJLJ","BYZTL","Acacia chrysopoda Maiden & Blakely","Acacia chrysopoda","Maiden & Blakely","accepted","Acacia chrysopoda Maiden & Blakely","SECTION BOTANY:sect. Plurinerves|GENUS:Acacia|FAMILY:Fabaceae|ORDER:Fabales Bromhead|CLASS:Magnoliopsida|PHYLUM:Tracheophyta|SUBKINGDOM:Pteridobiotina Britton & Brown|KINGDOM:Plantae|DOMAIN:Eukaryota (Chatton, 1925) Whittaker & Margulis, 1978","Plantae","Tracheophyta","Magnoliopsida","Fabales Bromhead","Fabaceae","Acacia"
"Acacia citrinoviridis","","BSJLT","BSJLT","BYZSL","Acacia citrinoviridis Tindale & Maslin","Acacia citrinoviridis","Tindale & Maslin","accepted","Acacia citrinoviridis Tindale & Maslin","SECTION BOTANY:sect. Juliflorae|GENUS:Acacia|FAMILY:Fabaceae|ORDER:Fabales Bromhead|CLASS:Magnoliopsida|PHYLUM:Tracheophyta|SUBKINGDOM:Pteridobiotina Britton & Brown|KINGDOM:Plantae|DOMAIN:Eukaryota (Chatton, 1925) Whittaker & Margulis, 1978","Plantae","Tracheophyta","Magnoliopsida","Fabales Bromhead","Fabaceae","Acacia"
"Acacia cochlearis","","BSJMC","BSJMC","BYZTL","Acacia cochlearis (Labill.) H.L.Wendl.","Acacia cochlearis","(Labill.) H.L.Wendl.","accepted","Acacia cochlearis (Labill.) H.L.Wendl.","SECTION BOTANY:sect. Plurinerves|GENUS:Acacia|FAMILY:Fabaceae|ORDER:Fabales Bromhead|CLASS:Magnoliopsida|PHYLUM:Tracheophyta|SUBKINGDOM:Pteridobiotina Britton & Brown|KINGDOM:Plantae|DOMAIN:Eukaryota (Chatton, 1925) Whittaker & Margulis, 1978","Plantae","Tracheophyta","Magnoliopsida","Fabales Bromhead","Fabaceae","Acacia"
"Acacia cochliacantha","","BSRR4","BTHD2","BTHD2","Acacia cochliacantha Humb. & Bonpl. ex Willd.","Acacia cochliacantha","Humb. & Bonpl. ex Willd.","synonym","Vachellia campeachiana (Mill.) Seigler & Ebinger","SPECIES:Vachellia campeachiana (Mill.) Seigler & Ebinger|GENUS:Vachellia|FAMILY:Fabaceae|ORDER:Fabales Bromhead|CLASS:Magnoliopsida|PHYLUM:Tracheophyta|SUBKINGDOM:Pteridobiotina Britton & Brown|KINGDOM:Plantae|DOMAIN:Eukaryota (Chatton, 1925) Whittaker & Margulis, 1978","Plantae","Tracheophyta","Magnoliopsida","Fabales Bromhead","Fabaceae","Vachellia"
"Acacia cochlocarpa","","BSGJW","BSGJW","BYZSL","Acacia cochlocarpa Meisn.","Acacia cochlocarpa","Meisn.","accepted","Acacia cochlocarpa Meisn.","SECTION BOTANY:sect. Juliflorae|GENUS:Acacia|FAMILY:Fabaceae|ORDER:Fabales Bromhead|CLASS:Magnoliopsida|PHYLUM:Tracheophyta|SUBKINGDOM:Pteridobiotina Britton & Brown|KINGDOM:Plantae|DOMAIN:Eukaryota (Chatton, 1925) Whittaker & Margulis, 1978","Plantae","Tracheophyta","Magnoliopsida","Fabales Bromhead","Fabaceae","Acacia"
"Acacia cognata","","BSGJX","BSGJX","BYZTL","Acacia cognata Domin","Acacia cognata","Domin","accepted","Acacia cognata Domin","SECTION BOTANY:sect. Plurinerves|GENUS:Acacia|FAMILY:Fabaceae|ORDER:Fabales Bromhead|CLASS:Magnoliopsida|PHYLUM:Tracheophyta|SUBKINGDOM:Pteridobiotina Britton & Brown|KINGDOM:Plantae|DOMAIN:Eukaryota (Chatton, 1925) Whittaker & Margulis, 1978","Plantae","Tracheophyta","Magnoliopsida","Fabales Bromhead","Fabaceae","Acacia"
"Acacia colletioides","","8NZY","8NZY","BYZTL","Acacia colletioides Benth.","Acacia colletioides","Benth.","accepted","Acacia colletioides Benth.","SECTION BOTANY:sect. Plurinerves|GENUS:Acacia|FAMILY:Fabaceae|ORDER:Fabales Bromhead|CLASS:Magnoliopsida|PHYLUM:Tracheophyta|SUBKINGDOM:Pteridobiotina Britton & Brown|KINGDOM:Plantae|DOMAIN:Eukaryota (Chatton, 1925) Whittaker & Margulis, 1978","Plantae","Tracheophyta","Magnoliopsida","Fabales Bromhead","Fabaceae","Acacia"
"Acacia collinsii","","BSHH5","BSKWB","BSKWB","Acacia collinsii Saff.","Acacia collinsii","Saff.","synonym","Vachellia collinsii (Saff.) Seigler & Ebinger","SPECIES:Vachellia collinsii (Saff.) Seigler & Ebinger|GENUS:Vachellia|FAMILY:Fabaceae|ORDER:Fabales Bromhead|CLASS:Magnoliopsida|PHYLUM:Tracheophyta|SUBKINGDOM:Pteridobiotina Britton & Brown|KINGDOM:Plantae|DOMAIN:Eukaryota (Chatton, 1925) Whittaker & Margulis, 1978","Plantae","Tracheophyta","Magnoliopsida","Fabales Bromhead","Fabaceae","Vachellia"
"Acacia comans","","BSJMJ","BSJMJ","BYZTL","Acacia comans W.Fitzg.","Acacia comans","W.Fitzg.","accepted","Acacia comans W.Fitzg.","SECTION BOTANY:sect. Plurinerves|GENUS:Acacia|FAMILY:Fabaceae|ORDER:Fabales Bromhead|CLASS:Magnoliopsida|PHYLUM:Tracheophyta|SUBKINGDOM:Pteridobiotina Britton & Brown|KINGDOM:Plantae|DOMAIN:Eukaryota (Chatton, 1925) Whittaker & Margulis, 1978","Plantae","Tracheophyta","Magnoliopsida","Fabales Bromhead","Fabaceae","Acacia"
"Acacia compacta","","BSRR6","BSHTF","BSHTF","Acacia compacta Rose","Acacia compacta","Rose","synonym","Mariosousa compacta (Rose) Seigler & Ebinger","SPECIES:Mariosousa compacta (Rose) Seigler & Ebinger|GENUS:Mariosousa|FAMILY:Fabaceae|ORDER:Fabales Bromhead|CLASS:Magnoliopsida|PHYLUM:Tracheophyta|SUBKINGDOM:Pteridobiotina Britton & Brown|KINGDOM:Plantae|DOMAIN:Eukaryota (Chatton, 1925) Whittaker & Margulis, 1978","Plantae","Tracheophyta","Magnoliopsida","Fabales Bromhead","Fabaceae","Mariosousa"
"Acacia complanata","","BSJML","BSJML","BYZTL","Acacia complanata A.Cunn. ex Benth.","Acacia complanata","A.Cunn. ex Benth.","accepted","Acacia complanata A.Cunn. ex Benth.","SECTION BOTANY:sect. Plurinerves|GENUS:Acacia|FAMILY:Fabaceae|ORDER:Fabales Bromhead|CLASS:Magnoliopsida|PHYLUM:Tracheophyta|SUBKINGDOM:Pteridobiotina Britton & Brown|KINGDOM:Plantae|DOMAIN:Eukaryota (Chatton, 1925) Whittaker & Margulis, 1978","Plantae","Tracheophyta","Magnoliopsida","Fabales Bromhead","Fabaceae","Acacia"
"Acacia concinna","","8P28","BSPYN","BSPYN","Acacia concinna (Willd.) DC.","Acacia concinna","(Willd.) DC.","ambiguous synonym","Senegalia rugata (Lam.) Britton & Rose","SPECIES:Senegalia rugata (Lam.) Britton & Rose|SECTION BOTANY:Monacanthea sect. Monacanthea pro parte|GENUS:Senegalia|FAMILY:Fabaceae|ORDER:Fabales Bromhead|CLASS:Magnoliopsida|PHYLUM:Tracheophyta|SUBKINGDOM:Pteridobiotina Britton & Brown|KINGDOM:Plantae|DOMAIN:Eukaryota (Chatton, 1925) Whittaker & Margulis, 1978","Plantae","Tracheophyta","Magnoliopsida","Fabales Bromhead","Fabaceae","Senegalia"
"Acacia concurrens","","BSGK2","BSGK2","BYZSL","Acacia concurrens Pedley","Acacia concurrens","Pedley","accepted","Acacia concurrens Pedley","SECTION BOTANY:sect. Juliflorae|GENUS:Acacia|FAMILY:Fabaceae|ORDER:Fabales Bromhead|CLASS:Magnoliopsida|PHYLUM:Tracheophyta|SUBKINGDOM:Pteridobiotina Britton & Brown|KINGDOM:Plantae|DOMAIN:Eukaryota (Chatton, 1925) Whittaker & Margulis, 1978","Plantae","Tracheophyta","Magnoliopsida","Fabales Bromhead","Fabaceae","Acacia"
"Acacia conferta","","BSJMQ","BSJMQ","9JGMY","Acacia conferta A.Cunn. ex Benth.","Acacia conferta","A.Cunn. ex Benth.","accepted","Acacia conferta A.Cunn. ex Benth.","SECTION BOTANY:sect. Acacia|GENUS:Acacia|FAMILY:Fabaceae|ORDER:Fabales Bromhead|CLASS:Magnoliopsida|PHYLUM:Tracheophyta|SUBKINGDOM:Pteridobiotina Britton & Brown|KINGDOM:Plantae|DOMAIN:Eukaryota (Chatton, 1925) Whittaker & Margulis, 1978","Plantae","Tracheophyta","Magnoliopsida","Fabales Bromhead","Fabaceae","Acacia"
"Acacia confluens","","BSGK3","BSGK3","9JGMY","Acacia confluens Maiden & Blakely","Acacia confluens","Maiden & Blakely","accepted","Acacia confluens Maiden & Blakely","SECTION BOTANY:sect. Acacia|GENUS:Acacia|FAMILY:Fabaceae|ORDER:Fabales Bromhead|CLASS:Magnoliopsida|PHYLUM:Tracheophyta|SUBKINGDOM:Pteridobiotina Britton & Brown|KINGDOM:Plantae|DOMAIN:Eukaryota (Chatton, 1925) Whittaker & Margulis, 1978","Plantae","Tracheophyta","Magnoliopsida","Fabales Bromhead","Fabaceae","Acacia"
"Acacia confusa","","BSGK4","BSGK4","BYZTL","Acacia confusa Merr.","Acacia confusa","Merr.","accepted","Acacia confusa Merr.","SECTION BOTANY:sect. Plurinerves|GENUS:Acacia|FAMILY:Fabaceae|ORDER:Fabales Bromhead|CLASS:Magnoliopsida|PHYLUM:Tracheophyta|SUBKINGDOM:Pteridobiotina Britton & Brown|KINGDOM:Plantae|DOMAIN:Eukaryota (Chatton, 1925) Whittaker & Margulis, 1978","Plantae","Tracheophyta","Magnoliopsida","Fabales Bromhead","Fabaceae","Acacia"
"Acacia consanguinea","","BSJMT","BSJMT","BYZTL","Acacia consanguinea R.S.Cowan & Maslin","Acacia consanguinea","R.S.Cowan & Maslin","accepted","Acacia consanguinea R.S.Cowan & Maslin","SECTION BOTANY:sect. Plurinerves|GENUS:Acacia|FAMILY:Fabaceae|ORDER:Fabales Bromhead|CLASS:Magnoliopsida|PHYLUM:Tracheophyta|SUBKINGDOM:Pteridobiotina Britton & Brown|KINGDOM:Plantae|DOMAIN:Eukaryota (Chatton, 1925) Whittaker & Margulis, 1978","Plantae","Tracheophyta","Magnoliopsida","Fabales Bromhead","Fabaceae","Acacia"
"Acacia consobrina","","BSGK6","BSGK6","BYZTL","Acacia consobrina R.S.Cowan & Maslin","Acacia consobrina","R.S.Cowan & Maslin","accepted","Acacia consobrina R.S.Cowan & Maslin","SECTION BOTANY:sect. Plurinerves|GENUS:Acacia|FAMILY:Fabaceae|ORDER:Fabales Bromhead|CLASS:Magnoliopsida|PHYLUM:Tracheophyta|SUBKINGDOM:Pteridobiotina Britton & Brown|KINGDOM:Plantae|DOMAIN:Eukaryota (Chatton, 1925) Whittaker & Margulis, 1978","Plantae","Tracheophyta","Magnoliopsida","Fabales Bromhead","Fabaceae","Acacia"
"Acacia constablei","","BSGK7","BSGK7","BYZS4","Acacia constablei Tindale","Acacia constablei","Tindale","accepted","Acacia constablei Tindale","SECTION BOTANY:sect. Botrycephalae|GENUS:Acacia|FAMILY:Fabaceae|ORDER:Fabales Bromhead|CLASS:Magnoliopsida|PHYLUM:Tracheophyta|SUBKINGDOM:Pteridobiotina Britton & Brown|KINGDOM:Plantae|DOMAIN:Eukaryota (Chatton, 1925) Whittaker & Margulis, 1978","Plantae","Tracheophyta","Magnoliopsida","Fabales Bromhead","Fabaceae","Acacia"
"Acacia continua","","BSGK8","BSGK8","BYZRT","Acacia continua Benth.","Acacia continua","Benth.","accepted","Acacia continua Benth.","SECTION BOTANY:sect. Alatae|GENUS:Acacia|FAMILY:Fabaceae|ORDER:Fabales Bromhead|CLASS:Magnoliopsida|PHYLUM:Tracheophyta|SUBKINGDOM:Pteridobiotina Britton & Brown|KINGDOM:Plantae|DOMAIN:Eukaryota (Chatton, 1925) Whittaker & Margulis, 1978","Plantae","Tracheophyta","Magnoliopsida","Fabales Bromhead","Fabaceae","Acacia"
"Acacia cookii","","BSHH6","BTCCP","BTCCP","Acacia cookii Saff.","Acacia cookii","Saff.","synonym","Vachellia cookii (Saff.) Seigler & Ebinger","SPECIES:Vachellia cookii (Saff.) Seigler & Ebinger|GENUS:Vachellia|FAMILY:Fabaceae|ORDER:Fabales Bromhead|CLASS:Magnoliopsida|PHYLUM:Tracheophyta|SUBKINGDOM:Pteridobiotina Britton & Brown|KINGDOM:Plantae|DOMAIN:Eukaryota (Chatton, 1925) Whittaker & Margulis, 1978","Plantae","Tracheophyta","Magnoliopsida","Fabales Bromhead","Fabaceae","Vachellia"
"Acacia coolgardiensis","","BSJMX","BSJMX","BYZSL","Acacia coolgardiensis Maiden","Acacia coolgardiensis","Maiden","accepted","Acacia coolgardiensis Maiden","SECTION BOTANY:sect. Juliflorae|GENUS:Acacia|FAMILY:Fabaceae|ORDER:Fabales Bromhead|CLASS:Magnoliopsida|PHYLUM:Tracheophyta|SUBKINGDOM:Pteridobiotina Britton & Brown|KINGDOM:Plantae|DOMAIN:Eukaryota (Chatton, 1925) Whittaker & Margulis, 1978","Plantae","Tracheophyta","Magnoliopsida","Fabales Bromhead","Fabaceae","Acacia"
"Acacia coriacea","","BSJN3","BSJN3","BYZTL","Acacia coriacea DC.","Acacia coriacea","DC.","accepted","Acacia coriacea DC.","SECTION BOTANY:sect. Plurinerves|GENUS:Acacia|FAMILY:Fabaceae|ORDER:Fabales Bromhead|CLASS:Magnoliopsida|PHYLUM:Tracheophyta|SUBKINGDOM:Pteridobiotina Britton & Brown|KINGDOM:Plantae|DOMAIN:Eukaryota (Chatton, 1925) Whittaker & Margulis, 1978","Plantae","Tracheophyta","Magnoliopsida","Fabales Bromhead","Fabaceae","Acacia"
"Acacia cornigera","","BSHH7","BSKWD","BSKWD","Acacia cornigera (L.) Willd.","Acacia cornigera","(L.) Willd.","synonym","Vachellia cornigera (L.) Seigler & Ebinger","SPECIES:Vachellia cornigera (L.) Seigler & Ebinger|GENUS:Vachellia|FAMILY:Fabaceae|ORDER:Fabales Bromhead|CLASS:Magnoliopsida|PHYLUM:Tracheophyta|SUBKINGDOM:Pteridobiotina Britton & Brown|KINGDOM:Plantae|DOMAIN:Eukaryota (Chatton, 1925) Whittaker & Margulis, 1978","Plantae","Tracheophyta","Magnoliopsida","Fabales Bromhead","Fabaceae","Vachellia"
"Acacia coulteri","","BSRR9","BT4JR","BT4JR","Acacia coulteri Benth.","Acacia coulteri","Benth.","synonym","Mariosousa coulteri (Benth.) Seigler & Ebinger","SPECIES:Mariosousa coulteri (Benth.) Seigler & Ebinger|GENUS:Mariosousa|FAMILY:Fabaceae|ORDER:Fabales Bromhead|CLASS:Magnoliopsida|PHYLUM:Tracheophyta|SUBKINGDOM:Pteridobiotina Britton & Brown|KINGDOM:Plantae|DOMAIN:Eukaryota (Chatton, 1925) Whittaker & Margulis, 1978","Plantae","Tracheophyta","Magnoliopsida","Fabales Bromhead","Fabaceae","Mariosousa"
"Acacia courtii","","BSJN9","BSJN9","BYZSL","Acacia courtii Tindale & Hersc.","Acacia courtii","Tindale & Hersc.","accepted","Acacia courtii Tindale & Hersc.","SECTION BOTANY:sect. Juliflorae|GENUS:Acacia|FAMILY:Fabaceae|ORDER:Fabales Bromhead|CLASS:Magnoliopsida|PHYLUM:Tracheophyta|SUBKINGDOM:Pteridobiotina Britton & Brown|KINGDOM:Plantae|DOMAIN:Eukaryota (Chatton, 1925) Whittaker & Margulis, 1978","Plantae","Tracheophyta","Magnoliopsida","Fabales Bromhead","Fabaceae","Acacia"
"Acacia covenyi","","BSGK9","BSGK9","9JGMY","Acacia covenyi Tindale","Acacia covenyi","Tindale","accepted","Acacia covenyi Tindale","SECTION BOTANY:sect. Acacia|GENUS:Acacia|FAMILY:Fabaceae|ORDER:Fabales Bromhead|CLASS:Magnoliopsida|PHYLUM:Tracheophyta|SUBKINGDOM:Pteridobiotina Britton & Brown|KINGDOM:Plantae|DOMAIN:Eukaryota (Chatton, 1925) Whittaker & Margulis, 1978","Plantae","Tracheophyta","Magnoliopsida","Fabales Bromhead","Fabaceae","Acacia"
"Acacia cracentis","","BSJND","BSJND","BYZSL","Acacia cracentis R.S.Cowan & Maslin","Acacia cracentis","R.S.Cowan & Maslin","accepted","Acacia cracentis R.S.Cowan & Maslin","SECTION BOTANY:sect. Juliflorae|GENUS:Acacia|FAMILY:Fabaceae|ORDER:Fabales Bromhead|CLASS:Magnoliopsida|PHYLUM:Tracheophyta|SUBKINGDOM:Pteridobiotina Britton & Brown|KINGDOM:Plantae|DOMAIN:Eukaryota (Chatton, 1925) Whittaker & Margulis, 1978","Plantae","Tracheophyta","Magnoliopsida","Fabales Bromhead","Fabaceae","Acacia"
"Acacia craspedocarpa","","BSGKB","BSGKB","BYZSL","Acacia craspedocarpa F.Muell.","Acacia craspedocarpa","F.Muell.","accepted","Acacia craspedocarpa F.Muell.","SECTION BOTANY:sect. Juliflorae|GENUS:Acacia|FAMILY:Fabaceae|ORDER:Fabales Bromhead|CLASS:Magnoliopsida|PHYLUM:Tracheophyta|SUBKINGDOM:Pteridobiotina Britton & Brown|KINGDOM:Plantae|DOMAIN:Eukaryota (Chatton, 1925) Whittaker & Margulis, 1978","Plantae","Tracheophyta","Magnoliopsida","Fabales Bromhead","Fabaceae","Acacia"
"Acacia crassa","","BSJNF","BSJNF","BYZSL","Acacia crassa Pedley","Acacia crassa","Pedley","accepted","Acacia crassa Pedley","SECTION BOTANY:sect. Juliflorae|GENUS:Acacia|FAMILY:Fabaceae|ORDER:Fabales Bromhead|CLASS:Magnoliopsida|PHYLUM:Tracheophyta|SUBKINGDOM:Pteridobiotina Britton & Brown|KINGDOM:Plantae|DOMAIN:Eukaryota (Chatton, 1925) Whittaker & Margulis, 1978","Plantae","Tracheophyta","Magnoliopsida","Fabales Bromhead","Fabaceae","Acacia"
"Acacia crassicarpa","","BSJNG","BSJNG","BYZSL","Acacia crassicarpa A.Cunn. ex Benth.","Acacia crassicarpa","A.Cunn. ex Benth.","accepted","Acacia crassicarpa A.Cunn. ex Benth.","SECTION BOTANY:sect. Juliflorae|GENUS:Acacia|FAMILY:Fabaceae|ORDER:Fabales Bromhead|CLASS:Magnoliopsida|PHYLUM:Tracheophyta|SUBKINGDOM:Pteridobiotina Britton & Brown|KINGDOM:Plantae|DOMAIN:Eukaryota (Chatton, 1925) Whittaker & Margulis, 1978","Plantae","Tracheophyta","Magnoliopsida","Fabales Bromhead","Fabaceae","Acacia"
"Acacia crassifolia","","BSRRC","BT8ZP","BT8ZP","Acacia crassifolia A.Gray","Acacia crassifolia","A.Gray","synonym","Senegalia crassifolia (A.Gray) Britton & Rose","SPECIES:Senegalia crassifolia (A.Gray) Britton & Rose|SECTION BOTANY:Monacanthea sect. Monacanthea pro parte|GENUS:Senegalia|FAMILY:Fabaceae|ORDER:Fabales Bromhead|CLASS:Magnoliopsida|PHYLUM:Tracheophyta|SUBKINGDOM:Pteridobiotina Britton & Brown|KINGDOM:Plantae|DOMAIN:Eukaryota (Chatton, 1925) Whittaker & Margulis, 1978","Plantae","Tracheophyta","Magnoliopsida","Fabales Bromhead","Fabaceae","Senegalia"
"Acacia cremiflora","","BSJNK","BSJNK","9JGMY","Acacia cremiflora B.J.Conn & Tame","Acacia cremiflora","B.J.Conn & Tame","accepted","Acacia cremiflora B.J.Conn & Tame","SECTION BOTANY:sect. Acacia|GENUS:Acacia|FAMILY:Fabaceae|ORDER:Fabales Bromhead|CLASS:Magnoliopsida|PHYLUM:Tracheophyta|SUBKINGDOM:Pteridobiotina Britton & Brown|KINGDOM:Plantae|DOMAIN:Eukaryota (Chatton, 1925) Whittaker & Margulis, 1978","Plantae","Tracheophyta","Magnoliopsida","Fabales Bromhead","Fabaceae","Acacia"
"Acacia crinita","","BSRRD","BTFJV","BTFJV","Acacia crinita Brandegee","Acacia crinita","Brandegee","synonym","Acaciella tequilana var. crinita (Brandegee) L.Rico","VARIETY:Acaciella tequilana var. crinita (Brandegee) L.Rico|SPECIES:Acaciella tequilana (S.Watson) Britton & Rose|GENUS:Acaciella|FAMILY:Fabaceae|ORDER:Fabales Bromhead|CLASS:Magnoliopsida|PHYLUM:Tracheophyta|SUBKINGDOM:Pteridobiotina Britton & Brown|KINGDOM:Plantae|DOMAIN:Eukaryota (Chatton, 1925) Whittaker & Margulis, 1978","Plantae","Tracheophyta","Magnoliopsida","Fabales Bromhead","Fabaceae","Acaciella"
"Acacia cultriformis","","BSJNS","BSJNS","9JGMY","Acacia cultriformis A.Cunn. ex G.Don","Acacia cultriformis","A.Cunn. ex G.Don","accepted","Acacia cultriformis A.Cunn. ex G.Don","SECTION BOTANY:sect. Acacia|GENUS:Acacia|FAMILY:Fabaceae|ORDER:Fabales Bromhead|CLASS:Magnoliopsida|PHYLUM:Tracheophyta|SUBKINGDOM:Pteridobiotina Britton & Brown|KINGDOM:Plantae|DOMAIN:Eukaryota (Chatton, 1925) Whittaker & Margulis, 1978","Plantae","Tracheophyta","Magnoliopsida","Fabales Bromhead","Fabaceae","Acacia"
"Acacia cupularis","","BSGKG","BSGKG","9JGMY","Acacia cupularis Domin","Acacia cupularis","Domin","accepted","Acacia cupularis Domin","SECTION BOTANY:sect. Acacia|GENUS:Acacia|FAMILY:Fabaceae|ORDER:Fabales Bromhead|CLASS:Magnoliopsida|PHYLUM:Tracheophyta|SUBKINGDOM:Pteridobiotina Britton & Brown|KINGDOM:Plantae|DOMAIN:Eukaryota (Chatton, 1925) Whittaker & Margulis, 1978","Plantae","Tracheophyta","Magnoliopsida","Fabales Bromhead","Fabaceae","Acacia"
"Acacia curranii","","BSGKH","BSGKH","BYZSL","Acacia curranii Maiden","Acacia curranii","Maiden","accepted","Acacia curranii Maiden","SECTION BOTANY:sect. Juliflorae|GENUS:Acacia|FAMILY:Fabaceae|ORDER:Fabales Bromhead|CLASS:Magnoliopsida|PHYLUM:Tracheophyta|SUBKINGDOM:Pteridobiotina Britton & Brown|KINGDOM:Plantae|DOMAIN:Eukaryota (Chatton, 1925) Whittaker & Margulis, 1978","Plantae","Tracheophyta","Magnoliopsida","Fabales Bromhead","Fabaceae","Acacia"
"Acacia curvinervia","","BSJP6","BSQPK","BSQPK","Acacia curvinervia Maiden","Acacia curvinervia","Maiden","synonym","Acacia julifera subsp. curvinervia (Maiden) Pedley","SUBSPECIES:Acacia julifera subsp. curvinervia (Maiden) Pedley|SPECIES:Acacia julifera Benth.|SECTION BOTANY:sect. Juliflorae|GENUS:Acacia|FAMILY:Fabaceae|ORDER:Fabales Bromhead|CLASS:Magnoliopsida|PHYLUM:Tracheophyta|SUBKINGDOM:Pteridobiotina Britton & Brown|KINGDOM:Plantae|DOMAIN:Eukaryota (Chatton, 1925) Whittaker & Margulis, 1978","Plantae","Tracheophyta","Magnoliopsida","Fabales Bromhead","Fabaceae","Acacia"
"Acacia cuspidifolia","","BSGKJ","BSGKJ","9JGMY","Acacia cuspidifolia Maslin","Acacia cuspidifolia","Maslin","accepted","Acacia cuspidifolia Maslin","SECTION BOTANY:sect. Acacia|GENUS:Acacia|FAMILY:Fabaceae|ORDER:Fabales Bromhead|CLASS:Magnoliopsida|PHYLUM:Tracheophyta|SUBKINGDOM:Pteridobiotina Britton & Brown|KINGDOM:Plantae|DOMAIN:Eukaryota (Chatton, 1925) Whittaker & Margulis, 1978","Plantae","Tracheophyta","Magnoliopsida","Fabales Bromhead","Fabaceae","Acacia"
"Acacia cuthbertsonii","","BSGKK","BSGKK","BYZSL","Acacia cuthbertsonii Luehm.","Acacia cuthbertsonii","Luehm.","accepted","Acacia cuthbertsonii Luehm.","SECTION BOTANY:sect. Juliflorae|GENUS:Acacia|FAMILY:Fabaceae|ORDER:Fabales Bromhead|CLASS:Magnoliopsida|PHYLUM:Tracheophyta|SUBKINGDOM:Pteridobiotina Britton & Brown|KINGDOM:Plantae|DOMAIN:Eukaryota (Chatton, 1925) Whittaker & Margulis, 1978","Plantae","Tracheophyta","Magnoliopsida","Fabales Bromhead","Fabaceae","Acacia"
"Acacia cyclops","","BSGKL","BSGKL","BYZTL","Acacia cyclops A.Cunn. ex G.Don","Acacia cyclops","A.Cunn. ex G.Don","accepted","Acacia cyclops A.Cunn. ex G.Don","SECTION BOTANY:sect. Plurinerves|GENUS:Acacia|FAMILY:Fabaceae|ORDER:Fabales Bromhead|CLASS:Magnoliopsida|PHYLUM:Tracheophyta|SUBKINGDOM:Pteridobiotina Britton & Brown|KINGDOM:Plantae|DOMAIN:Eukaryota (Chatton, 1925) Whittaker & Margulis, 1978","Plantae","Tracheophyta","Magnoliopsida","Fabales Bromhead","Fabaceae","Acacia"
"Acacia cyperophylla","","BSGKM","BSGKM","BYZSL","Acacia cyperophylla F.Muell. ex Benth.","Acacia cyperophylla","F.Muell. ex Benth.","accepted","Acacia cyperophylla F.Muell. ex Benth.","SECTION BOTANY:sect. Juliflorae|GENUS:Acacia|FAMILY:Fabaceae|ORDER:Fabales Bromhead|CLASS:Magnoliopsida|PHYLUM:Tracheophyta|SUBKINGDOM:Pteridobiotina Britton & Brown|KINGDOM:Plantae|DOMAIN:Eukaryota (Chatton, 1925) Whittaker & Margulis, 1978","Plantae","Tracheophyta","Magnoliopsida","Fabales Bromhead","Fabaceae","Acacia"
"Acacia daviesioides","","BSGKN","BSGKN","BYZRT","Acacia daviesioides C.A.Gardner","Acacia daviesioides","C.A.Gardner","accepted","Acacia daviesioides C.A.Gardner","SECTION BOTANY:sect. Alatae|GENUS:Acacia|FAMILY:Fabaceae|ORDER:Fabales Bromhead|CLASS:Magnoliopsida|PHYLUM:Tracheophyta|SUBKINGDOM:Pteridobiotina Britton & Brown|KINGDOM:Plantae|DOMAIN:Eukaryota (Chatton, 1925) Whittaker & Margulis, 1978","Plantae","Tracheophyta","Magnoliopsida","Fabales Bromhead","Fabaceae","Acacia"
"Acacia dawsonii","","BSGKQ","BSGKQ","BYZTL","Acacia dawsonii R.T.Baker","Acacia dawsonii","R.T.Baker","accepted","Acacia dawsonii R.T.Baker","SECTION BOTANY:sect. Plurinerves|GENUS:Acacia|FAMILY:Fabaceae|ORDER:Fabales Bromhead|CLASS:Magnoliopsida|PHYLUM:Tracheophyta|SUBKINGDOM:Pteridobiotina Britton & Brown|KINGDOM:Plantae|DOMAIN:Eukaryota (Chatton, 1925) Whittaker & Margulis, 1978","Plantae","Tracheophyta","Magnoliopsida","Fabales Bromhead","Fabaceae","Acacia"
"Acacia deanei","","8P4H","8P4H","BYZS4","Acacia deanei (R.T.Baker) M.B.Welch, Coombs & McGlynn","Acacia deanei","(R.T.Baker) M.B.Welch, Coombs & McGlynn","accepted","Acacia deanei (R.T.Baker) M.B.Welch, Coombs & McGlynn","SECTION BOTANY:sect. Botrycephalae|GENUS:Acacia|FAMILY:Fabaceae|ORDER:Fabales Bromhead|CLASS:Magnoliopsida|PHYLUM:Tracheophyta|SUBKINGDOM:Pteridobiotina Britton & Brown|KINGDOM:Plantae|DOMAIN:Eukaryota (Chatton, 1925) Whittaker & Margulis, 1978","Plantae","Tracheophyta","Magnoliopsida","Fabales Bromhead","Fabaceae","Acacia"
"Acacia decora","","BSGKT","BSGKT","9JGMY","Acacia decora Rchb.","Acacia decora","Rchb.","accepted","Acacia decora Rchb.","SECTION BOTANY:sect. Acacia|GENUS:Acacia|FAMILY:Fabaceae|ORDER:Fabales Bromhead|CLASS:Magnoliopsida|PHYLUM:Tracheophyta|SUBKINGDOM:Pteridobiotina Britton & Brown|KINGDOM:Plantae|DOMAIN:Eukaryota (Chatton, 1925) Whittaker & Margulis, 1978","Plantae","Tracheophyta","Magnoliopsida","Fabales Bromhead","Fabaceae","Acacia"
"Acacia decurrens","","8P4M","8P4M","BYZS4","Acacia decurrens Willd.","Acacia decurrens","Willd.","accepted","Acacia decurrens Willd.","SECTION BOTANY:sect. Botrycephalae|GENUS:Acacia|FAMILY:Fabaceae|ORDER:Fabales Bromhead|CLASS:Magnoliopsida|PHYLUM:Tracheophyta|SUBKINGDOM:Pteridobiotina Britton & Brown|KINGDOM:Plantae|DOMAIN:Eukaryota (Chatton, 1925) Whittaker & Margulis, 1978","Plantae","Tracheophyta","Magnoliopsida","Fabales Bromhead","Fabaceae","Acacia"
"Acacia delphina","","BSGKV","BSGKV","9JGMY","Acacia delphina Maslin","Acacia delphina","Maslin","accepted","Acacia delphina Maslin","SECTION BOTANY:sect. Acacia|GENUS:Acacia|FAMILY:Fabaceae|ORDER:Fabales Bromhead|CLASS:Magnoliopsida|PHYLUM:Tracheophyta|SUBKINGDOM:Pteridobiotina Britton & Brown|KINGDOM:Plantae|DOMAIN:Eukaryota (Chatton, 1925) Whittaker & Margulis, 1978","Plantae","Tracheophyta","Magnoliopsida","Fabales Bromhead","Fabaceae","Acacia"
"Acacia densiflora","","BSJPZ","BSJPZ","BYZTL","Acacia densiflora Morrison","Acacia densiflora","Morrison","accepted","Acacia densiflora Morrison","SECTION BOTANY:sect. Plurinerves|GENUS:Acacia|FAMILY:Fabaceae|ORDER:Fabales Bromhead|CLASS:Magnoliopsida|PHYLUM:Tracheophyta|SUBKINGDOM:Pteridobiotina Britton & Brown|KINGDOM:Plantae|DOMAIN:Eukaryota (Chatton, 1925) Whittaker & Margulis, 1978","Plantae","Tracheophyta","Magnoliopsida","Fabales Bromhead","Fabaceae","Acacia"
"Acacia dentifera","","BSJQ4","BSJQ4","9JGMY","Acacia dentifera Benth.","Acacia dentifera","Benth.","accepted","Acacia dentifera Benth.","SECTION BOTANY:sect. Acacia|GENUS:Acacia|FAMILY:Fabaceae|ORDER:Fabales Bromhead|CLASS:Magnoliopsida|PHYLUM:Tracheophyta|SUBKINGDOM:Pteridobiotina Britton & Brown|KINGDOM:Plantae|DOMAIN:Eukaryota (Chatton, 1925) Whittaker & Margulis, 1978","Plantae","Tracheophyta","Magnoliopsida","Fabales Bromhead","Fabaceae","Acacia"
"Acacia diaphyllodinea","","BSJQH","BSJQH","9JGMY","Acacia diaphyllodinea Maslin","Acacia diaphyllodinea","Maslin","accepted","Acacia diaphyllodinea Maslin","SECTION BOTANY:sect. Acacia|GENUS:Acacia|FAMILY:Fabaceae|ORDER:Fabales Bromhead|CLASS:Magnoliopsida|PHYLUM:Tracheophyta|SUBKINGDOM:Pteridobiotina Britton & Brown|KINGDOM:Plantae|DOMAIN:Eukaryota (Chatton, 1925) Whittaker & Margulis, 1978","Plantae","Tracheophyta","Magnoliopsida","Fabales Bromhead","Fabaceae","Acacia"
"Acacia dictyoneura","","BSGL3","BSGL3","BYZTL","Acacia dictyoneura E.Pritz.","Acacia dictyoneura","E.Pritz.","accepted","Acacia dictyoneura E.Pritz.","SECTION BOTANY:sect. Plurinerves|GENUS:Acacia|FAMILY:Fabaceae|ORDER:Fabales Bromhead|CLASS:Magnoliopsida|PHYLUM:Tracheophyta|SUBKINGDOM:Pteridobiotina Britton & Brown|KINGDOM:Plantae|DOMAIN:Eukaryota (Chatton, 1925) Whittaker & Margulis, 1978","Plantae","Tracheophyta","Magnoliopsida","Fabales Bromhead","Fabaceae","Acacia"
"Acacia dictyophleba","","BSJQM","BSJQM","9JGMY","Acacia dictyophleba F.Muell.","Acacia dictyophleba","F.Muell.","accepted","Acacia dictyophleba F.Muell.","SECTION BOTANY:sect. Acacia|GENUS:Acacia|FAMILY:Fabaceae|ORDER:Fabales Bromhead|CLASS:Magnoliopsida|PHYLUM:Tracheophyta|SUBKINGDOM:Pteridobiotina Britton & Brown|KINGDOM:Plantae|DOMAIN:Eukaryota (Chatton, 1925) Whittaker & Margulis, 1978","Plantae","Tracheophyta","Magnoliopsida","Fabales Bromhead","Fabaceae","Acacia"
"Acacia dielsii","","BSJQP","BSJQP","BYZTL","Acacia dielsii E.Pritz.","Acacia dielsii","E.Pritz.","accepted","Acacia dielsii E.Pritz.","SECTION BOTANY:sect. Plurinerves|GENUS:Acacia|FAMILY:Fabaceae|ORDER:Fabales Bromhead|CLASS:Magnoliopsida|PHYLUM:Tracheophyta|SUBKINGDOM:Pteridobiotina Britton & Brown|KINGDOM:Plantae|DOMAIN:Eukaryota (Chatton, 1925) Whittaker & Margulis, 1978","Plantae","Tracheophyta","Magnoliopsida","Fabales Bromhead","Fabaceae","Acacia"
"Acacia difficilis","","BSJQR","BSJQR","BYZSL","Acacia difficilis Maiden","Acacia difficilis","Maiden","accepted","Acacia difficilis Maiden","SECTION BOTANY:sect. Juliflorae|GENUS:Acacia|FAMILY:Fabaceae|ORDER:Fabales Bromhead|CLASS:Magnoliopsida|PHYLUM:Tracheophyta|SUBKINGDOM:Pteridobiotina Britton & Brown|KINGDOM:Plantae|DOMAIN:Eukaryota (Chatton, 1925) Whittaker & Margulis, 1978","Plantae","Tracheophyta","Magnoliopsida","Fabales Bromhead","Fabaceae","Acacia"
"Acacia diffusa","","BSJQT","BSGLV","BSGLV","Acacia diffusa Ker Gawl.","Acacia diffusa","Ker Gawl.","synonym","Acacia genistifolia Link","SPECIES:Acacia genistifolia Link|SECTION BOTANY:sect. Acacia|GENUS:Acacia|FAMILY:Fabaceae|ORDER:Fabales Bromhead|CLASS:Magnoliopsida|PHYLUM:Tracheophyta|SUBKINGDOM:Pteridobiotina Britton & Brown|KINGDOM:Plantae|DOMAIN:Eukaryota (Chatton, 1925) Whittaker & Margulis, 1978","Plantae","Tracheophyta","Magnoliopsida","Fabales Bromhead","Fabaceae","Acacia"
"Acacia disticha","","BSGL7","BSGL7","9JGMY","Acacia disticha Maslin","Acacia disticha","Maslin","accepted","Acacia disticha Maslin","SECTION BOTANY:sect. Acacia|GENUS:Acacia|FAMILY:Fabaceae|ORDER:Fabales Bromhead|CLASS:Magnoliopsida|PHYLUM:Tracheophyta|SUBKINGDOM:Pteridobiotina Britton & Brown|KINGDOM:Plantae|DOMAIN:Eukaryota (Chatton, 1925) Whittaker & Margulis, 1978","Plantae","Tracheophyta","Magnoliopsida","Fabales Bromhead","Fabaceae","Acacia"
"Acacia divergens","","BSJRF","BSJRF","9JGMY","Acacia divergens Benth.","Acacia divergens","Benth.","accepted","Acacia divergens Benth.","SECTION BOTANY:sect. Acacia|GENUS:Acacia|FAMILY:Fabaceae|ORDER:Fabales Bromhead|CLASS:Magnoliopsida|PHYLUM:Tracheophyta|SUBKINGDOM:Pteridobiotina Britton & Brown|KINGDOM:Plantae|DOMAIN:Eukaryota (Chatton, 1925) Whittaker & Margulis, 1978","Plantae","Tracheophyta","Magnoliopsida","Fabales Bromhead","Fabaceae","Acacia"
"Acacia dodonaeifolia","","BSJRG","BSJRG","9JGMY","Acacia dodonaeifolia (Pers.) Balb.","Acacia dodonaeifolia","(Pers.) Balb.","accepted","Acacia dodonaeifolia (Pers.) Balb.","SECTION BOTANY:sect. Acacia|GENUS:Acacia|FAMILY:Fabaceae|ORDER:Fabales Bromhead|CLASS:Magnoliopsida|PHYLUM:Tracheophyta|SUBKINGDOM:Pteridobiotina Britton & Brown|KINGDOM:Plantae|DOMAIN:Eukaryota (Chatton, 1925) Whittaker & Margulis, 1978","Plantae","Tracheophyta","Magnoliopsida","Fabales Bromhead","Fabaceae","Acacia"
"Acacia dolichophylla","","BSJRK","BSJRK","BYZTL","Acacia dolichophylla Maslin","Acacia dolichophylla","Maslin","accepted","Acacia dolichophylla Maslin","SECTION BOTANY:sect. Plurinerves|GENUS:Acacia|FAMILY:Fabaceae|ORDER:Fabales Bromhead|CLASS:Magnoliopsida|PHYLUM:Tracheophyta|SUBKINGDOM:Pteridobiotina Britton & Brown|KINGDOM:Plantae|DOMAIN:Eukaryota (Chatton, 1925) Whittaker & Margulis, 1978","Plantae","Tracheophyta","Magnoliopsida","Fabales Bromhead","Fabaceae","Acacia"
"Acacia doratoxylon","","BSGL8","BSGL8","BYZSL","Acacia doratoxylon A.Cunn.","Acacia doratoxylon","A.Cunn.","accepted","Acacia doratoxylon A.Cunn.","SECTION BOTANY:sect. Juliflorae|GENUS:Acacia|FAMILY:Fabaceae|ORDER:Fabales Bromhead|CLASS:Magnoliopsida|PHYLUM:Tracheophyta|SUBKINGDOM:Pteridobiotina Britton & Brown|KINGDOM:Plantae|DOMAIN:Eukaryota (Chatton, 1925) Whittaker & Margulis, 1978","Plantae","Tracheophyta","Magnoliopsida","Fabales Bromhead","Fabaceae","Acacia"
"Acacia drepanolobium","","BSRRR","BTCCV","BTCCV","Acacia drepanolobium Harms ex Y.Sjöstedt","Acacia drepanolobium","Harms ex Y.Sjöstedt","synonym","Vachellia drepanolobium (Harms ex Y.Sjöstedt) P.J.H.Hurter","SPECIES:Vachellia drepanolobium (Harms ex Y.Sjöstedt) P.J.H.Hurter|GENUS:Vachellia|FAMILY:Fabaceae|ORDER:Fabales Bromhead|CLASS:Magnoliopsida|PHYLUM:Tracheophyta|SUBKINGDOM:Pteridobiotina Britton & Brown|KINGDOM:Plantae|DOMAIN:Eukaryota (Chatton, 1925) Whittaker & Margulis, 1978","Plantae","Tracheophyta","Magnoliopsida","Fabales Bromhead","Fabaceae","Vachellia"
"Acacia drummondii","","BSGL9","BSGL9","BYZTM","Acacia drummondii Lindl.","Acacia drummondii","Lindl.","accepted","Acacia drummondii Lindl.","SECTION BOTANY:sect. Pulchellae|GENUS:Acacia|FAMILY:Fabaceae|ORDER:Fabales Bromhead|CLASS:Magnoliopsida|PHYLUM:Tracheophyta|SUBKINGDOM:Pteridobiotina Britton & Brown|KINGDOM:Plantae|DOMAIN:Eukaryota (Chatton, 1925) Whittaker & Margulis, 1978","Plantae","Tracheophyta","Magnoliopsida","Fabales Bromhead","Fabaceae","Acacia"
"Acacia dunnii","","BSGLB","BSGLB","BYZTL","Acacia dunnii (Maiden) Turrill","Acacia dunnii","(Maiden) Turrill","accepted","Acacia dunnii (Maiden) Turrill","SECTION BOTANY:sect. Plurinerves|GENUS:Acacia|FAMILY:Fabaceae|ORDER:Fabales Bromhead|CLASS:Magnoliopsida|PHYLUM:Tracheophyta|SUBKINGDOM:Pteridobiotina Britton & Brown|KINGDOM:Plantae|DOMAIN:Eukaryota (Chatton, 1925) Whittaker & Margulis, 1978","Plantae","Tracheophyta","Magnoliopsida","Fabales Bromhead","Fabaceae","Acacia"
"Acacia eburnea","","BSRRT","BTCCX","BTCCX","Acacia eburnea (L.f.) Willd.","Acacia eburnea","(L.f.) Willd.","synonym","Vachellia eburnea (L.f.) P.J.H.Hurter & Mabb.","SPECIES:Vachellia eburnea (L.f.) P.J.H.Hurter & Mabb.|GENUS:Vachellia|FAMILY:Fabaceae|ORDER:Fabales Bromhead|CLASS:Magnoliopsida|PHYLUM:Tracheophyta|SUBKINGDOM:Pteridobiotina Britton & Brown|KINGDOM:Plantae|DOMAIN:Eukaryota (Chatton, 1925) Whittaker & Margulis, 1978","Plantae","Tracheophyta","Magnoliopsida","Fabales Bromhead","Fabaceae","Vachellia"
"Acacia echinula","","BSJS3","BSJS3","9JGMY","Acacia echinula DC.","Acacia echinula","DC.","accepted","Acacia echinula DC.","SECTION BOTANY:sect. Acacia|GENUS:Acacia|FAMILY:Fabaceae|ORDER:Fabales Bromhead|CLASS:Magnoliopsida|PHYLUM:Tracheophyta|SUBKINGDOM:Pteridobiotina Britton & Brown|KINGDOM:Plantae|DOMAIN:Eukaryota (Chatton, 1925) Whittaker & Margulis, 1978","Plantae","Tracheophyta","Magnoliopsida","Fabales Bromhead","Fabaceae","Acacia"
"Acacia elachantha","","BSJS9","BSJS9","BYZSL","Acacia elachantha M.W.McDonald & Maslin","Acacia elachantha","M.W.McDonald & Maslin","accepted","Acacia elachantha M.W.McDonald & Maslin","SECTION BOTANY:sect. Juliflorae|GENUS:Acacia|FAMILY:Fabaceae|ORDER:Fabales Bromhead|CLASS:Magnoliopsida|PHYLUM:Tracheophyta|SUBKINGDOM:Pteridobiotina Britton & Brown|KINGDOM:Plantae|DOMAIN:Eukaryota (Chatton, 1925) Whittaker & Margulis, 1978","Plantae","Tracheophyta","Magnoliopsida","Fabales Bromhead","Fabaceae","Acacia"
"Acacia elata","","BSGLG","BSGLG","BYZS4","Acacia elata A.Cunn. ex Benth.","Acacia elata","A.Cunn. ex Benth.","accepted","Acacia elata A.Cunn. ex Benth.","SECTION BOTANY:sect. Botrycephalae|GENUS:Acacia|FAMILY:Fabaceae|ORDER:Fabales Bromhead|CLASS:Magnoliopsida|PHYLUM:Tracheophyta|SUBKINGDOM:Pteridobiotina Britton & Brown|KINGDOM:Plantae|DOMAIN:Eukaryota (Chatton, 1925) Whittaker & Margulis, 1978","Plantae","Tracheophyta","Magnoliopsida","Fabales Bromhead","Fabaceae","Acacia"
"Acacia elongata","","BSJSD","BSJSD","BYZTL","Acacia elongata Sieber ex DC.","Acacia elongata","Sieber ex DC.","accepted","Acacia elongata Sieber ex DC.","SECTION BOTANY:sect. Plurinerves|GENUS:Acacia|FAMILY:Fabaceae|ORDER:Fabales Bromhead|CLASS:Magnoliopsida|PHYLUM:Tracheophyta|SUBKINGDOM:Pteridobiotina Britton & Brown|KINGDOM:Plantae|DOMAIN:Eukaryota (Chatton, 1925) Whittaker & Margulis, 1978","Plantae","Tracheophyta","Magnoliopsida","Fabales Bromhead","Fabaceae","Acacia"
"Acacia enervia","","BSJSJ","BSJSJ","BYZTL","Acacia enervia Maiden & Blakely","Acacia enervia","Maiden & Blakely","accepted","Acacia enervia Maiden & Blakely","SECTION BOTANY:sect. Plurinerves|GENUS:Acacia|FAMILY:Fabaceae|ORDER:Fabales Bromhead|CLASS:Magnoliopsida|PHYLUM:Tracheophyta|SUBKINGDOM:Pteridobiotina Britton & Brown|KINGDOM:Plantae|DOMAIN:Eukaryota (Chatton, 1925) Whittaker & Margulis, 1978","Plantae","Tracheophyta","Magnoliopsida","Fabales Bromhead","Fabaceae","Acacia"
"Acacia ericifolia","","BSJSX","BSJSX","9JGMY","Acacia ericifolia Benth.","Acacia ericifolia","Benth.","accepted","Acacia ericifolia Benth.","SECTION BOTANY:sect. Acacia|GENUS:Acacia|FAMILY:Fabaceae|ORDER:Fabales Bromhead|CLASS:Magnoliopsida|PHYLUM:Tracheophyta|SUBKINGDOM:Pteridobiotina Britton & Brown|KINGDOM:Plantae|DOMAIN:Eukaryota (Chatton, 1925) Whittaker & Margulis, 1978","Plantae","Tracheophyta","Magnoliopsida","Fabales Bromhead","Fabaceae","Acacia"
"Acacia erinacea","","BSJSY","BSJSY","9JGMY","Acacia erinacea Benth.","Acacia erinacea","Benth.","accepted","Acacia erinacea Benth.","SECTION BOTANY:sect. Acacia|GENUS:Acacia|FAMILY:Fabaceae|ORDER:Fabales Bromhead|CLASS:Magnoliopsida|PHYLUM:Tracheophyta|SUBKINGDOM:Pteridobiotina Britton & Brown|KINGDOM:Plantae|DOMAIN:Eukaryota (Chatton, 1925) Whittaker & Margulis, 1978","Plantae","Tracheophyta","Magnoliopsida","Fabales Bromhead","Fabaceae","Acacia"
"Acacia erioloba","","8P7X","BTCD3","BTCD3","Acacia erioloba E.Mey.","Acacia erioloba","E.Mey.","ambiguous synonym","Vachellia erioloba (E.Mey.) P.J.H.Hurter","SPECIES:Vachellia erioloba (E.Mey.) P.J.H.Hurter|GENUS:Vachellia|FAMILY:Fabaceae|ORDER:Fabales Bromhead|CLASS:Magnoliopsida|PHYLUM:Tracheophyta|SUBKINGDOM:Pteridobiotina Britton & Brown|KINGDOM:Plantae|DOMAIN:Eukaryota (Chatton, 1925) Whittaker & Margulis, 1978","Plantae","Tracheophyta","Magnoliopsida","Fabales Bromhead","Fabaceae","Vachellia"
"Acacia eriopoda","","BSJT2","BSJT2","BYZSL","Acacia eriopoda Maiden & Blakely","Acacia eriopoda","Maiden & Blakely","accepted","Acacia eriopoda Maiden & Blakely","SECTION BOTANY:sect. Juliflorae|GENUS:Acacia|FAMILY:Fabaceae|ORDER:Fabales Bromhead|CLASS:Magnoliopsida|PHYLUM:Tracheophyta|SUBKINGDOM:Pteridobiotina Britton & Brown|KINGDOM:Plantae|DOMAIN:Eukaryota (Chatton, 1925) Whittaker & Margulis, 1978","Plantae","Tracheophyta","Magnoliopsida","Fabales Bromhead","Fabaceae","Acacia"
"Acacia errabunda","","BSJT3","BSJT3","9JGMY","Acacia errabunda Maslin","Acacia errabunda","Maslin","accepted","Acacia errabunda Maslin","SECTION BOTANY:sect. Acacia|GENUS:Acacia|FAMILY:Fabaceae|ORDER:Fabales Bromhead|CLASS:Magnoliopsida|PHYLUM:Tracheophyta|SUBKINGDOM:Pteridobiotina Britton & Brown|KINGDOM:Plantae|DOMAIN:Eukaryota (Chatton, 1925) Whittaker & Margulis, 1978","Plantae","Tracheophyta","Magnoliopsida","Fabales Bromhead","Fabaceae","Acacia"
"Acacia erubescens","","BSRS6","BSKSN","BSKSN","Acacia erubescens Welw. ex Oliv.","Acacia erubescens","Welw. ex Oliv.","synonym","Senegalia erubescens (Welw. ex Oliv.) Kyal. & Boatwr.","SPECIES:Senegalia erubescens (Welw. ex Oliv.) Kyal. & Boatwr.|SECTION BOTANY:sect. Senegalia|GENUS:Senegalia|FAMILY:Fabaceae|ORDER:Fabales Bromhead|CLASS:Magnoliopsida|PHYLUM:Tracheophyta|SUBKINGDOM:Pteridobiotina Britton & Brown|KINGDOM:Plantae|DOMAIN:Eukaryota (Chatton, 1925) Whittaker & Margulis, 1978","Plantae","Tracheophyta","Magnoliopsida","Fabales Bromhead","Fabaceae","Senegalia"
"Acacia erythrocalyx","","BSRS7","BT8ZX","BT8ZX","Acacia erythrocalyx Brenan","Acacia erythrocalyx","Brenan","synonym","Senegalia erythrocalyx (Brenan) Kyal. & Boatwr.","SPECIES:Senegalia erythrocalyx (Brenan) Kyal. & Boatwr.|SECTION BOTANY:Monacanthea sect. Monacanthea pro parte|GENUS:Senegalia|FAMILY:Fabaceae|ORDER:Fabales Bromhead|CLASS:Magnoliopsida|PHYLUM:Tracheophyta|SUBKINGDOM:Pteridobiotina Britton & Brown|KINGDOM:Plantae|DOMAIN:Eukaryota (Chatton, 1925) Whittaker & Margulis, 1978","Plantae","Tracheophyta","Magnoliopsida","Fabales Bromhead","Fabaceae","Senegalia"
"Acacia estrophiolata","","BSGLJ","BSGLJ","BYZTL","Acacia estrophiolata F.Muell.","Acacia estrophiolata","F.Muell.","accepted","Acacia estrophiolata F.Muell.","SECTION BOTANY:sect. Plurinerves|GENUS:Acacia|FAMILY:Fabaceae|ORDER:Fabales Bromhead|CLASS:Magnoliopsida|PHYLUM:Tracheophyta|SUBKINGDOM:Pteridobiotina Britton & Brown|KINGDOM:Plantae|DOMAIN:Eukaryota (Chatton, 1925) Whittaker & Margulis, 1978","Plantae","Tracheophyta","Magnoliopsida","Fabales Bromhead","Fabaceae","Acacia"
"Acacia etbaica","","8P87","BSKWG","BSKWG","Acacia etbaica Schweinf.","Acacia etbaica","Schweinf.","ambiguous synonym","Vachellia etbaica (Schweinf.) Kyal. & Boatwr.","SPECIES:Vachellia etbaica (Schweinf.) Kyal. & Boatwr.|GENUS:Vachellia|FAMILY:Fabaceae|ORDER:Fabales Bromhead|CLASS:Magnoliopsida|PHYLUM:Tracheophyta|SUBKINGDOM:Pteridobiotina Britton & Brown|KINGDOM:Plantae|DOMAIN:Eukaryota (Chatton, 1925) Whittaker & Margulis, 1978","Plantae","Tracheophyta","Magnoliopsida","Fabales Bromhead","Fabaceae","Vachellia"
"Acacia excelsa","","BSGLK","BSGLK","BYZTL","Acacia excelsa Benth.","Acacia excelsa","Benth.","accepted","Acacia excelsa Benth.","SECTION BOTANY:sect. Plurinerves|GENUS:Acacia|FAMILY:Fabaceae|ORDER:Fabales Bromhead|CLASS:Magnoliopsida|PHYLUM:Tracheophyta|SUBKINGDOM:Pteridobiotina Britton & Brown|KINGDOM:Plantae|DOMAIN:Eukaryota (Chatton, 1925) Whittaker & Margulis, 1978","Plantae","Tracheophyta","Magnoliopsida","Fabales Bromhead","Fabaceae","Acacia"
"Acacia exilis","","BSJTD","BSJTC","BSJTC","Acacia exilis Maslin","Acacia exilis","Maslin","synonym","Acacia exigua I.M.Turner","SPECIES:Acacia exigua I.M.Turner|SECTION BOTANY:sect. Juliflorae|GENUS:Acacia|FAMILY:Fabaceae|ORDER:Fabales Bromhead|CLASS:Magnoliopsida|PHYLUM:Tracheophyta|SUBKINGDOM:Pteridobiotina Britton & Brown|KINGDOM:Plantae|DOMAIN:Eukaryota (Chatton, 1925) Whittaker & Margulis, 1978","Plantae","Tracheophyta","Magnoliopsida","Fabales Bromhead","Fabaceae","Acacia"
"Acacia exocarpoides","","BSJTF","BSJTF","9JGMY","Acacia exocarpoides W.Fitzg.","Acacia exocarpoides","W.Fitzg.","accepted","Acacia exocarpoides W.Fitzg.","SECTION BOTANY:sect. Acacia|GENUS:Acacia|FAMILY:Fabaceae|ORDER:Fabales Bromhead|CLASS:Magnoliopsida|PHYLUM:Tracheophyta|SUBKINGDOM:Pteridobiotina Britton & Brown|KINGDOM:Plantae|DOMAIN:Eukaryota (Chatton, 1925) Whittaker & Margulis, 1978","Plantae","Tracheophyta","Magnoliopsida","Fabales Bromhead","Fabaceae","Acacia"
"Acacia extensa","","BSGLM","BSGLM","9JGMY","Acacia extensa Lindl.","Acacia extensa","Lindl.","accepted","Acacia extensa Lindl.","SECTION BOTANY:sect. Acacia|GENUS:Acacia|FAMILY:Fabaceae|ORDER:Fabales Bromhead|CLASS:Magnoliopsida|PHYLUM:Tracheophyta|SUBKINGDOM:Pteridobiotina Britton & Brown|KINGDOM:Plantae|DOMAIN:Eukaryota (Chatton, 1925) Whittaker & Margulis, 1978","Plantae","Tracheophyta","Magnoliopsida","Fabales Bromhead","Fabaceae","Acacia"
"Acacia falcata","","BSG9L","BSG9L","9JGMY","Acacia falcata Willd.","Acacia falcata","Willd.","accepted","Acacia falcata Willd.","SECTION BOTANY:sect. Acacia|GENUS:Acacia|FAMILY:Fabaceae|ORDER:Fabales Bromhead|CLASS:Magnoliopsida|PHYLUM:Tracheophyta|SUBKINGDOM:Pteridobiotina Britton & Brown|KINGDOM:Plantae|DOMAIN:Eukaryota (Chatton, 1925) Whittaker & Margulis, 1978","Plantae","Tracheophyta","Magnoliopsida","Fabales Bromhead","Fabaceae","Acacia"
"Acacia falciformis","","BSG9N","BSG9N","9JGMY","Acacia falciformis DC.","Acacia falciformis","DC.","accepted","Acacia falciformis DC.","SECTION BOTANY:sect. Acacia|GENUS:Acacia|FAMILY:Fabaceae|ORDER:Fabales Bromhead|CLASS:Magnoliopsida|PHYLUM:Tracheophyta|SUBKINGDOM:Pteridobiotina Britton & Brown|KINGDOM:Plantae|DOMAIN:Eukaryota (Chatton, 1925) Whittaker & Margulis, 1978","Plantae","Tracheophyta","Magnoliopsida","Fabales Bromhead","Fabaceae","Acacia"
"Acacia farinosa","","BSJTM","BSJTM","BYZTL","Acacia farinosa Lindl.","Acacia farinosa","Lindl.","accepted","Acacia farinosa Lindl.","SECTION BOTANY:sect. Plurinerves|GENUS:Acacia|FAMILY:Fabaceae|ORDER:Fabales Bromhead|CLASS:Magnoliopsida|PHYLUM:Tracheophyta|SUBKINGDOM:Pteridobiotina Britton & Brown|KINGDOM:Plantae|DOMAIN:Eukaryota (Chatton, 1925) Whittaker & Margulis, 1978","Plantae","Tracheophyta","Magnoliopsida","Fabales Bromhead","Fabaceae","Acacia"
"Acacia farnesiana","","BSG28","BSG2H","BSG2H","Acacia farnesiana (L.) Willd.","Acacia farnesiana","(L.) Willd.","synonym","Vachellia farnesiana (L.) Wight & Arn.","SPECIES:Vachellia farnesiana (L.) Wight & Arn.|GENUS:Vachellia|FAMILY:Fabaceae|ORDER:Fabales Bromhead|CLASS:Magnoliopsida|PHYLUM:Tracheophyta|SUBKINGDOM:Pteridobiotina Britton & Brown|KINGDOM:Plantae|DOMAIN:Eukaryota (Chatton, 1925) Whittaker & Margulis, 1978","Plantae","Tracheophyta","Magnoliopsida","Fabales Bromhead","Fabaceae","Vachellia"
"Acacia fauntleroyi","","BSJTP","BSJTP","BYZSL","Acacia fauntleroyi (Maiden) Maiden & Blakely","Acacia fauntleroyi","(Maiden) Maiden & Blakely","accepted","Acacia fauntleroyi (Maiden) Maiden & Blakely","SECTION BOTANY:sect. Juliflorae|GENUS:Acacia|FAMILY:Fabaceae|ORDER:Fabales Bromhead|CLASS:Magnoliopsida|PHYLUM:Tracheophyta|SUBKINGDOM:Pteridobiotina Britton & Brown|KINGDOM:Plantae|DOMAIN:Eukaryota (Chatton, 1925) Whittaker & Margulis, 1978","Plantae","Tracheophyta","Magnoliopsida","Fabales Bromhead","Fabaceae","Acacia"
"Acacia filicifolia","","BSJTS","BSJTS","BYZS4","Acacia filicifolia Cheel & M.B.Welch","Acacia filicifolia","Cheel & M.B.Welch","accepted","Acacia filicifolia Cheel & M.B.Welch","SECTION BOTANY:sect. Botrycephalae|GENUS:Acacia|FAMILY:Fabaceae|ORDER:Fabales Bromhead|CLASS:Magnoliopsida|PHYLUM:Tracheophyta|SUBKINGDOM:Pteridobiotina Britton & Brown|KINGDOM:Plantae|DOMAIN:Eukaryota (Chatton, 1925) Whittaker & Margulis, 1978","Plantae","Tracheophyta","Magnoliopsida","Fabales Bromhead","Fabaceae","Acacia"
"Acacia filifolia","","BSJTT","BSJTT","BYZSL","Acacia filifolia Benth.","Acacia filifolia","Benth.","accepted","Acacia filifolia Benth.","SECTION BOTANY:sect. Juliflorae|GENUS:Acacia|FAMILY:Fabaceae|ORDER:Fabales Bromhead|CLASS:Magnoliopsida|PHYLUM:Tracheophyta|SUBKINGDOM:Pteridobiotina Britton & Brown|KINGDOM:Plantae|DOMAIN:Eukaryota (Chatton, 1925) Whittaker & Margulis, 1978","Plantae","Tracheophyta","Magnoliopsida","Fabales Bromhead","Fabaceae","Acacia"
"Acacia fimbriata","","BSGLQ","BSGLQ","9JGMY","Acacia fimbriata A.Cunn. ex G.Don","Acacia fimbriata","A.Cunn. ex G.Don","accepted","Acacia fimbriata A.Cunn. ex G.Don","SECTION BOTANY:sect. Acacia|GENUS:Acacia|FAMILY:Fabaceae|ORDER:Fabales Bromhead|CLASS:Magnoliopsida|PHYLUM:Tracheophyta|SUBKINGDOM:Pteridobiotina Britton & Brown|KINGDOM:Plantae|DOMAIN:Eukaryota (Chatton, 1925) Whittaker & Margulis, 1978","Plantae","Tracheophyta","Magnoliopsida","Fabales Bromhead","Fabaceae","Acacia"
"Acacia flabellifolia","","BSJTX","BSJTX","9JGMY","Acacia flabellifolia W.Fitzg.","Acacia flabellifolia","W.Fitzg.","accepted","Acacia flabellifolia W.Fitzg.","SECTION BOTANY:sect. Acacia|GENUS:Acacia|FAMILY:Fabaceae|ORDER:Fabales Bromhead|CLASS:Magnoliopsida|PHYLUM:Tracheophyta|SUBKINGDOM:Pteridobiotina Britton & Brown|KINGDOM:Plantae|DOMAIN:Eukaryota (Chatton, 1925) Whittaker & Margulis, 1978","Plantae","Tracheophyta","Magnoliopsida","Fabales Bromhead","Fabaceae","Acacia"
"Acacia flavescens","","BSJTZ","BSJTZ","BYZTL","Acacia flavescens A.Cunn. ex Benth.","Acacia flavescens","A.Cunn. ex Benth.","accepted","Acacia flavescens A.Cunn. ex Benth.","SECTION BOTANY:sect. Plurinerves|GENUS:Acacia|FAMILY:Fabaceae|ORDER:Fabales Bromhead|CLASS:Magnoliopsida|PHYLUM:Tracheophyta|SUBKINGDOM:Pteridobiotina Britton & Brown|KINGDOM:Plantae|DOMAIN:Eukaryota (Chatton, 1925) Whittaker & Margulis, 1978","Plantae","Tracheophyta","Magnoliopsida","Fabales Bromhead","Fabaceae","Acacia"
"Acacia flavipila","","BSJV2","BSJV2","BYZTL","Acacia flavipila A.S.George","Acacia flavipila","A.S.George","accepted","Acacia flavipila A.S.George","SECTION BOTANY:sect. Plurinerves|GENUS:Acacia|FAMILY:Fabaceae|ORDER:Fabales Bromhead|CLASS:Magnoliopsida|PHYLUM:Tracheophyta|SUBKINGDOM:Pteridobiotina Britton & Brown|KINGDOM:Plantae|DOMAIN:Eukaryota (Chatton, 1925) Whittaker & Margulis, 1978","Plantae","Tracheophyta","Magnoliopsida","Fabales Bromhead","Fabaceae","Acacia"
"Acacia fleckeri","","BSJV3","BSJV3","BYZTL","Acacia fleckeri Pedley","Acacia fleckeri","Pedley","accepted","Acacia fleckeri Pedley","SECTION BOTANY:sect. Plurinerves|GENUS:Acacia|FAMILY:Fabaceae|ORDER:Fabales Bromhead|CLASS:Magnoliopsida|PHYLUM:Tracheophyta|SUBKINGDOM:Pteridobiotina Britton & Brown|KINGDOM:Plantae|DOMAIN:Eukaryota (Chatton, 1925) Whittaker & Margulis, 1978","Plantae","Tracheophyta","Magnoliopsida","Fabales Bromhead","Fabaceae","Acacia"
"Acacia flexifolia","","BSJV4","BSJV4","9JGMY","Acacia flexifolia A.Cunn. ex Benth.","Acacia flexifolia","A.Cunn. ex Benth.","accepted","Acacia flexifolia A.Cunn. ex Benth.","SECTION BOTANY:sect. Acacia|GENUS:Acacia|FAMILY:Fabaceae|ORDER:Fabales Bromhead|CLASS:Magnoliopsida|PHYLUM:Tracheophyta|SUBKINGDOM:Pteridobiotina Britton & Brown|KINGDOM:Plantae|DOMAIN:Eukaryota (Chatton, 1925) Whittaker & Margulis, 1978","Plantae","Tracheophyta","Magnoliopsida","Fabales Bromhead","Fabaceae","Acacia"
"Acacia flocktoniae","","BSJV5","BSJV5","9JGMY","Acacia flocktoniae Maiden","Acacia flocktoniae","Maiden","accepted","Acacia flocktoniae Maiden","SECTION BOTANY:sect. Acacia|GENUS:Acacia|FAMILY:Fabaceae|ORDER:Fabales Bromhead|CLASS:Magnoliopsida|PHYLUM:Tracheophyta|SUBKINGDOM:Pteridobiotina Britton & Brown|KINGDOM:Plantae|DOMAIN:Eukaryota (Chatton, 1925) Whittaker & Margulis, 1978","Plantae","Tracheophyta","Magnoliopsida","Fabales Bromhead","Fabaceae","Acacia"
"Acacia floribunda","","BSJV6","BSJV6","BYZSL","Acacia floribunda (Vent.) Willd.","Acacia floribunda","(Vent.) Willd.","accepted","Acacia floribunda (Vent.) Willd.","SECTION BOTANY:sect. Juliflorae|GENUS:Acacia|FAMILY:Fabaceae|ORDER:Fabales Bromhead|CLASS:Magnoliopsida|PHYLUM:Tracheophyta|SUBKINGDOM:Pteridobiotina Britton & Brown|KINGDOM:Plantae|DOMAIN:Eukaryota (Chatton, 1925) Whittaker & Margulis, 1978","Plantae","Tracheophyta","Magnoliopsida","Fabales Bromhead","Fabaceae","Acacia"
"Acacia fragilis","","BSJVF","BSJVF","BYZTL","Acacia fragilis Maiden & Blakely","Acacia fragilis","Maiden & Blakely","accepted","Acacia fragilis Maiden & Blakely","SECTION BOTANY:sect. Plurinerves|GENUS:Acacia|FAMILY:Fabaceae|ORDER:Fabales Bromhead|CLASS:Magnoliopsida|PHYLUM:Tracheophyta|SUBKINGDOM:Pteridobiotina Britton & Brown|KINGDOM:Plantae|DOMAIN:Eukaryota (Chatton, 1925) Whittaker & Margulis, 1978","Plantae","Tracheophyta","Magnoliopsida","Fabales Bromhead","Fabaceae","Acacia"
"Acacia froggattii","","BSJVK","BSJVK","BYZTL","Acacia froggattii Maiden","Acacia froggattii","Maiden","accepted","Acacia froggattii Maiden","SECTION BOTANY:sect. Plurinerves|GENUS:Acacia|FAMILY:Fabaceae|ORDER:Fabales Bromhead|CLASS:Magnoliopsida|PHYLUM:Tracheophyta|SUBKINGDOM:Pteridobiotina Britton & Brown|KINGDOM:Plantae|DOMAIN:Eukaryota (Chatton, 1925) Whittaker & Margulis, 1978","Plantae","Tracheophyta","Magnoliopsida","Fabales Bromhead","Fabaceae","Acacia"
"Acacia fulva","","BSJVN","BSJVN","BYZS4","Acacia fulva Tindale","Acacia fulva","Tindale","accepted","Acacia fulva Tindale","SECTION BOTANY:sect. Botrycephalae|GENUS:Acacia|FAMILY:Fabaceae|ORDER:Fabales Bromhead|CLASS:Magnoliopsida|PHYLUM:Tracheophyta|SUBKINGDOM:Pteridobiotina Britton & Brown|KINGDOM:Plantae|DOMAIN:Eukaryota (Chatton, 1925) Whittaker & Margulis, 1978","Plantae","Tracheophyta","Magnoliopsida","Fabales Bromhead","Fabaceae","Acacia"
"Acacia furcatispina","","BSTDF","BT925","BT925","Acacia furcatispina Burkart","Acacia furcatispina","Burkart","synonym","Senegalia gilliesii (Steud.) Seigler & Ebinger","SPECIES:Senegalia gilliesii (Steud.) Seigler & Ebinger|SECTION BOTANY:Monacanthea sect. Monacanthea pro parte|GENUS:Senegalia|FAMILY:Fabaceae|ORDER:Fabales Bromhead|CLASS:Magnoliopsida|PHYLUM:Tracheophyta|SUBKINGDOM:Pteridobiotina Britton & Brown|KINGDOM:Plantae|DOMAIN:Eukaryota (Chatton, 1925) Whittaker & Margulis, 1978","Plantae","Tracheophyta","Magnoliopsida","Fabales Bromhead","Fabaceae","Senegalia"
"Acacia galeata","","BSJVR","BSJVR","BYZTL","Acacia galeata Maslin","Acacia galeata","Maslin","accepted","Acacia galeata Maslin","SECTION BOTANY:sect. Plurinerves|GENUS:Acacia|FAMILY:Fabaceae|ORDER:Fabales Bromhead|CLASS:Magnoliopsida|PHYLUM:Tracheophyta|SUBKINGDOM:Pteridobiotina Britton & Brown|KINGDOM:Plantae|DOMAIN:Eukaryota (Chatton, 1925) Whittaker & Margulis, 1978","Plantae","Tracheophyta","Magnoliopsida","Fabales Bromhead","Fabaceae","Acacia"
"Acacia galioides","","BSJVS","BSJVS","BYZSQ","Acacia galioides Benth.","Acacia galioides","Benth.","accepted","Acacia galioides Benth.","SECTION BOTANY:sect. Lycopodiifoliae|GENUS:Acacia|FAMILY:Fabaceae|ORDER:Fabales Bromhead|CLASS:Magnoliopsida|PHYLUM:Tracheophyta|SUBKINGDOM:Pteridobiotina Britton & Brown|KINGDOM:Plantae|DOMAIN:Eukaryota (Chatton, 1925) Whittaker & Margulis, 1978","Plantae","Tracheophyta","Magnoliopsida","Fabales Bromhead","Fabaceae","Acacia"
"Acacia galpinii","","BSRST","BSKSQ","BSKSQ","Acacia galpinii Burtt Davy","Acacia galpinii","Burtt Davy","synonym","Senegalia galpinii (Burtt Davy) Seigler & Ebinger","SPECIES:Senegalia galpinii (Burtt Davy) Seigler & Ebinger|SECTION BOTANY:sect. Senegalia|GENUS:Senegalia|FAMILY:Fabaceae|ORDER:Fabales Bromhead|CLASS:Magnoliopsida|PHYLUM:Tracheophyta|SUBKINGDOM:Pteridobiotina Britton & Brown|KINGDOM:Plantae|DOMAIN:Eukaryota (Chatton, 1925) Whittaker & Margulis, 1978","Plantae","Tracheophyta","Magnoliopsida","Fabales Bromhead","Fabaceae","Senegalia"
"Acacia gaumeri","","BSRSV","BT924","BT924","Acacia gaumeri S.F.Blake","Acacia gaumeri","S.F.Blake","synonym","Senegalia gaumeri (S.F.Blake) Britton & Rose","SPECIES:Senegalia gaumeri (S.F.Blake) Britton & Rose|SECTION BOTANY:Monacanthea sect. Monacanthea pro parte|GENUS:Senegalia|FAMILY:Fabaceae|ORDER:Fabales Bromhead|CLASS:Magnoliopsida|PHYLUM:Tracheophyta|SUBKINGDOM:Pteridobiotina Britton & Brown|KINGDOM:Plantae|DOMAIN:Eukaryota (Chatton, 1925) Whittaker & Margulis, 1978","Plantae","Tracheophyta","Magnoliopsida","Fabales Bromhead","Fabaceae","Senegalia"
"Acacia gemina","","BSJVV","BSJVV","BYZTL","Acacia gemina R.S.Cowan & Maslin","Acacia gemina","R.S.Cowan & Maslin","accepted","Acacia gemina R.S.Cowan & Maslin","SECTION BOTANY:sect. Plurinerves|GENUS:Acacia|FAMILY:Fabaceae|ORDER:Fabales Bromhead|CLASS:Magnoliopsida|PHYLUM:Tracheophyta|SUBKINGDOM:Pteridobiotina Britton & Brown|KINGDOM:Plantae|DOMAIN:Eukaryota (Chatton, 1925) Whittaker & Margulis, 1978","Plantae","Tracheophyta","Magnoliopsida","Fabales Bromhead","Fabaceae","Acacia"
"Acacia gentlei","","BSHHD","BTCD7","BTCD7","Acacia gentlei Standl.","Acacia gentlei","Standl.","synonym","Vachellia gentlei (Standl.) Seigler & Ebinger","SPECIES:Vachellia gentlei (Standl.) Seigler & Ebinger|GENUS:Vachellia|FAMILY:Fabaceae|ORDER:Fabales Bromhead|CLASS:Magnoliopsida|PHYLUM:Tracheophyta|SUBKINGDOM:Pteridobiotina Britton & Brown|KINGDOM:Plantae|DOMAIN:Eukaryota (Chatton, 1925) Whittaker & Margulis, 1978","Plantae","Tracheophyta","Magnoliopsida","Fabales Bromhead","Fabaceae","Vachellia"
"Acacia georginae","","BSGLW","BSGLW","BYZTL","Acacia georginae F.M.Bailey","Acacia georginae","F.M.Bailey","accepted","Acacia georginae F.M.Bailey","SECTION BOTANY:sect. Plurinerves|GENUS:Acacia|FAMILY:Fabaceae|ORDER:Fabales Bromhead|CLASS:Magnoliopsida|PHYLUM:Tracheophyta|SUBKINGDOM:Pteridobiotina Britton & Brown|KINGDOM:Plantae|DOMAIN:Eukaryota (Chatton, 1925) Whittaker & Margulis, 1978","Plantae","Tracheophyta","Magnoliopsida","Fabales Bromhead","Fabaceae","Acacia"
"Acacia gerrardii","","64BXV","7F974","7F974","Acacia gerrardii Benth.","Acacia gerrardii","Benth.","synonym","Vachellia gerrardii (Benth.) P.J.H.Hurter","SPECIES:Vachellia gerrardii (Benth.) P.J.H.Hurter|GENUS:Vachellia|FAMILY:Fabaceae|ORDER:Fabales Bromhead|CLASS:Magnoliopsida|PHYLUM:Tracheophyta|SUBKINGDOM:Pteridobiotina Britton & Brown|KINGDOM:Plantae|DOMAIN:Eukaryota (Chatton, 1925) Whittaker & Margulis, 1978","Plantae","Tracheophyta","Magnoliopsida","Fabales Bromhead","Fabaceae","Vachellia"
"Acacia gilesiana","","BSJW4","BSJW4","BYZTL","Acacia gilesiana F.Muell.","Acacia gilesiana","F.Muell.","accepted","Acacia gilesiana F.Muell.","SECTION BOTANY:sect. Plurinerves|GENUS:Acacia|FAMILY:Fabaceae|ORDER:Fabales Bromhead|CLASS:Magnoliopsida|PHYLUM:Tracheophyta|SUBKINGDOM:Pteridobiotina Britton & Brown|KINGDOM:Plantae|DOMAIN:Eukaryota (Chatton, 1925) Whittaker & Margulis, 1978","Plantae","Tracheophyta","Magnoliopsida","Fabales Bromhead","Fabaceae","Acacia"
"Acacia gillii","","BSJW5","BSJW5","9JGMY","Acacia gillii Maiden & Blakely","Acacia gillii","Maiden & Blakely","accepted","Acacia gillii Maiden & Blakely","SECTION BOTANY:sect. Acacia|GENUS:Acacia|FAMILY:Fabaceae|ORDER:Fabales Bromhead|CLASS:Magnoliopsida|PHYLUM:Tracheophyta|SUBKINGDOM:Pteridobiotina Britton & Brown|KINGDOM:Plantae|DOMAIN:Eukaryota (Chatton, 1925) Whittaker & Margulis, 1978","Plantae","Tracheophyta","Magnoliopsida","Fabales Bromhead","Fabaceae","Acacia"
"Acacia gladiiformis","","BSJW9","BSJW9","9JGMY","Acacia gladiiformis A.Cunn. ex Benth.","Acacia gladiiformis","A.Cunn. ex Benth.","accepted","Acacia gladiiformis A.Cunn. ex Benth.","SECTION BOTANY:sect. Acacia|GENUS:Acacia|FAMILY:Fabaceae|ORDER:Fabales Bromhead|CLASS:Magnoliopsida|PHYLUM:Tracheophyta|SUBKINGDOM:Pteridobiotina Britton & Brown|KINGDOM:Plantae|DOMAIN:Eukaryota (Chatton, 1925) Whittaker & Margulis, 1978","Plantae","Tracheophyta","Magnoliopsida","Fabales Bromhead","Fabaceae","Acacia"
"Acacia glandulifera","","64BYD","BTCD8","BTCD8","Acacia glandulifera S.Watson","Acacia glandulifera","S.Watson","ambiguous synonym","Vachellia glandulifera (S.Watson) Seigler & Ebinger","SPECIES:Vachellia glandulifera (S.Watson) Seigler & Ebinger|GENUS:Vachellia|FAMILY:Fabaceae|ORDER:Fabales Bromhead|CLASS:Magnoliopsida|PHYLUM:Tracheophyta|SUBKINGDOM:Pteridobiotina Britton & Brown|KINGDOM:Plantae|DOMAIN:Eukaryota (Chatton, 1925) Whittaker & Margulis, 1978","Plantae","Tracheophyta","Magnoliopsida","Fabales Bromhead","Fabaceae","Vachellia"
"Acacia glaucocarpa","","BSJWH","BSJWH","BYZS4","Acacia glaucocarpa Maiden & Blakely","Acacia glaucocarpa","Maiden & Blakely","accepted","Acacia glaucocarpa Maiden & Blakely","SECTION BOTANY:sect. Botrycephalae|GENUS:Acacia|FAMILY:Fabaceae|ORDER:Fabales Bromhead|CLASS:Magnoliopsida|PHYLUM:Tracheophyta|SUBKINGDOM:Pteridobiotina Britton & Brown|KINGDOM:Plantae|DOMAIN:Eukaryota (Chatton, 1925) Whittaker & Margulis, 1978","Plantae","Tracheophyta","Magnoliopsida","Fabales Bromhead","Fabaceae","Acacia"
"Acacia globulifera","","BSHHG","BTCD9","BTCD9","Acacia globulifera Saff.","Acacia globulifera","Saff.","synonym","Vachellia globulifera (Saff.) Seigler & Ebinger","SPECIES:Vachellia globulifera (Saff.) Seigler & Ebinger|GENUS:Vachellia|FAMILY:Fabaceae|ORDER:Fabales Bromhead|CLASS:Magnoliopsida|PHYLUM:Tracheophyta|SUBKINGDOM:Pteridobiotina Britton & Brown|KINGDOM:Plantae|DOMAIN:Eukaryota (Chatton, 1925) Whittaker & Margulis, 1978","Plantae","Tracheophyta","Magnoliopsida","Fabales Bromhead","Fabaceae","Vachellia"
"Acacia glomerosa","","BSTDJ","BT93S","BT93S","Acacia glomerosa Benth.","Acacia glomerosa","Benth.","synonym","Senegalia polyphylla (DC.) Britton & Rose","SPECIES:Senegalia polyphylla (DC.) Britton & Rose|SECTION BOTANY:Monacanthea sect. Monacanthea pro parte|GENUS:Senegalia|FAMILY:Fabaceae|ORDER:Fabales Bromhead|CLASS:Magnoliopsida|PHYLUM:Tracheophyta|SUBKINGDOM:Pteridobiotina Britton & Brown|KINGDOM:Plantae|DOMAIN:Eukaryota (Chatton, 1925) Whittaker & Margulis, 1978","Plantae","Tracheophyta","Magnoliopsida","Fabales Bromhead","Fabaceae","Senegalia"
"Acacia goetzei","","BSRT4","BSKSS","BSKSS","Acacia goetzei Harms","Acacia goetzei","Harms","synonym","Senegalia goetzei (Harms) Kyal. & Boatwr.","SPECIES:Senegalia goetzei (Harms) Kyal. & Boatwr.|SECTION BOTANY:sect. Senegalia|GENUS:Senegalia|FAMILY:Fabaceae|ORDER:Fabales Bromhead|CLASS:Magnoliopsida|PHYLUM:Tracheophyta|SUBKINGDOM:Pteridobiotina Britton & Brown|KINGDOM:Plantae|DOMAIN:Eukaryota (Chatton, 1925) Whittaker & Margulis, 1978","Plantae","Tracheophyta","Magnoliopsida","Fabales Bromhead","Fabaceae","Senegalia"
"Acacia goldmanii","","BSRT5","BSS4B","BSS4B","Acacia goldmanii (Britton & Rose) Wiggins","Acacia goldmanii","(Britton & Rose) Wiggins","synonym","Acaciella goldmanii Britton & Rose","SPECIES:Acaciella goldmanii Britton & Rose|GENUS:Acaciella|FAMILY:Fabaceae|ORDER:Fabales Bromhead|CLASS:Magnoliopsida|PHYLUM:Tracheophyta|SUBKINGDOM:Pteridobiotina Britton & Brown|KINGDOM:Plantae|DOMAIN:Eukaryota (Chatton, 1925) Whittaker & Margulis, 1978","Plantae","Tracheophyta","Magnoliopsida","Fabales Bromhead","Fabaceae","Acaciella"
"Acacia gonocarpa","","BSGM5","BSGM5","BYZSL","Acacia gonocarpa F.Muell.","Acacia gonocarpa","F.Muell.","accepted","Acacia gonocarpa F.Muell.","SECTION BOTANY:sect. Juliflorae|GENUS:Acacia|FAMILY:Fabaceae|ORDER:Fabales Bromhead|CLASS:Magnoliopsida|PHYLUM:Tracheophyta|SUBKINGDOM:Pteridobiotina Britton & Brown|KINGDOM:Plantae|DOMAIN:Eukaryota (Chatton, 1925) Whittaker & Margulis, 1978","Plantae","Tracheophyta","Magnoliopsida","Fabales Bromhead","Fabaceae","Acacia"
"Acacia gonoclada","","BSJWS","BSJWS","BYZSL","Acacia gonoclada F.Muell.","Acacia gonoclada","F.Muell.","accepted","Acacia gonoclada F.Muell.","SECTION BOTANY:sect. Juliflorae|GENUS:Acacia|FAMILY:Fabaceae|ORDER:Fabales Bromhead|CLASS:Magnoliopsida|PHYLUM:Tracheophyta|SUBKINGDOM:Pteridobiotina Britton & Brown|KINGDOM:Plantae|DOMAIN:Eukaryota (Chatton, 1925) Whittaker & Margulis, 1978","Plantae","Tracheophyta","Magnoliopsida","Fabales Bromhead","Fabaceae","Acacia"
"Acacia gourmaensis","","BSRT6","BT926","BT926","Acacia gourmaensis A.Chev.","Acacia gourmaensis","A.Chev.","synonym","Senegalia gourmaensis (A.Chev.) Kyal. & Boatwr.","SPECIES:Senegalia gourmaensis (A.Chev.) Kyal. & Boatwr.|SECTION BOTANY:sect. Senegalia|GENUS:Senegalia|FAMILY:Fabaceae|ORDER:Fabales Bromhead|CLASS:Magnoliopsida|PHYLUM:Tracheophyta|SUBKINGDOM:Pteridobiotina Britton & Brown|KINGDOM:Plantae|DOMAIN:Eukaryota (Chatton, 1925) Whittaker & Margulis, 1978","Plantae","Tracheophyta","Magnoliopsida","Fabales Bromhead","Fabaceae","Senegalia"
"Acacia gracilifolia","","BSJWW","BSJWW","BYZTL","Acacia gracilifolia Maiden & Blakely","Acacia gracilifolia","Maiden & Blakely","accepted","Acacia gracilifolia Maiden & Blakely","SECTION BOTANY:sect. Plurinerves|GENUS:Acacia|FAMILY:Fabaceae|ORDER:Fabales Bromhead|CLASS:Magnoliopsida|PHYLUM:Tracheophyta|SUBKINGDOM:Pteridobiotina Britton & Brown|KINGDOM:Plantae|DOMAIN:Eukaryota (Chatton, 1925) Whittaker & Margulis, 1978","Plantae","Tracheophyta","Magnoliopsida","Fabales Bromhead","Fabaceae","Acacia"
"Acacia grandicornuta","","BSRT7","BTCDB","BTCDB","Acacia grandicornuta Gerstner","Acacia grandicornuta","Gerstner","synonym","Vachellia grandicornuta (Gerstner) Seigler & Ebinger","SPECIES:Vachellia grandicornuta (Gerstner) Seigler & Ebinger|GENUS:Vachellia|FAMILY:Fabaceae|ORDER:Fabales Bromhead|CLASS:Magnoliopsida|PHYLUM:Tracheophyta|SUBKINGDOM:Pteridobiotina Britton & Brown|KINGDOM:Plantae|DOMAIN:Eukaryota (Chatton, 1925) Whittaker & Margulis, 1978","Plantae","Tracheophyta","Magnoliopsida","Fabales Bromhead","Fabaceae","Vachellia"
"Acacia grayana","","8PBY","8PBY","9JGMY","Acacia grayana J.H.Willis","Acacia grayana","J.H.Willis","accepted","Acacia grayana J.H.Willis","SECTION BOTANY:sect. Acacia|GENUS:Acacia|FAMILY:Fabaceae|ORDER:Fabales Bromhead|CLASS:Magnoliopsida|PHYLUM:Tracheophyta|SUBKINGDOM:Pteridobiotina Britton & Brown|KINGDOM:Plantae|DOMAIN:Eukaryota (Chatton, 1925) Whittaker & Margulis, 1978","Plantae","Tracheophyta","Magnoliopsida","Fabales Bromhead","Fabaceae","Acacia"
"Acacia greggii","","BSRTB","BSKSV","BSKSV","Acacia greggii A.Gray","Acacia greggii","A.Gray","synonym","Senegalia greggii (A.Gray) Britton & Rose","SPECIES:Senegalia greggii (A.Gray) Britton & Rose|SECTION BOTANY:Monacanthea sect. Monacanthea pro parte|GENUS:Senegalia|FAMILY:Fabaceae|ORDER:Fabales Bromhead|CLASS:Magnoliopsida|PHYLUM:Tracheophyta|SUBKINGDOM:Pteridobiotina Britton & Brown|KINGDOM:Plantae|DOMAIN:Eukaryota (Chatton, 1925) Whittaker & Margulis, 1978","Plantae","Tracheophyta","Magnoliopsida","Fabales Bromhead","Fabaceae","Senegalia"
"Acacia grisea","","BSJXB","BSJXB","BYZTM","Acacia grisea S.Moore","Acacia grisea","S.Moore","accepted","Acacia grisea S.Moore","SECTION BOTANY:sect. Pulchellae|GENUS:Acacia|FAMILY:Fabaceae|ORDER:Fabales Bromhead|CLASS:Magnoliopsida|PHYLUM:Tracheophyta|SUBKINGDOM:Pteridobiotina Britton & Brown|KINGDOM:Plantae|DOMAIN:Eukaryota (Chatton, 1925) Whittaker & Margulis, 1978","Plantae","Tracheophyta","Magnoliopsida","Fabales Bromhead","Fabaceae","Acacia"
"Acacia gummifera","","9CMVF","BSKWQ","BSKWQ","Acacia gummifera Delile","Acacia gummifera","Delile","ambiguous synonym","Vachellia tortilis (Forssk.) Galasso & Banfi","SPECIES:Vachellia tortilis (Forssk.) Galasso & Banfi|GENUS:Vachellia|FAMILY:Fabaceae|ORDER:Fabales Bromhead|CLASS:Magnoliopsida|PHYLUM:Tracheophyta|SUBKINGDOM:Pteridobiotina Britton & Brown|KINGDOM:Plantae|DOMAIN:Eukaryota (Chatton, 1925) Whittaker & Margulis, 1978","Plantae","Tracheophyta","Magnoliopsida","Fabales Bromhead","Fabaceae","Vachellia"
"Acacia gunnii","","BSJXC","BSJXC","9JGMY","Acacia gunnii Benth.","Acacia gunnii","Benth.","accepted","Acacia gunnii Benth.","SECTION BOTANY:sect. Acacia|GENUS:Acacia|FAMILY:Fabaceae|ORDER:Fabales Bromhead|CLASS:Magnoliopsida|PHYLUM:Tracheophyta|SUBKINGDOM:Pteridobiotina Britton & Brown|KINGDOM:Plantae|DOMAIN:Eukaryota (Chatton, 1925) Whittaker & Margulis, 1978","Plantae","Tracheophyta","Magnoliopsida","Fabales Bromhead","Fabaceae","Acacia"
"Acacia haematoxylon","","BSRTF","BTCDD","BTCDD","Acacia haematoxylon Willd.","Acacia haematoxylon","Willd.","synonym","Vachellia haematoxylon (Willd.) Seigler & Ebinger","SPECIES:Vachellia haematoxylon (Willd.) Seigler & Ebinger|GENUS:Vachellia|FAMILY:Fabaceae|ORDER:Fabales Bromhead|CLASS:Magnoliopsida|PHYLUM:Tracheophyta|SUBKINGDOM:Pteridobiotina Britton & Brown|KINGDOM:Plantae|DOMAIN:Eukaryota (Chatton, 1925) Whittaker & Margulis, 1978","Plantae","Tracheophyta","Magnoliopsida","Fabales Bromhead","Fabaceae","Vachellia"
"Acacia hakeoides","","BSJXH","BSJXH","9JGMY","Acacia hakeoides A.Cunn. ex Benth.","Acacia hakeoides","A.Cunn. ex Benth.","accepted","Acacia hakeoides A.Cunn. ex Benth.","SECTION BOTANY:sect. Acacia|GENUS:Acacia|FAMILY:Fabaceae|ORDER:Fabales Bromhead|CLASS:Magnoliopsida|PHYLUM:Tracheophyta|SUBKINGDOM:Pteridobiotina Britton & Brown|KINGDOM:Plantae|DOMAIN:Eukaryota (Chatton, 1925) Whittaker & Margulis, 1978","Plantae","Tracheophyta","Magnoliopsida","Fabales Bromhead","Fabaceae","Acacia"
"Acacia hamersleyensis","","BSGMC","BSGMC","BYZSL","Acacia hamersleyensis Maslin","Acacia hamersleyensis","Maslin","accepted","Acacia hamersleyensis Maslin","SECTION BOTANY:sect. Juliflorae|GENUS:Acacia|FAMILY:Fabaceae|ORDER:Fabales Bromhead|CLASS:Magnoliopsida|PHYLUM:Tracheophyta|SUBKINGDOM:Pteridobiotina Britton & Brown|KINGDOM:Plantae|DOMAIN:Eukaryota (Chatton, 1925) Whittaker & Margulis, 1978","Plantae","Tracheophyta","Magnoliopsida","Fabales Bromhead","Fabaceae","Acacia"
"Acacia hammondii","","BSJXK","BSJXK","BYZSL","Acacia hammondii Maiden","Acacia hammondii","Maiden","accepted","Acacia hammondii Maiden","SECTION BOTANY:sect. Juliflorae|GENUS:Acacia|FAMILY:Fabaceae|ORDER:Fabales Bromhead|CLASS:Magnoliopsida|PHYLUM:Tracheophyta|SUBKINGDOM:Pteridobiotina Britton & Brown|KINGDOM:Plantae|DOMAIN:Eukaryota (Chatton, 1925) Whittaker & Margulis, 1978","Plantae","Tracheophyta","Magnoliopsida","Fabales Bromhead","Fabaceae","Acacia"
"Acacia harmandiana","","BSRTJ","BTCDF","BTCDF","Acacia harmandiana (Pierre) Gagnep.","Acacia harmandiana","(Pierre) Gagnep.","synonym","Vachellia harmandiana (Pierre) Maslin, Seigler & Ebinger","SPECIES:Vachellia harmandiana (Pierre) Maslin, Seigler & Ebinger|GENUS:Vachellia|FAMILY:Fabaceae|ORDER:Fabales Bromhead|CLASS:Magnoliopsida|PHYLUM:Tracheophyta|SUBKINGDOM:Pteridobiotina Britton & Brown|KINGDOM:Plantae|DOMAIN:Eukaryota (Chatton, 1925) Whittaker & Margulis, 1978","Plantae","Tracheophyta","Magnoliopsida","Fabales Bromhead","Fabaceae","Vachellia"
"Acacia harpophylla","","BSGMD","BSGMD","BYZTL","Acacia harpophylla F.Muell. ex Benth.","Acacia harpophylla","F.Muell. ex Benth.","accepted","Acacia harpophylla F.Muell. ex Benth.","SECTION BOTANY:sect. Plurinerves|GENUS:Acacia|FAMILY:Fabaceae|ORDER:Fabales Bromhead|CLASS:Magnoliopsida|PHYLUM:Tracheophyta|SUBKINGDOM:Pteridobiotina Britton & Brown|KINGDOM:Plantae|DOMAIN:Eukaryota (Chatton, 1925) Whittaker & Margulis, 1978","Plantae","Tracheophyta","Magnoliopsida","Fabales Bromhead","Fabaceae","Acacia"
"Acacia hartwegii","","BSRTK","BSS4C","BSS4C","Acacia hartwegii Benth.","Acacia hartwegii","Benth.","synonym","Acaciella hartwegii (Benth.) Britton & Rose","SPECIES:Acaciella hartwegii (Benth.) Britton & Rose|GENUS:Acaciella|FAMILY:Fabaceae|ORDER:Fabales Bromhead|CLASS:Magnoliopsida|PHYLUM:Tracheophyta|SUBKINGDOM:Pteridobiotina Britton & Brown|KINGDOM:Plantae|DOMAIN:Eukaryota (Chatton, 1925) Whittaker & Margulis, 1978","Plantae","Tracheophyta","Magnoliopsida","Fabales Bromhead","Fabaceae","Acaciella"
"Acacia harveyi","","BSJXN","BSJXN","9JGMY","Acacia harveyi Benth.","Acacia harveyi","Benth.","accepted","Acacia harveyi Benth.","SECTION BOTANY:sect. Acacia|GENUS:Acacia|FAMILY:Fabaceae|ORDER:Fabales Bromhead|CLASS:Magnoliopsida|PHYLUM:Tracheophyta|SUBKINGDOM:Pteridobiotina Britton & Brown|KINGDOM:Plantae|DOMAIN:Eukaryota (Chatton, 1925) Whittaker & Margulis, 1978","Plantae","Tracheophyta","Magnoliopsida","Fabales Bromhead","Fabaceae","Acacia"
"Acacia havilandiorum","","BSGMG","BSGMG","BYZTL","Acacia havilandiorum Maiden","Acacia havilandiorum","Maiden","accepted","Acacia havilandiorum Maiden","SECTION BOTANY:sect. Plurinerves|GENUS:Acacia|FAMILY:Fabaceae|ORDER:Fabales Bromhead|CLASS:Magnoliopsida|PHYLUM:Tracheophyta|SUBKINGDOM:Pteridobiotina Britton & Brown|KINGDOM:Plantae|DOMAIN:Eukaryota (Chatton, 1925) Whittaker & Margulis, 1978","Plantae","Tracheophyta","Magnoliopsida","Fabales Bromhead","Fabaceae","Acacia"
"Acacia hayesii","","BSRTL","BT928","BT928","Acacia hayesii Benth.","Acacia hayesii","Benth.","synonym","Senegalia hayesii (Benth.) Britton & Rose","SPECIES:Senegalia hayesii (Benth.) Britton & Rose|SECTION BOTANY:Monacanthea sect. Monacanthea pro parte|GENUS:Senegalia|FAMILY:Fabaceae|ORDER:Fabales Bromhead|CLASS:Magnoliopsida|PHYLUM:Tracheophyta|SUBKINGDOM:Pteridobiotina Britton & Brown|KINGDOM:Plantae|DOMAIN:Eukaryota (Chatton, 1925) Whittaker & Margulis, 1978","Plantae","Tracheophyta","Magnoliopsida","Fabales Bromhead","Fabaceae","Senegalia"
"Acacia hebeclada","","9JPN2","BTFTB","BTFTB","Acacia hebeclada sens. Bews","Acacia hebeclada","sens. Bews","misapplied","Vachellia sieberiana var. woodii (Burtt Davy) Kyal. & Boatwr.","VARIETY:Vachellia sieberiana var. woodii (Burtt Davy) Kyal. & Boatwr.|SPECIES:Vachellia sieberiana (DC.) Kyal. & Boatwr.|GENUS:Vachellia|FAMILY:Fabaceae|ORDER:Fabales Bromhead|CLASS:Magnoliopsida|PHYLUM:Tracheophyta|SUBKINGDOM:Pteridobiotina Britton & Brown|KINGDOM:Plantae|DOMAIN:Eukaryota (Chatton, 1925) Whittaker & Margulis, 1978","Plantae","Tracheophyta","Magnoliopsida","Fabales Bromhead","Fabaceae","Vachellia"
"Acacia hecatophylla","","BSRTN","BT929","BT929","Acacia hecatophylla Steud. ex A.Rich.","Acacia hecatophylla","Steud. ex A.Rich.","synonym","Senegalia hecatophylla (Steud. ex. A.Rich.) Kyal. & Boatwr.","SPECIES:Senegalia hecatophylla (Steud. ex. A.Rich.) Kyal. & Boatwr.|SECTION BOTANY:sect. Senegalia|GENUS:Senegalia|FAMILY:Fabaceae|ORDER:Fabales Bromhead|CLASS:Magnoliopsida|PHYLUM:Tracheophyta|SUBKINGDOM:Pteridobiotina Britton & Brown|KINGDOM:Plantae|DOMAIN:Eukaryota (Chatton, 1925) Whittaker & Margulis, 1978","Plantae","Tracheophyta","Magnoliopsida","Fabales Bromhead","Fabaceae","Senegalia"
"Acacia hemignosta","","BSGMH","BSGMH","BYZTL","Acacia hemignosta F.Muell.","Acacia hemignosta","F.Muell.","accepted","Acacia hemignosta F.Muell.","SECTION BOTANY:sect. Plurinerves|GENUS:Acacia|FAMILY:Fabaceae|ORDER:Fabales Bromhead|CLASS:Magnoliopsida|PHYLUM:Tracheophyta|SUBKINGDOM:Pteridobiotina Britton & Brown|KINGDOM:Plantae|DOMAIN:Eukaryota (Chatton, 1925) Whittaker & Margulis, 1978","Plantae","Tracheophyta","Magnoliopsida","Fabales Bromhead","Fabaceae","Acacia"
"Acacia hemiteles","","BSJXR","BSJXR","9JGMY","Acacia hemiteles Benth.","Acacia hemiteles","Benth.","accepted","Acacia hemiteles Benth.","SECTION BOTANY:sect. Acacia|GENUS:Acacia|FAMILY:Fabaceae|ORDER:Fabales Bromhead|CLASS:Magnoliopsida|PHYLUM:Tracheophyta|SUBKINGDOM:Pteridobiotina Britton & Brown|KINGDOM:Plantae|DOMAIN:Eukaryota (Chatton, 1925) Whittaker & Margulis, 1978","Plantae","Tracheophyta","Magnoliopsida","Fabales Bromhead","Fabaceae","Acacia"
"Acacia hereroensis","","BSRTP","BSKSW","BSKSW","Acacia hereroensis Engl.","Acacia hereroensis","Engl.","synonym","Senegalia hereroensis (Engl.) Kyal. & Boatwr.","SPECIES:Senegalia hereroensis (Engl.) Kyal. & Boatwr.|SECTION BOTANY:sect. Senegalia|GENUS:Senegalia|FAMILY:Fabaceae|ORDER:Fabales Bromhead|CLASS:Magnoliopsida|PHYLUM:Tracheophyta|SUBKINGDOM:Pteridobiotina Britton & Brown|KINGDOM:Plantae|DOMAIN:Eukaryota (Chatton, 1925) Whittaker & Margulis, 1978","Plantae","Tracheophyta","Magnoliopsida","Fabales Bromhead","Fabaceae","Senegalia"
"Acacia hindsii","","BSHHJ","BTCDH","BTCDH","Acacia hindsii Benth.","Acacia hindsii","Benth.","synonym","Vachellia hindsii (Benth.) Seigler & Ebinger","SPECIES:Vachellia hindsii (Benth.) Seigler & Ebinger|GENUS:Vachellia|FAMILY:Fabaceae|ORDER:Fabales Bromhead|CLASS:Magnoliopsida|PHYLUM:Tracheophyta|SUBKINGDOM:Pteridobiotina Britton & Brown|KINGDOM:Plantae|DOMAIN:Eukaryota (Chatton, 1925) Whittaker & Margulis, 1978","Plantae","Tracheophyta","Magnoliopsida","Fabales Bromhead","Fabaceae","Vachellia"
"Acacia hippuroides","","BSJY2","BSJY2","BYZSQ","Acacia hippuroides Heward ex Benth.","Acacia hippuroides","Heward ex Benth.","accepted","Acacia hippuroides Heward ex Benth.","SECTION BOTANY:sect. Lycopodiifoliae|GENUS:Acacia|FAMILY:Fabaceae|ORDER:Fabales Bromhead|CLASS:Magnoliopsida|PHYLUM:Tracheophyta|SUBKINGDOM:Pteridobiotina Britton & Brown|KINGDOM:Plantae|DOMAIN:Eukaryota (Chatton, 1925) Whittaker & Margulis, 1978","Plantae","Tracheophyta","Magnoliopsida","Fabales Bromhead","Fabaceae","Acacia"
"Acacia hispidula","","BSJY4","BSJY4","9JGMY","Acacia hispidula (Sm.) Willd.","Acacia hispidula","(Sm.) Willd.","accepted","Acacia hispidula (Sm.) Willd.","SECTION BOTANY:sect. Acacia|GENUS:Acacia|FAMILY:Fabaceae|ORDER:Fabales Bromhead|CLASS:Magnoliopsida|PHYLUM:Tracheophyta|SUBKINGDOM:Pteridobiotina Britton & Brown|KINGDOM:Plantae|DOMAIN:Eukaryota (Chatton, 1925) Whittaker & Margulis, 1978","Plantae","Tracheophyta","Magnoliopsida","Fabales Bromhead","Fabaceae","Acacia"
"Acacia hockii","","BSTF3","BTCDJ","BTCDJ","Acacia hockii De Wild.","Acacia hockii","De Wild.","synonym","Vachellia hockii (De Wild.) Seigler & Ebinger","SPECIES:Vachellia hockii (De Wild.) Seigler & Ebinger|GENUS:Vachellia|FAMILY:Fabaceae|ORDER:Fabales Bromhead|CLASS:Magnoliopsida|PHYLUM:Tracheophyta|SUBKINGDOM:Pteridobiotina Britton & Brown|KINGDOM:Plantae|DOMAIN:Eukaryota (Chatton, 1925) Whittaker & Margulis, 1978","Plantae","Tracheophyta","Magnoliopsida","Fabales Bromhead","Fabaceae","Vachellia"
"Acacia hockingsii","","BSJY5","BSJY5","9JGMY","Acacia hockingsii Pedley","Acacia hockingsii","Pedley","accepted","Acacia hockingsii Pedley","SECTION BOTANY:sect. Acacia|GENUS:Acacia|FAMILY:Fabaceae|ORDER:Fabales Bromhead|CLASS:Magnoliopsida|PHYLUM:Tracheophyta|SUBKINGDOM:Pteridobiotina Britton & Brown|KINGDOM:Plantae|DOMAIN:Eukaryota (Chatton, 1925) Whittaker & Margulis, 1978","Plantae","Tracheophyta","Magnoliopsida","Fabales Bromhead","Fabaceae","Acacia"
"Acacia holosericea","","BSJY7","BSJY7","BYZSL","Acacia holosericea A.Cunn. ex G.Don","Acacia holosericea","A.Cunn. ex G.Don","accepted","Acacia holosericea A.Cunn. ex G.Don","SECTION BOTANY:sect. Juliflorae|GENUS:Acacia|FAMILY:Fabaceae|ORDER:Fabales Bromhead|CLASS:Magnoliopsida|PHYLUM:Tracheophyta|SUBKINGDOM:Pteridobiotina Britton & Brown|KINGDOM:Plantae|DOMAIN:Eukaryota (Chatton, 1925) Whittaker & Margulis, 1978","Plantae","Tracheophyta","Magnoliopsida","Fabales Bromhead","Fabaceae","Acacia"
"Acacia homalophylla","","8PDT","8PDT","BYZTL","Acacia homalophylla A.Cunn. ex Benth.","Acacia homalophylla","A.Cunn. ex Benth.","accepted","Acacia homalophylla A.Cunn. ex Benth.","SECTION BOTANY:sect. Plurinerves|GENUS:Acacia|FAMILY:Fabaceae|ORDER:Fabales Bromhead|CLASS:Magnoliopsida|PHYLUM:Tracheophyta|SUBKINGDOM:Pteridobiotina Britton & Brown|KINGDOM:Plantae|DOMAIN:Eukaryota (Chatton, 1925) Whittaker & Margulis, 1978","Plantae","Tracheophyta","Magnoliopsida","Fabales Bromhead","Fabaceae","Acacia"
"Acacia horridula","","BSJYL","BSJYL","9JGMY","Acacia horridula Meisn.","Acacia horridula","Meisn.","accepted","Acacia horridula Meisn.","SECTION BOTANY:sect. Acacia|GENUS:Acacia|FAMILY:Fabaceae|ORDER:Fabales Bromhead|CLASS:Magnoliopsida|PHYLUM:Tracheophyta|SUBKINGDOM:Pteridobiotina Britton & Brown|KINGDOM:Plantae|DOMAIN:Eukaryota (Chatton, 1925) Whittaker & Margulis, 1978","Plantae","Tracheophyta","Magnoliopsida","Fabales Bromhead","Fabaceae","Acacia"
"Acacia howittii","","BSJYM","BSJYM","9JGMY","Acacia howittii F.Muell.","Acacia howittii","F.Muell.","accepted","Acacia howittii F.Muell.","SECTION BOTANY:sect. Acacia|GENUS:Acacia|FAMILY:Fabaceae|ORDER:Fabales Bromhead|CLASS:Magnoliopsida|PHYLUM:Tracheophyta|SUBKINGDOM:Pteridobiotina Britton & Brown|KINGDOM:Plantae|DOMAIN:Eukaryota (Chatton, 1925) Whittaker & Margulis, 1978","Plantae","Tracheophyta","Magnoliopsida","Fabales Bromhead","Fabaceae","Acacia"
"Acacia humifusa","","BSJYP","BSJYP","BYZSL","Acacia humifusa A.Cunn. ex Benth.","Acacia humifusa","A.Cunn. ex Benth.","accepted","Acacia humifusa A.Cunn. ex Benth.","SECTION BOTANY:sect. Juliflorae|GENUS:Acacia|FAMILY:Fabaceae|ORDER:Fabales Bromhead|CLASS:Magnoliopsida|PHYLUM:Tracheophyta|SUBKINGDOM:Pteridobiotina Britton & Brown|KINGDOM:Plantae|DOMAIN:Eukaryota (Chatton, 1925) Whittaker & Margulis, 1978","Plantae","Tracheophyta","Magnoliopsida","Fabales Bromhead","Fabaceae","Acacia"
"Acacia hydaspica","","BSRTT","7F979","7F979","Acacia hydaspica J.R.Drumm. ex R.Parker","Acacia hydaspica","J.R.Drumm. ex R.Parker","synonym","Vachellia hydaspica (J.R.Drumm. ex R.Parker) Ali","SPECIES:Vachellia hydaspica (J.R.Drumm. ex R.Parker) Ali|GENUS:Vachellia|FAMILY:Fabaceae|ORDER:Fabales Bromhead|CLASS:Magnoliopsida|PHYLUM:Tracheophyta|SUBKINGDOM:Pteridobiotina Britton & Brown|KINGDOM:Plantae|DOMAIN:Eukaryota (Chatton, 1925) Whittaker & Margulis, 1978","Plantae","Tracheophyta","Magnoliopsida","Fabales Bromhead","Fabaceae","Vachellia"
"Acacia idiomorpha","","BSGMQ","BSGMQ","9JGMY","Acacia idiomorpha A.Cunn. ex Benth.","Acacia idiomorpha","A.Cunn. ex Benth.","accepted","Acacia idiomorpha A.Cunn. ex Benth.","SECTION BOTANY:sect. Acacia|GENUS:Acacia|FAMILY:Fabaceae|ORDER:Fabales Bromhead|CLASS:Magnoliopsida|PHYLUM:Tracheophyta|SUBKINGDOM:Pteridobiotina Britton & Brown|KINGDOM:Plantae|DOMAIN:Eukaryota (Chatton, 1925) Whittaker & Margulis, 1978","Plantae","Tracheophyta","Magnoliopsida","Fabales Bromhead","Fabaceae","Acacia"
"Acacia implexa","","BSJZ2","BSJZ2","BYZTL","Acacia implexa Benth.","Acacia implexa","Benth.","accepted","Acacia implexa Benth.","SECTION BOTANY:sect. Plurinerves|GENUS:Acacia|FAMILY:Fabaceae|ORDER:Fabales Bromhead|CLASS:Magnoliopsida|PHYLUM:Tracheophyta|SUBKINGDOM:Pteridobiotina Britton & Brown|KINGDOM:Plantae|DOMAIN:Eukaryota (Chatton, 1925) Whittaker & Margulis, 1978","Plantae","Tracheophyta","Magnoliopsida","Fabales Bromhead","Fabaceae","Acacia"
"Acacia inaequilatera","","BSGMR","BSGMR","9JGMY","Acacia inaequilatera Domin","Acacia inaequilatera","Domin","accepted","Acacia inaequilatera Domin","SECTION BOTANY:sect. Acacia|GENUS:Acacia|FAMILY:Fabaceae|ORDER:Fabales Bromhead|CLASS:Magnoliopsida|PHYLUM:Tracheophyta|SUBKINGDOM:Pteridobiotina Britton & Brown|KINGDOM:Plantae|DOMAIN:Eukaryota (Chatton, 1925) Whittaker & Margulis, 1978","Plantae","Tracheophyta","Magnoliopsida","Fabales Bromhead","Fabaceae","Acacia"
"Acacia ingrata","","BSJZG","BSJZG","9JGMY","Acacia ingrata Benth.","Acacia ingrata","Benth.","accepted","Acacia ingrata Benth.","SECTION BOTANY:sect. Acacia|GENUS:Acacia|FAMILY:Fabaceae|ORDER:Fabales Bromhead|CLASS:Magnoliopsida|PHYLUM:Tracheophyta|SUBKINGDOM:Pteridobiotina Britton & Brown|KINGDOM:Plantae|DOMAIN:Eukaryota (Chatton, 1925) Whittaker & Margulis, 1978","Plantae","Tracheophyta","Magnoliopsida","Fabales Bromhead","Fabaceae","Acacia"
"Acacia interior","","BSRV2","BT92D","BT92D","Acacia interior (Britton & Rose) McVaugh","Acacia interior","(Britton & Rose) McVaugh","synonym","Senegalia interior Britton & Rose","SPECIES:Senegalia interior Britton & Rose|SECTION BOTANY:Monacanthea sect. Monacanthea pro parte|GENUS:Senegalia|FAMILY:Fabaceae|ORDER:Fabales Bromhead|CLASS:Magnoliopsida|PHYLUM:Tracheophyta|SUBKINGDOM:Pteridobiotina Britton & Brown|KINGDOM:Plantae|DOMAIN:Eukaryota (Chatton, 1925) Whittaker & Margulis, 1978","Plantae","Tracheophyta","Magnoliopsida","Fabales Bromhead","Fabaceae","Senegalia"
"Acacia irrorata","","BSJZS","BSJZS","BYZS4","Acacia irrorata Sieber ex Spreng.","Acacia irrorata","Sieber ex Spreng.","accepted","Acacia irrorata Sieber ex Spreng.","SECTION BOTANY:sect. Botrycephalae|GENUS:Acacia|FAMILY:Fabaceae|ORDER:Fabales Bromhead|CLASS:Magnoliopsida|PHYLUM:Tracheophyta|SUBKINGDOM:Pteridobiotina Britton & Brown|KINGDOM:Plantae|DOMAIN:Eukaryota (Chatton, 1925) Whittaker & Margulis, 1978","Plantae","Tracheophyta","Magnoliopsida","Fabales Bromhead","Fabaceae","Acacia"
"Acacia islana","","BSJZT","BSJZT","9JGMY","Acacia islana Pedley","Acacia islana","Pedley","accepted","Acacia islana Pedley","SECTION BOTANY:sect. Acacia|GENUS:Acacia|FAMILY:Fabaceae|ORDER:Fabales Bromhead|CLASS:Magnoliopsida|PHYLUM:Tracheophyta|SUBKINGDOM:Pteridobiotina Britton & Brown|KINGDOM:Plantae|DOMAIN:Eukaryota (Chatton, 1925) Whittaker & Margulis, 1978","Plantae","Tracheophyta","Magnoliopsida","Fabales Bromhead","Fabaceae","Acacia"
"Acacia iteaphylla","","BSGMX","BSGMX","9JGMY","Acacia iteaphylla F.Muell. ex Benth.","Acacia iteaphylla","F.Muell. ex Benth.","accepted","Acacia iteaphylla F.Muell. ex Benth.","SECTION BOTANY:sect. Acacia|GENUS:Acacia|FAMILY:Fabaceae|ORDER:Fabales Bromhead|CLASS:Magnoliopsida|PHYLUM:Tracheophyta|SUBKINGDOM:Pteridobiotina Britton & Brown|KINGDOM:Plantae|DOMAIN:Eukaryota (Chatton, 1925) Whittaker & Margulis, 1978","Plantae","Tracheophyta","Magnoliopsida","Fabales Bromhead","Fabaceae","Acacia"
"Acacia ixiophylla","","BSJZW","BSJZW","BYZTL","Acacia ixiophylla Benth.","Acacia ixiophylla","Benth.","accepted","Acacia ixiophylla Benth.","SECTION BOTANY:sect. Plurinerves|GENUS:Acacia|FAMILY:Fabaceae|ORDER:Fabales Bromhead|CLASS:Magnoliopsida|PHYLUM:Tracheophyta|SUBKINGDOM:Pteridobiotina Britton & Brown|KINGDOM:Plantae|DOMAIN:Eukaryota (Chatton, 1925) Whittaker & Margulis, 1978","Plantae","Tracheophyta","Magnoliopsida","Fabales Bromhead","Fabaceae","Acacia"
"Acacia ixodes","","BSJZX","BSJZX","9JGMY","Acacia ixodes Pedley","Acacia ixodes","Pedley","accepted","Acacia ixodes Pedley","SECTION BOTANY:sect. Acacia|GENUS:Acacia|FAMILY:Fabaceae|ORDER:Fabales Bromhead|CLASS:Magnoliopsida|PHYLUM:Tracheophyta|SUBKINGDOM:Pteridobiotina Britton & Brown|KINGDOM:Plantae|DOMAIN:Eukaryota (Chatton, 1925) Whittaker & Margulis, 1978","Plantae","Tracheophyta","Magnoliopsida","Fabales Bromhead","Fabaceae","Acacia"
"Acacia jacksonioides","","BSGMY","BSGMY","9JGMY","Acacia jacksonioides Maslin","Acacia jacksonioides","Maslin","accepted","Acacia jacksonioides Maslin","SECTION BOTANY:sect. Acacia|GENUS:Acacia|FAMILY:Fabaceae|ORDER:Fabales Bromhead|CLASS:Magnoliopsida|PHYLUM:Tracheophyta|SUBKINGDOM:Pteridobiotina Britton & Brown|KINGDOM:Plantae|DOMAIN:Eukaryota (Chatton, 1925) Whittaker & Margulis, 1978","Plantae","Tracheophyta","Magnoliopsida","Fabales Bromhead","Fabaceae","Acacia"
"Acacia jennerae","","BSK22","BSK22","9JGMY","Acacia jennerae Maiden","Acacia jennerae","Maiden","accepted","Acacia jennerae Maiden","SECTION BOTANY:sect. Acacia|GENUS:Acacia|FAMILY:Fabaceae|ORDER:Fabales Bromhead|CLASS:Magnoliopsida|PHYLUM:Tracheophyta|SUBKINGDOM:Pteridobiotina Britton & Brown|KINGDOM:Plantae|DOMAIN:Eukaryota (Chatton, 1925) Whittaker & Margulis, 1978","Plantae","Tracheophyta","Magnoliopsida","Fabales Bromhead","Fabaceae","Acacia"
"Acacia jibberdingensis","","BSGN2","BSGN2","BYZSL","Acacia jibberdingensis Maiden & Blakely","Acacia jibberdingensis","Maiden & Blakely","accepted","Acacia jibberdingensis Maiden & Blakely","SECTION BOTANY:sect. Juliflorae|GENUS:Acacia|FAMILY:Fabaceae|ORDER:Fabales Bromhead|CLASS:Magnoliopsida|PHYLUM:Tracheophyta|SUBKINGDOM:Pteridobiotina Britton & Brown|KINGDOM:Plantae|DOMAIN:Eukaryota (Chatton, 1925) Whittaker & Margulis, 1978","Plantae","Tracheophyta","Magnoliopsida","Fabales Bromhead","Fabaceae","Acacia"
"Acacia jonesii","","BSK26","BSK26","BYZS4","Acacia jonesii F.Muell. & Maiden","Acacia jonesii","F.Muell. & Maiden","accepted","Acacia jonesii F.Muell. & Maiden","SECTION BOTANY:sect. Botrycephalae|GENUS:Acacia|FAMILY:Fabaceae|ORDER:Fabales Bromhead|CLASS:Magnoliopsida|PHYLUM:Tracheophyta|SUBKINGDOM:Pteridobiotina Britton & Brown|KINGDOM:Plantae|DOMAIN:Eukaryota (Chatton, 1925) Whittaker & Margulis, 1978","Plantae","Tracheophyta","Magnoliopsida","Fabales Bromhead","Fabaceae","Acacia"
"Acacia jucunda","","BSK27","BSK27","9JGMY","Acacia jucunda Maiden & Blakely","Acacia jucunda","Maiden & Blakely","accepted","Acacia jucunda Maiden & Blakely","SECTION BOTANY:sect. Acacia|GENUS:Acacia|FAMILY:Fabaceae|ORDER:Fabales Bromhead|CLASS:Magnoliopsida|PHYLUM:Tracheophyta|SUBKINGDOM:Pteridobiotina Britton & Brown|KINGDOM:Plantae|DOMAIN:Eukaryota (Chatton, 1925) Whittaker & Margulis, 1978","Plantae","Tracheophyta","Magnoliopsida","Fabales Bromhead","Fabaceae","Acacia"
"Acacia julifera","","BSK28","BSK28","BYZSL","Acacia julifera Benth.","Acacia julifera","Benth.","accepted","Acacia julifera Benth.","SECTION BOTANY:sect. Juliflorae|GENUS:Acacia|FAMILY:Fabaceae|ORDER:Fabales Bromhead|CLASS:Magnoliopsida|PHYLUM:Tracheophyta|SUBKINGDOM:Pteridobiotina Britton & Brown|KINGDOM:Plantae|DOMAIN:Eukaryota (Chatton, 1925) Whittaker & Margulis, 1978","Plantae","Tracheophyta","Magnoliopsida","Fabales Bromhead","Fabaceae","Acacia"
"Acacia karroo","","BSK2F","BSG6J","BSG6J","Acacia karroo Hayne","Acacia karroo","Hayne","synonym","Vachellia karroo (Hayne) Banfi & Galasso","SPECIES:Vachellia karroo (Hayne) Banfi & Galasso|GENUS:Vachellia|FAMILY:Fabaceae|ORDER:Fabales Bromhead|CLASS:Magnoliopsida|PHYLUM:Tracheophyta|SUBKINGDOM:Pteridobiotina Britton & Brown|KINGDOM:Plantae|DOMAIN:Eukaryota (Chatton, 1925) Whittaker & Margulis, 1978","Plantae","Tracheophyta","Magnoliopsida","Fabales Bromhead","Fabaceae","Vachellia"
"Acacia kelleri","","BSK2J","BSK2J","BYZSL","Acacia kelleri F.Muell.","Acacia kelleri","F.Muell.","accepted","Acacia kelleri F.Muell.","SECTION BOTANY:sect. Juliflorae|GENUS:Acacia|FAMILY:Fabaceae|ORDER:Fabales Bromhead|CLASS:Magnoliopsida|PHYLUM:Tracheophyta|SUBKINGDOM:Pteridobiotina Britton & Brown|KINGDOM:Plantae|DOMAIN:Eukaryota (Chatton, 1925) Whittaker & Margulis, 1978","Plantae","Tracheophyta","Magnoliopsida","Fabales Bromhead","Fabaceae","Acacia"
"Acacia kempeana","","BSK2K","BSK2K","BYZSL","Acacia kempeana F.Muell.","Acacia kempeana","F.Muell.","accepted","Acacia kempeana F.Muell.","SECTION BOTANY:sect. Juliflorae|GENUS:Acacia|FAMILY:Fabaceae|ORDER:Fabales Bromhead|CLASS:Magnoliopsida|PHYLUM:Tracheophyta|SUBKINGDOM:Pteridobiotina Britton & Brown|KINGDOM:Plantae|DOMAIN:Eukaryota (Chatton, 1925) Whittaker & Margulis, 1978","Plantae","Tracheophyta","Magnoliopsida","Fabales Bromhead","Fabaceae","Acacia"
"Acacia kettlewelliae","","BSK2N","BSK2N","9JGMY","Acacia kettlewelliae Maiden","Acacia kettlewelliae","Maiden","accepted","Acacia kettlewelliae Maiden","SECTION BOTANY:sect. Acacia|GENUS:Acacia|FAMILY:Fabaceae|ORDER:Fabales Bromhead|CLASS:Magnoliopsida|PHYLUM:Tracheophyta|SUBKINGDOM:Pteridobiotina Britton & Brown|KINGDOM:Plantae|DOMAIN:Eukaryota (Chatton, 1925) Whittaker & Margulis, 1978","Plantae","Tracheophyta","Magnoliopsida","Fabales Bromhead","Fabaceae","Acacia"
"Acacia kraussiana","","BSRVM","BT92M","BT92M","Acacia kraussiana Meisn. ex Benth.","Acacia kraussiana","Meisn. ex Benth.","synonym","Senegalia kraussiana (Meisn. ex Benth.) Kyal. & Boatwr.","SPECIES:Senegalia kraussiana (Meisn. ex Benth.) Kyal. & Boatwr.|SECTION BOTANY:Monacanthea sect. Monacanthea pro parte|GENUS:Senegalia|FAMILY:Fabaceae|ORDER:Fabales Bromhead|CLASS:Magnoliopsida|PHYLUM:Tracheophyta|SUBKINGDOM:Pteridobiotina Britton & Brown|KINGDOM:Plantae|DOMAIN:Eukaryota (Chatton, 1925) Whittaker & Margulis, 1978","Plantae","Tracheophyta","Magnoliopsida","Fabales Bromhead","Fabaceae","Senegalia"
"Acacia kuhlmannii","","BSRVN","BTDXL","BTDXL","Acacia kuhlmannii Ducke","Acacia kuhlmannii","Ducke","synonym","Senegalia kuhlmannii (Ducke) Seigler & Ebinger","SPECIES:Senegalia kuhlmannii (Ducke) Seigler & Ebinger|SECTION BOTANY:Monacanthea sect. Monacanthea pro parte|GENUS:Senegalia|FAMILY:Fabaceae|ORDER:Fabales Bromhead|CLASS:Magnoliopsida|PHYLUM:Tracheophyta|SUBKINGDOM:Pteridobiotina Britton & Brown|KINGDOM:Plantae|DOMAIN:Eukaryota (Chatton, 1925) Whittaker & Margulis, 1978","Plantae","Tracheophyta","Magnoliopsida","Fabales Bromhead","Fabaceae","Senegalia"
"Acacia kydrensis","","BSK2V","BSK2V","9JGMY","Acacia kydrensis Tindale","Acacia kydrensis","Tindale","accepted","Acacia kydrensis Tindale","SECTION BOTANY:sect. Acacia|GENUS:Acacia|FAMILY:Fabaceae|ORDER:Fabales Bromhead|CLASS:Magnoliopsida|PHYLUM:Tracheophyta|SUBKINGDOM:Pteridobiotina Britton & Brown|KINGDOM:Plantae|DOMAIN:Eukaryota (Chatton, 1925) Whittaker & Margulis, 1978","Plantae","Tracheophyta","Magnoliopsida","Fabales Bromhead","Fabaceae","Acacia"
"Acacia lachnophylla","","BSGN7","BSGN7","9JGMY","Acacia lachnophylla F.Muell.","Acacia lachnophylla","F.Muell.","accepted","Acacia lachnophylla F.Muell.","SECTION BOTANY:sect. Acacia|GENUS:Acacia|FAMILY:Fabaceae|ORDER:Fabales Bromhead|CLASS:Magnoliopsida|PHYLUM:Tracheophyta|SUBKINGDOM:Pteridobiotina Britton & Brown|KINGDOM:Plantae|DOMAIN:Eukaryota (Chatton, 1925) Whittaker & Margulis, 1978","Plantae","Tracheophyta","Magnoliopsida","Fabales Bromhead","Fabaceae","Acacia"
"Acacia laeta","","BSRVQ","BSKSY","BSKSY","Acacia laeta R.Br. ex Benth.","Acacia laeta","R.Br. ex Benth.","synonym","Senegalia laeta (R.Br. ex Benth.) Seigler & Ebinger","SPECIES:Senegalia laeta (R.Br. ex Benth.) Seigler & Ebinger|SECTION BOTANY:sect. Senegalia|GENUS:Senegalia|FAMILY:Fabaceae|ORDER:Fabales Bromhead|CLASS:Magnoliopsida|PHYLUM:Tracheophyta|SUBKINGDOM:Pteridobiotina Britton & Brown|KINGDOM:Plantae|DOMAIN:Eukaryota (Chatton, 1925) Whittaker & Margulis, 1978","Plantae","Tracheophyta","Magnoliopsida","Fabales Bromhead","Fabaceae","Senegalia"
"Acacia lahai","","BSRVS","BTCDS","BTCDS","Acacia lahai Steud. & Hochst. ex Benth.","Acacia lahai","Steud. & Hochst. ex Benth.","synonym","Vachellia lahai (Steud. & Hochst. ex Benth.) Kyal. & Boatwr.","SPECIES:Vachellia lahai (Steud. & Hochst. ex Benth.) Kyal. & Boatwr.|GENUS:Vachellia|FAMILY:Fabaceae|ORDER:Fabales Bromhead|CLASS:Magnoliopsida|PHYLUM:Tracheophyta|SUBKINGDOM:Pteridobiotina Britton & Brown|KINGDOM:Plantae|DOMAIN:Eukaryota (Chatton, 1925) Whittaker & Margulis, 1978","Plantae","Tracheophyta","Magnoliopsida","Fabales Bromhead","Fabaceae","Vachellia"
"Acacia lanigera","","BSG9R","BSG9R","BYZTL","Acacia lanigera A.Cunn.","Acacia lanigera","A.Cunn.","accepted","Acacia lanigera A.Cunn.","SECTION BOTANY:sect. Plurinerves|GENUS:Acacia|FAMILY:Fabaceae|ORDER:Fabales Bromhead|CLASS:Magnoliopsida|PHYLUM:Tracheophyta|SUBKINGDOM:Pteridobiotina Britton & Brown|KINGDOM:Plantae|DOMAIN:Eukaryota (Chatton, 1925) Whittaker & Margulis, 1978","Plantae","Tracheophyta","Magnoliopsida","Fabales Bromhead","Fabaceae","Acacia"
"Acacia lasiocalyx","","BSGN8","BSGN8","BYZSL","Acacia lasiocalyx C.R.P.Andrews","Acacia lasiocalyx","C.R.P.Andrews","accepted","Acacia lasiocalyx C.R.P.Andrews","SECTION BOTANY:sect. Juliflorae|GENUS:Acacia|FAMILY:Fabaceae|ORDER:Fabales Bromhead|CLASS:Magnoliopsida|PHYLUM:Tracheophyta|SUBKINGDOM:Pteridobiotina Britton & Brown|KINGDOM:Plantae|DOMAIN:Eukaryota (Chatton, 1925) Whittaker & Margulis, 1978","Plantae","Tracheophyta","Magnoliopsida","Fabales Bromhead","Fabaceae","Acacia"
"Acacia lasiocarpa","","BSGN9","BSGN9","BYZTM","Acacia lasiocarpa Benth.","Acacia lasiocarpa","Benth.","accepted","Acacia lasiocarpa Benth.","SECTION BOTANY:sect. Pulchellae|GENUS:Acacia|FAMILY:Fabaceae|ORDER:Fabales Bromhead|CLASS:Magnoliopsida|PHYLUM:Tracheophyta|SUBKINGDOM:Pteridobiotina Britton & Brown|KINGDOM:Plantae|DOMAIN:Eukaryota (Chatton, 1925) Whittaker & Margulis, 1978","Plantae","Tracheophyta","Magnoliopsida","Fabales Bromhead","Fabaceae","Acacia"
"Acacia latifolia","","BSK39","BSK39","BYZSL","Acacia latifolia Benth.","Acacia latifolia","Benth.","accepted","Acacia latifolia Benth.","SECTION BOTANY:sect. Juliflorae|GENUS:Acacia|FAMILY:Fabaceae|ORDER:Fabales Bromhead|CLASS:Magnoliopsida|PHYLUM:Tracheophyta|SUBKINGDOM:Pteridobiotina Britton & Brown|KINGDOM:Plantae|DOMAIN:Eukaryota (Chatton, 1925) Whittaker & Margulis, 1978","Plantae","Tracheophyta","Magnoliopsida","Fabales Bromhead","Fabaceae","Acacia"
"Acacia latipes","","BSK3C","BSK3C","BYZTL","Acacia latipes Benth.","Acacia latipes","Benth.","accepted","Acacia latipes Benth.","SECTION BOTANY:sect. Plurinerves|GENUS:Acacia|FAMILY:Fabaceae|ORDER:Fabales Bromhead|CLASS:Magnoliopsida|PHYLUM:Tracheophyta|SUBKINGDOM:Pteridobiotina Britton & Brown|KINGDOM:Plantae|DOMAIN:Eukaryota (Chatton, 1925) Whittaker & Margulis, 1978","Plantae","Tracheophyta","Magnoliopsida","Fabales Bromhead","Fabaceae","Acacia"
"Acacia latisepala","","BSGND","BSGND","BYZS4","Acacia latisepala Pedley","Acacia latisepala","Pedley","accepted","Acacia latisepala Pedley","SECTION BOTANY:sect. Botrycephalae|GENUS:Acacia|FAMILY:Fabaceae|ORDER:Fabales Bromhead|CLASS:Magnoliopsida|PHYLUM:Tracheophyta|SUBKINGDOM:Pteridobiotina Britton & Brown|KINGDOM:Plantae|DOMAIN:Eukaryota (Chatton, 1925) Whittaker & Margulis, 1978","Plantae","Tracheophyta","Magnoliopsida","Fabales Bromhead","Fabaceae","Acacia"
"Acacia leiocalyx","","BSK3L","BSK3L","BYZSL","Acacia leiocalyx (Domin) Pedley","Acacia leiocalyx","(Domin) Pedley","accepted","Acacia leiocalyx (Domin) Pedley","SECTION BOTANY:sect. Juliflorae|GENUS:Acacia|FAMILY:Fabaceae|ORDER:Fabales Bromhead|CLASS:Magnoliopsida|PHYLUM:Tracheophyta|SUBKINGDOM:Pteridobiotina Britton & Brown|KINGDOM:Plantae|DOMAIN:Eukaryota (Chatton, 1925) Whittaker & Margulis, 1978","Plantae","Tracheophyta","Magnoliopsida","Fabales Bromhead","Fabaceae","Acacia"
"Acacia leioderma","","BSK3N","BSK3N","BYZTM","Acacia leioderma Maslin","Acacia leioderma","Maslin","accepted","Acacia leioderma Maslin","SECTION BOTANY:sect. Pulchellae|GENUS:Acacia|FAMILY:Fabaceae|ORDER:Fabales Bromhead|CLASS:Magnoliopsida|PHYLUM:Tracheophyta|SUBKINGDOM:Pteridobiotina Britton & Brown|KINGDOM:Plantae|DOMAIN:Eukaryota (Chatton, 1925) Whittaker & Margulis, 1978","Plantae","Tracheophyta","Magnoliopsida","Fabales Bromhead","Fabaceae","Acacia"
"Acacia lentiginea","","BSK3R","BSK3R","BYZSL","Acacia lentiginea Maiden & Blakely","Acacia lentiginea","Maiden & Blakely","accepted","Acacia lentiginea Maiden & Blakely","SECTION BOTANY:sect. Juliflorae|GENUS:Acacia|FAMILY:Fabaceae|ORDER:Fabales Bromhead|CLASS:Magnoliopsida|PHYLUM:Tracheophyta|SUBKINGDOM:Pteridobiotina Britton & Brown|KINGDOM:Plantae|DOMAIN:Eukaryota (Chatton, 1925) Whittaker & Margulis, 1978","Plantae","Tracheophyta","Magnoliopsida","Fabales Bromhead","Fabaceae","Acacia"
"Acacia leprosa","","BSK3S","BSK3S","9JGMY","Acacia leprosa Sieber ex DC.","Acacia leprosa","Sieber ex DC.","accepted","Acacia leprosa Sieber ex DC.","SECTION BOTANY:sect. Acacia|GENUS:Acacia|FAMILY:Fabaceae|ORDER:Fabales Bromhead|CLASS:Magnoliopsida|PHYLUM:Tracheophyta|SUBKINGDOM:Pteridobiotina Britton & Brown|KINGDOM:Plantae|DOMAIN:Eukaryota (Chatton, 1925) Whittaker & Margulis, 1978","Plantae","Tracheophyta","Magnoliopsida","Fabales Bromhead","Fabaceae","Acacia"
"Acacia leptoclada","","BSK3X","BSK3X","BYZS4","Acacia leptoclada A.Cunn. ex Benth.","Acacia leptoclada","A.Cunn. ex Benth.","accepted","Acacia leptoclada A.Cunn. ex Benth.","SECTION BOTANY:sect. Botrycephalae|GENUS:Acacia|FAMILY:Fabaceae|ORDER:Fabales Bromhead|CLASS:Magnoliopsida|PHYLUM:Tracheophyta|SUBKINGDOM:Pteridobiotina Britton & Brown|KINGDOM:Plantae|DOMAIN:Eukaryota (Chatton, 1925) Whittaker & Margulis, 1978","Plantae","Tracheophyta","Magnoliopsida","Fabales Bromhead","Fabaceae","Acacia"
"Acacia leptopetala","","BSK42","BSK42","9JGMY","Acacia leptopetala Benth.","Acacia leptopetala","Benth.","accepted","Acacia leptopetala Benth.","SECTION BOTANY:sect. Acacia|GENUS:Acacia|FAMILY:Fabaceae|ORDER:Fabales Bromhead|CLASS:Magnoliopsida|PHYLUM:Tracheophyta|SUBKINGDOM:Pteridobiotina Britton & Brown|KINGDOM:Plantae|DOMAIN:Eukaryota (Chatton, 1925) Whittaker & Margulis, 1978","Plantae","Tracheophyta","Magnoliopsida","Fabales Bromhead","Fabaceae","Acacia"
"Acacia leptophleba","","9JPPL","9JPPL","BYZSL","Acacia leptophleba F.Muell. ex Benth.","Acacia leptophleba","F.Muell. ex Benth.","accepted","Acacia leptophleba F.Muell. ex Benth.","SECTION BOTANY:sect. Juliflorae|GENUS:Acacia|FAMILY:Fabaceae|ORDER:Fabales Bromhead|CLASS:Magnoliopsida|PHYLUM:Tracheophyta|SUBKINGDOM:Pteridobiotina Britton & Brown|KINGDOM:Plantae|DOMAIN:Eukaryota (Chatton, 1925) Whittaker & Margulis, 1978","Plantae","Tracheophyta","Magnoliopsida","Fabales Bromhead","Fabaceae","Acacia"
"Acacia leptospermoides","","BSK45","BSK45","9JGMY","Acacia leptospermoides Benth.","Acacia leptospermoides","Benth.","accepted","Acacia leptospermoides Benth.","SECTION BOTANY:sect. Acacia|GENUS:Acacia|FAMILY:Fabaceae|ORDER:Fabales Bromhead|CLASS:Magnoliopsida|PHYLUM:Tracheophyta|SUBKINGDOM:Pteridobiotina Britton & Brown|KINGDOM:Plantae|DOMAIN:Eukaryota (Chatton, 1925) Whittaker & Margulis, 1978","Plantae","Tracheophyta","Magnoliopsida","Fabales Bromhead","Fabaceae","Acacia"
"Acacia leptostachya","","BSGNG","BSGNG","BYZSL","Acacia leptostachya Benth.","Acacia leptostachya","Benth.","accepted","Acacia leptostachya Benth.","SECTION BOTANY:sect. Juliflorae|GENUS:Acacia|FAMILY:Fabaceae|ORDER:Fabales Bromhead|CLASS:Magnoliopsida|PHYLUM:Tracheophyta|SUBKINGDOM:Pteridobiotina Britton & Brown|KINGDOM:Plantae|DOMAIN:Eukaryota (Chatton, 1925) Whittaker & Margulis, 1978","Plantae","Tracheophyta","Magnoliopsida","Fabales Bromhead","Fabaceae","Acacia"
"Acacia leucoclada","","BSK49","BSK49","BYZS4","Acacia leucoclada Tindale","Acacia leucoclada","Tindale","accepted","Acacia leucoclada Tindale","SECTION BOTANY:sect. Botrycephalae|GENUS:Acacia|FAMILY:Fabaceae|ORDER:Fabales Bromhead|CLASS:Magnoliopsida|PHYLUM:Tracheophyta|SUBKINGDOM:Pteridobiotina Britton & Brown|KINGDOM:Plantae|DOMAIN:Eukaryota (Chatton, 1925) Whittaker & Margulis, 1978","Plantae","Tracheophyta","Magnoliopsida","Fabales Bromhead","Fabaceae","Acacia"
"Acacia leucophloea","","BSRW4","BTCDV","BTCDV","Acacia leucophloea (Roxb.) Willd.","Acacia leucophloea","(Roxb.) Willd.","synonym","Vachellia leucophloea (Roxb.) Maslin, Seigler & Ebinger","SPECIES:Vachellia leucophloea (Roxb.) Maslin, Seigler & Ebinger|GENUS:Vachellia|FAMILY:Fabaceae|ORDER:Fabales Bromhead|CLASS:Magnoliopsida|PHYLUM:Tracheophyta|SUBKINGDOM:Pteridobiotina Britton & Brown|KINGDOM:Plantae|DOMAIN:Eukaryota (Chatton, 1925) Whittaker & Margulis, 1978","Plantae","Tracheophyta","Magnoliopsida","Fabales Bromhead","Fabaceae","Vachellia"
"Acacia ligulata","","BSGNH","BSGNH","9JGMY","Acacia ligulata A.Cunn. ex Benth.","Acacia ligulata","A.Cunn. ex Benth.","accepted","Acacia ligulata A.Cunn. ex Benth.","SECTION BOTANY:sect. Acacia|GENUS:Acacia|FAMILY:Fabaceae|ORDER:Fabales Bromhead|CLASS:Magnoliopsida|PHYLUM:Tracheophyta|SUBKINGDOM:Pteridobiotina Britton & Brown|KINGDOM:Plantae|DOMAIN:Eukaryota (Chatton, 1925) Whittaker & Margulis, 1978","Plantae","Tracheophyta","Magnoliopsida","Fabales Bromhead","Fabaceae","Acacia"
"Acacia limbata","","BSK4J","BSK4J","BYZSL","Acacia limbata F.Muell.","Acacia limbata","F.Muell.","accepted","Acacia limbata F.Muell.","SECTION BOTANY:sect. Juliflorae|GENUS:Acacia|FAMILY:Fabaceae|ORDER:Fabales Bromhead|CLASS:Magnoliopsida|PHYLUM:Tracheophyta|SUBKINGDOM:Pteridobiotina Britton & Brown|KINGDOM:Plantae|DOMAIN:Eukaryota (Chatton, 1925) Whittaker & Margulis, 1978","Plantae","Tracheophyta","Magnoliopsida","Fabales Bromhead","Fabaceae","Acacia"
"Acacia linearifolia","","8PKC","8PKC","9JGMY","Acacia linearifolia A.Cunn. ex Maiden & Blakely","Acacia linearifolia","A.Cunn. ex Maiden & Blakely","accepted","Acacia linearifolia A.Cunn. ex Maiden & Blakely","SECTION BOTANY:sect. Acacia|GENUS:Acacia|FAMILY:Fabaceae|ORDER:Fabales Bromhead|CLASS:Magnoliopsida|PHYLUM:Tracheophyta|SUBKINGDOM:Pteridobiotina Britton & Brown|KINGDOM:Plantae|DOMAIN:Eukaryota (Chatton, 1925) Whittaker & Margulis, 1978","Plantae","Tracheophyta","Magnoliopsida","Fabales Bromhead","Fabaceae","Acacia"
"Acacia linifolia","","BSK4S","BSK4S","9JGMY","Acacia linifolia (Vent.) Willd.","Acacia linifolia","(Vent.) Willd.","accepted","Acacia linifolia (Vent.) Willd.","SECTION BOTANY:sect. Acacia|GENUS:Acacia|FAMILY:Fabaceae|ORDER:Fabales Bromhead|CLASS:Magnoliopsida|PHYLUM:Tracheophyta|SUBKINGDOM:Pteridobiotina Britton & Brown|KINGDOM:Plantae|DOMAIN:Eukaryota (Chatton, 1925) Whittaker & Margulis, 1978","Plantae","Tracheophyta","Magnoliopsida","Fabales Bromhead","Fabaceae","Acacia"
"Acacia loderi","","BSGNK","BSGNK","BYZTL","Acacia loderi Maiden","Acacia loderi","Maiden","accepted","Acacia loderi Maiden","SECTION BOTANY:sect. Plurinerves|GENUS:Acacia|FAMILY:Fabaceae|ORDER:Fabales Bromhead|CLASS:Magnoliopsida|PHYLUM:Tracheophyta|SUBKINGDOM:Pteridobiotina Britton & Brown|KINGDOM:Plantae|DOMAIN:Eukaryota (Chatton, 1925) Whittaker & Margulis, 1978","Plantae","Tracheophyta","Magnoliopsida","Fabales Bromhead","Fabaceae","Acacia"
"Acacia longifolia","","BSG5N","BSG5N","BYZSL","Acacia longifolia (Andrews) Willd.","Acacia longifolia","(Andrews) Willd.","accepted","Acacia longifolia (Andrews) Willd.","SECTION BOTANY:sect. Juliflorae|GENUS:Acacia|FAMILY:Fabaceae|ORDER:Fabales Bromhead|CLASS:Magnoliopsida|PHYLUM:Tracheophyta|SUBKINGDOM:Pteridobiotina Britton & Brown|KINGDOM:Plantae|DOMAIN:Eukaryota (Chatton, 1925) Whittaker & Margulis, 1978","Plantae","Tracheophyta","Magnoliopsida","Fabales Bromhead","Fabaceae","Acacia"
"Acacia longispicata","","BSGNL","BSGNL","BYZSL","Acacia longispicata Benth.","Acacia longispicata","Benth.","accepted","Acacia longispicata Benth.","SECTION BOTANY:sect. Juliflorae|GENUS:Acacia|FAMILY:Fabaceae|ORDER:Fabales Bromhead|CLASS:Magnoliopsida|PHYLUM:Tracheophyta|SUBKINGDOM:Pteridobiotina Britton & Brown|KINGDOM:Plantae|DOMAIN:Eukaryota (Chatton, 1925) Whittaker & Margulis, 1978","Plantae","Tracheophyta","Magnoliopsida","Fabales Bromhead","Fabaceae","Acacia"
"Acacia longispinea","","BSGNM","BSGNM","BYZTL","Acacia longispinea Morrison","Acacia longispinea","Morrison","accepted","Acacia longispinea Morrison","SECTION BOTANY:sect. Plurinerves|GENUS:Acacia|FAMILY:Fabaceae|ORDER:Fabales Bromhead|CLASS:Magnoliopsida|PHYLUM:Tracheophyta|SUBKINGDOM:Pteridobiotina Britton & Brown|KINGDOM:Plantae|DOMAIN:Eukaryota (Chatton, 1925) Whittaker & Margulis, 1978","Plantae","Tracheophyta","Magnoliopsida","Fabales Bromhead","Fabaceae","Acacia"
"Acacia lunata","","BSK5C","BSK5C","9JGMY","Acacia lunata G.Lodd.","Acacia lunata","G.Lodd.","accepted","Acacia lunata G.Lodd.","SECTION BOTANY:sect. Acacia|GENUS:Acacia|FAMILY:Fabaceae|ORDER:Fabales Bromhead|CLASS:Magnoliopsida|PHYLUM:Tracheophyta|SUBKINGDOM:Pteridobiotina Britton & Brown|KINGDOM:Plantae|DOMAIN:Eukaryota (Chatton, 1925) Whittaker & Margulis, 1978","Plantae","Tracheophyta","Magnoliopsida","Fabales Bromhead","Fabaceae","Acacia"
"Acacia lycopodiifolia","","BSK5F","BSK5F","BYZSQ","Acacia lycopodiifolia A.Cunn. ex Hook.","Acacia lycopodiifolia","A.Cunn. ex Hook.","accepted","Acacia lycopodiifolia A.Cunn. ex Hook.","SECTION BOTANY:sect. Lycopodiifoliae|GENUS:Acacia|FAMILY:Fabaceae|ORDER:Fabales Bromhead|CLASS:Magnoliopsida|PHYLUM:Tracheophyta|SUBKINGDOM:Pteridobiotina Britton & Brown|KINGDOM:Plantae|DOMAIN:Eukaryota (Chatton, 1925) Whittaker & Margulis, 1978","Plantae","Tracheophyta","Magnoliopsida","Fabales Bromhead","Fabaceae","Acacia"
"Acacia lysiphloia","","BSGNP","BSGNP","BYZSL","Acacia lysiphloia F.Muell.","Acacia lysiphloia","F.Muell.","accepted","Acacia lysiphloia F.Muell.","SECTION BOTANY:sect. Juliflorae|GENUS:Acacia|FAMILY:Fabaceae|ORDER:Fabales Bromhead|CLASS:Magnoliopsida|PHYLUM:Tracheophyta|SUBKINGDOM:Pteridobiotina Britton & Brown|KINGDOM:Plantae|DOMAIN:Eukaryota (Chatton, 1925) Whittaker & Margulis, 1978","Plantae","Tracheophyta","Magnoliopsida","Fabales Bromhead","Fabaceae","Acacia"
"Acacia macilenta","","BSRWC","BSKT3","BSKT3","Acacia macilenta Rose","Acacia macilenta","Rose","synonym","Senegalia macilenta (Rose) Britton & Rose","SPECIES:Senegalia macilenta (Rose) Britton & Rose|SECTION BOTANY:Monacanthea sect. Monacanthea pro parte|GENUS:Senegalia|FAMILY:Fabaceae|ORDER:Fabales Bromhead|CLASS:Magnoliopsida|PHYLUM:Tracheophyta|SUBKINGDOM:Pteridobiotina Britton & Brown|KINGDOM:Plantae|DOMAIN:Eukaryota (Chatton, 1925) Whittaker & Margulis, 1978","Plantae","Tracheophyta","Magnoliopsida","Fabales Bromhead","Fabaceae","Senegalia"
"Acacia macracantha","","BSRWD","BSKWK","BSKWK","Acacia macracantha Humb. & Bonpl. ex Willd.","Acacia macracantha","Humb. & Bonpl. ex Willd.","synonym","Vachellia macracantha (Humb. & Bonpl. ex Willd.) Seigler & Ebinger","SPECIES:Vachellia macracantha (Humb. & Bonpl. ex Willd.) Seigler & Ebinger|GENUS:Vachellia|FAMILY:Fabaceae|ORDER:Fabales Bromhead|CLASS:Magnoliopsida|PHYLUM:Tracheophyta|SUBKINGDOM:Pteridobiotina Britton & Brown|KINGDOM:Plantae|DOMAIN:Eukaryota (Chatton, 1925) Whittaker & Margulis, 1978","Plantae","Tracheophyta","Magnoliopsida","Fabales Bromhead","Fabaceae","Vachellia"
"Acacia macradenia","","BSGNR","BSGNR","9JGMY","Acacia macradenia Benth.","Acacia macradenia","Benth.","accepted","Acacia macradenia Benth.","SECTION BOTANY:sect. Acacia|GENUS:Acacia|FAMILY:Fabaceae|ORDER:Fabales Bromhead|CLASS:Magnoliopsida|PHYLUM:Tracheophyta|SUBKINGDOM:Pteridobiotina Britton & Brown|KINGDOM:Plantae|DOMAIN:Eukaryota (Chatton, 1925) Whittaker & Margulis, 1978","Plantae","Tracheophyta","Magnoliopsida","Fabales Bromhead","Fabaceae","Acacia"
"Acacia macrostachya","","BSRWF","BSKT4","BSKT4","Acacia macrostachya Rchb. ex DC.","Acacia macrostachya","Rchb. ex DC.","synonym","Senegalia macrostachya (Rchb. ex DC.) Kyal. & Boatwr.","SPECIES:Senegalia macrostachya (Rchb. ex DC.) Kyal. & Boatwr.|SECTION BOTANY:Monacanthea sect. Monacanthea sens. str.|GENUS:Senegalia|FAMILY:Fabaceae|ORDER:Fabales Bromhead|CLASS:Magnoliopsida|PHYLUM:Tracheophyta|SUBKINGDOM:Pteridobiotina Britton & Brown|KINGDOM:Plantae|DOMAIN:Eukaryota (Chatton, 1925) Whittaker & Margulis, 1978","Plantae","Tracheophyta","Magnoliopsida","Fabales Bromhead","Fabaceae","Senegalia"
"Acacia maidenii","","BSK5M","BSK5M","BYZSL","Acacia maidenii F.Muell.","Acacia maidenii","F.Muell.","accepted","Acacia maidenii F.Muell.","SECTION BOTANY:sect. Juliflorae|GENUS:Acacia|FAMILY:Fabaceae|ORDER:Fabales Bromhead|CLASS:Magnoliopsida|PHYLUM:Tracheophyta|SUBKINGDOM:Pteridobiotina Britton & Brown|KINGDOM:Plantae|DOMAIN:Eukaryota (Chatton, 1925) Whittaker & Margulis, 1978","Plantae","Tracheophyta","Magnoliopsida","Fabales Bromhead","Fabaceae","Acacia"
"Acacia maitlandii","","BSGNS","BSGNS","9JGMY","Acacia maitlandii F.Muell.","Acacia maitlandii","F.Muell.","accepted","Acacia maitlandii F.Muell.","SECTION BOTANY:sect. Acacia|GENUS:Acacia|FAMILY:Fabaceae|ORDER:Fabales Bromhead|CLASS:Magnoliopsida|PHYLUM:Tracheophyta|SUBKINGDOM:Pteridobiotina Britton & Brown|KINGDOM:Plantae|DOMAIN:Eukaryota (Chatton, 1925) Whittaker & Margulis, 1978","Plantae","Tracheophyta","Magnoliopsida","Fabales Bromhead","Fabaceae","Acacia"
"Acacia mammifera","","BSRWL","BT4JT","BT4JT","Acacia mammifera Schltdl.","Acacia mammifera","Schltdl.","synonym","Mariosousa mammifera (Schltdl.) Seigler & Ebinger","SPECIES:Mariosousa mammifera (Schltdl.) Seigler & Ebinger|GENUS:Mariosousa|FAMILY:Fabaceae|ORDER:Fabales Bromhead|CLASS:Magnoliopsida|PHYLUM:Tracheophyta|SUBKINGDOM:Pteridobiotina Britton & Brown|KINGDOM:Plantae|DOMAIN:Eukaryota (Chatton, 1925) Whittaker & Margulis, 1978","Plantae","Tracheophyta","Magnoliopsida","Fabales Bromhead","Fabaceae","Mariosousa"
"Acacia mangium","","BSG29","BSG29","BYZSL","Acacia mangium Willd.","Acacia mangium","Willd.","accepted","Acacia mangium Willd.","SECTION BOTANY:sect. Juliflorae|GENUS:Acacia|FAMILY:Fabaceae|ORDER:Fabales Bromhead|CLASS:Magnoliopsida|PHYLUM:Tracheophyta|SUBKINGDOM:Pteridobiotina Britton & Brown|KINGDOM:Plantae|DOMAIN:Eukaryota (Chatton, 1925) Whittaker & Margulis, 1978","Plantae","Tracheophyta","Magnoliopsida","Fabales Bromhead","Fabaceae","Acacia"
"Acacia marramamba","","BSGNV","BSGNV","9JGMY","Acacia marramamba Maslin","Acacia marramamba","Maslin","accepted","Acacia marramamba Maslin","SECTION BOTANY:sect. Acacia|GENUS:Acacia|FAMILY:Fabaceae|ORDER:Fabales Bromhead|CLASS:Magnoliopsida|PHYLUM:Tracheophyta|SUBKINGDOM:Pteridobiotina Britton & Brown|KINGDOM:Plantae|DOMAIN:Eukaryota (Chatton, 1925) Whittaker & Margulis, 1978","Plantae","Tracheophyta","Magnoliopsida","Fabales Bromhead","Fabaceae","Acacia"
"Acacia masliniana","","BSGNW","BSGNW","BYZTL","Acacia masliniana R.S.Cowan","Acacia masliniana","R.S.Cowan","accepted","Acacia masliniana R.S.Cowan","SECTION BOTANY:sect. Plurinerves|GENUS:Acacia|FAMILY:Fabaceae|ORDER:Fabales Bromhead|CLASS:Magnoliopsida|PHYLUM:Tracheophyta|SUBKINGDOM:Pteridobiotina Britton & Brown|KINGDOM:Plantae|DOMAIN:Eukaryota (Chatton, 1925) Whittaker & Margulis, 1978","Plantae","Tracheophyta","Magnoliopsida","Fabales Bromhead","Fabaceae","Acacia"
"Acacia matthewii","","BSK5V","BSK5V","BYZSL","Acacia matthewii Tindale & S.J.Davies","Acacia matthewii","Tindale & S.J.Davies","accepted","Acacia matthewii Tindale & S.J.Davies","SECTION BOTANY:sect. Juliflorae|GENUS:Acacia|FAMILY:Fabaceae|ORDER:Fabales Bromhead|CLASS:Magnoliopsida|PHYLUM:Tracheophyta|SUBKINGDOM:Pteridobiotina Britton & Brown|KINGDOM:Plantae|DOMAIN:Eukaryota (Chatton, 1925) Whittaker & Margulis, 1978","Plantae","Tracheophyta","Magnoliopsida","Fabales Bromhead","Fabaceae","Acacia"
"Acacia mayana","","BSHHM","BTCDX","BTCDX","Acacia mayana Lundell","Acacia mayana","Lundell","synonym","Vachellia mayana (Lundell) Seigler & Ebinger","SPECIES:Vachellia mayana (Lundell) Seigler & Ebinger|GENUS:Vachellia|FAMILY:Fabaceae|ORDER:Fabales Bromhead|CLASS:Magnoliopsida|PHYLUM:Tracheophyta|SUBKINGDOM:Pteridobiotina Britton & Brown|KINGDOM:Plantae|DOMAIN:Eukaryota (Chatton, 1925) Whittaker & Margulis, 1978","Plantae","Tracheophyta","Magnoliopsida","Fabales Bromhead","Fabaceae","Vachellia"
"Acacia mearnsii","","BSG5P","BSG5P","BYZS4","Acacia mearnsii De Wild.","Acacia mearnsii","De Wild.","accepted","Acacia mearnsii De Wild.","SECTION BOTANY:sect. Botrycephalae|GENUS:Acacia|FAMILY:Fabaceae|ORDER:Fabales Bromhead|CLASS:Magnoliopsida|PHYLUM:Tracheophyta|SUBKINGDOM:Pteridobiotina Britton & Brown|KINGDOM:Plantae|DOMAIN:Eukaryota (Chatton, 1925) Whittaker & Margulis, 1978","Plantae","Tracheophyta","Magnoliopsida","Fabales Bromhead","Fabaceae","Acacia"
"Acacia megacephala","","BSK5X","BSK5X","BYZTM","Acacia megacephala Maslin","Acacia megacephala","Maslin","accepted","Acacia megacephala Maslin","SECTION BOTANY:sect. Pulchellae|GENUS:Acacia|FAMILY:Fabaceae|ORDER:Fabales Bromhead|CLASS:Magnoliopsida|PHYLUM:Tracheophyta|SUBKINGDOM:Pteridobiotina Britton & Brown|KINGDOM:Plantae|DOMAIN:Eukaryota (Chatton, 1925) Whittaker & Margulis, 1978","Plantae","Tracheophyta","Magnoliopsida","Fabales Bromhead","Fabaceae","Acacia"
"Acacia meiantha","","BSK62","BSK62","9JGMY","Acacia meiantha Tindale & Hersc.","Acacia meiantha","Tindale & Hersc.","accepted","Acacia meiantha Tindale & Hersc.","SECTION BOTANY:sect. Acacia|GENUS:Acacia|FAMILY:Fabaceae|ORDER:Fabales Bromhead|CLASS:Magnoliopsida|PHYLUM:Tracheophyta|SUBKINGDOM:Pteridobiotina Britton & Brown|KINGDOM:Plantae|DOMAIN:Eukaryota (Chatton, 1925) Whittaker & Margulis, 1978","Plantae","Tracheophyta","Magnoliopsida","Fabales Bromhead","Fabaceae","Acacia"
"Acacia meisneri","","9JPQH","9JPQH","9JGMY","Acacia meisneri Lehm. ex Meisn.","Acacia meisneri","Lehm. ex Meisn.","accepted","Acacia meisneri Lehm. ex Meisn.","SECTION BOTANY:sect. Acacia|GENUS:Acacia|FAMILY:Fabaceae|ORDER:Fabales Bromhead|CLASS:Magnoliopsida|PHYLUM:Tracheophyta|SUBKINGDOM:Pteridobiotina Britton & Brown|KINGDOM:Plantae|DOMAIN:Eukaryota (Chatton, 1925) Whittaker & Margulis, 1978","Plantae","Tracheophyta","Magnoliopsida","Fabales Bromhead","Fabaceae","Acacia"
"Acacia melleodora","","BSGNY","BSGNY","9JGMY","Acacia melleodora Pedley","Acacia melleodora","Pedley","accepted","Acacia melleodora Pedley","SECTION BOTANY:sect. Acacia|GENUS:Acacia|FAMILY:Fabaceae|ORDER:Fabales Bromhead|CLASS:Magnoliopsida|PHYLUM:Tracheophyta|SUBKINGDOM:Pteridobiotina Britton & Brown|KINGDOM:Plantae|DOMAIN:Eukaryota (Chatton, 1925) Whittaker & Margulis, 1978","Plantae","Tracheophyta","Magnoliopsida","Fabales Bromhead","Fabaceae","Acacia"
"Acacia mellifera","","9JPQM","BT92Z","BT92Z","Acacia mellifera (Vahl.) Benth.","Acacia mellifera","(Vahl.) Benth.","synonym","Senegalia mellifera (Vahl) Seigler & Ebinger","SPECIES:Senegalia mellifera (Vahl) Seigler & Ebinger|SECTION BOTANY:sect. Senegalia|GENUS:Senegalia|FAMILY:Fabaceae|ORDER:Fabales Bromhead|CLASS:Magnoliopsida|PHYLUM:Tracheophyta|SUBKINGDOM:Pteridobiotina Britton & Brown|KINGDOM:Plantae|DOMAIN:Eukaryota (Chatton, 1925) Whittaker & Margulis, 1978","Plantae","Tracheophyta","Magnoliopsida","Fabales Bromhead","Fabaceae","Senegalia"
"Acacia melvillei","","BSGNZ","BSGNZ","BYZTL","Acacia melvillei Pedley","Acacia melvillei","Pedley","accepted","Acacia melvillei Pedley","SECTION BOTANY:sect. Plurinerves|GENUS:Acacia|FAMILY:Fabaceae|ORDER:Fabales Bromhead|CLASS:Magnoliopsida|PHYLUM:Tracheophyta|SUBKINGDOM:Pteridobiotina Britton & Brown|KINGDOM:Plantae|DOMAIN:Eukaryota (Chatton, 1925) Whittaker & Margulis, 1978","Plantae","Tracheophyta","Magnoliopsida","Fabales Bromhead","Fabaceae","Acacia"
"Acacia menzelii","","BSK66","BSK66","BYZTL","Acacia menzelii J.M.Black","Acacia menzelii","J.M.Black","accepted","Acacia menzelii J.M.Black","SECTION BOTANY:sect. Plurinerves|GENUS:Acacia|FAMILY:Fabaceae|ORDER:Fabales Bromhead|CLASS:Magnoliopsida|PHYLUM:Tracheophyta|SUBKINGDOM:Pteridobiotina Britton & Brown|KINGDOM:Plantae|DOMAIN:Eukaryota (Chatton, 1925) Whittaker & Margulis, 1978","Plantae","Tracheophyta","Magnoliopsida","Fabales Bromhead","Fabaceae","Acacia"
"Acacia merinthophora","","BSK67","BSK67","BYZSL","Acacia merinthophora E.Pritz.","Acacia merinthophora","E.Pritz.","accepted","Acacia merinthophora E.Pritz.","SECTION BOTANY:sect. Juliflorae|GENUS:Acacia|FAMILY:Fabaceae|ORDER:Fabales Bromhead|CLASS:Magnoliopsida|PHYLUM:Tracheophyta|SUBKINGDOM:Pteridobiotina Britton & Brown|KINGDOM:Plantae|DOMAIN:Eukaryota (Chatton, 1925) Whittaker & Margulis, 1978","Plantae","Tracheophyta","Magnoliopsida","Fabales Bromhead","Fabaceae","Acacia"
"Acacia merrallii","","BSK69","BSK69","9JGMY","Acacia merrallii F.Muell.","Acacia merrallii","F.Muell.","accepted","Acacia merrallii F.Muell.","SECTION BOTANY:sect. Acacia|GENUS:Acacia|FAMILY:Fabaceae|ORDER:Fabales Bromhead|CLASS:Magnoliopsida|PHYLUM:Tracheophyta|SUBKINGDOM:Pteridobiotina Britton & Brown|KINGDOM:Plantae|DOMAIN:Eukaryota (Chatton, 1925) Whittaker & Margulis, 1978","Plantae","Tracheophyta","Magnoliopsida","Fabales Bromhead","Fabaceae","Acacia"
"Acacia microcalyx","","BSGP2","BSGP2","9JGMY","Acacia microcalyx Maslin","Acacia microcalyx","Maslin","accepted","Acacia microcalyx Maslin","SECTION BOTANY:sect. Acacia|GENUS:Acacia|FAMILY:Fabaceae|ORDER:Fabales Bromhead|CLASS:Magnoliopsida|PHYLUM:Tracheophyta|SUBKINGDOM:Pteridobiotina Britton & Brown|KINGDOM:Plantae|DOMAIN:Eukaryota (Chatton, 1925) Whittaker & Margulis, 1978","Plantae","Tracheophyta","Magnoliopsida","Fabales Bromhead","Fabaceae","Acacia"
"Acacia microcarpa","","BSGP3","BSGP3","9JGMY","Acacia microcarpa F.Muell.","Acacia microcarpa","F.Muell.","accepted","Acacia microcarpa F.Muell.","SECTION BOTANY:sect. Acacia|GENUS:Acacia|FAMILY:Fabaceae|ORDER:Fabales Bromhead|CLASS:Magnoliopsida|PHYLUM:Tracheophyta|SUBKINGDOM:Pteridobiotina Britton & Brown|KINGDOM:Plantae|DOMAIN:Eukaryota (Chatton, 1925) Whittaker & Margulis, 1978","Plantae","Tracheophyta","Magnoliopsida","Fabales Bromhead","Fabaceae","Acacia"
"Acacia millefolia","","BSK6N","BSMNM","BSMNM","Acacia millefolia S.Watson","Acacia millefolia","S.Watson","synonym","Mariosousa millefolia (S.Watson) Seigler & Ebinger","SPECIES:Mariosousa millefolia (S.Watson) Seigler & Ebinger|GENUS:Mariosousa|FAMILY:Fabaceae|ORDER:Fabales Bromhead|CLASS:Magnoliopsida|PHYLUM:Tracheophyta|SUBKINGDOM:Pteridobiotina Britton & Brown|KINGDOM:Plantae|DOMAIN:Eukaryota (Chatton, 1925) Whittaker & Margulis, 1978","Plantae","Tracheophyta","Magnoliopsida","Fabales Bromhead","Fabaceae","Mariosousa"
"Acacia mimica","","BSK6P","BSK6P","BYZTL","Acacia mimica R.S.Cowan & Maslin","Acacia mimica","R.S.Cowan & Maslin","accepted","Acacia mimica R.S.Cowan & Maslin","SECTION BOTANY:sect. Plurinerves|GENUS:Acacia|FAMILY:Fabaceae|ORDER:Fabales Bromhead|CLASS:Magnoliopsida|PHYLUM:Tracheophyta|SUBKINGDOM:Pteridobiotina Britton & Brown|KINGDOM:Plantae|DOMAIN:Eukaryota (Chatton, 1925) Whittaker & Margulis, 1978","Plantae","Tracheophyta","Magnoliopsida","Fabales Bromhead","Fabaceae","Acacia"
"Acacia mimula","","BSK6Q","BSK6Q","BYZTL","Acacia mimula Pedley","Acacia mimula","Pedley","accepted","Acacia mimula Pedley","SECTION BOTANY:sect. Plurinerves|GENUS:Acacia|FAMILY:Fabaceae|ORDER:Fabales Bromhead|CLASS:Magnoliopsida|PHYLUM:Tracheophyta|SUBKINGDOM:Pteridobiotina Britton & Brown|KINGDOM:Plantae|DOMAIN:Eukaryota (Chatton, 1925) Whittaker & Margulis, 1978","Plantae","Tracheophyta","Magnoliopsida","Fabales Bromhead","Fabaceae","Acacia"
"Acacia minyura","","BSGP4","BSGP4","BYZSL","Acacia minyura Randell","Acacia minyura","Randell","accepted","Acacia minyura Randell","SECTION BOTANY:sect. Juliflorae|GENUS:Acacia|FAMILY:Fabaceae|ORDER:Fabales Bromhead|CLASS:Magnoliopsida|PHYLUM:Tracheophyta|SUBKINGDOM:Pteridobiotina Britton & Brown|KINGDOM:Plantae|DOMAIN:Eukaryota (Chatton, 1925) Whittaker & Margulis, 1978","Plantae","Tracheophyta","Magnoliopsida","Fabales Bromhead","Fabaceae","Acacia"
"Acacia mollifolia","","BSK73","BSK73","BYZS4","Acacia mollifolia Maiden & Blakely","Acacia mollifolia","Maiden & Blakely","accepted","Acacia mollifolia Maiden & Blakely","SECTION BOTANY:sect. Botrycephalae|GENUS:Acacia|FAMILY:Fabaceae|ORDER:Fabales Bromhead|CLASS:Magnoliopsida|PHYLUM:Tracheophyta|SUBKINGDOM:Pteridobiotina Britton & Brown|KINGDOM:Plantae|DOMAIN:Eukaryota (Chatton, 1925) Whittaker & Margulis, 1978","Plantae","Tracheophyta","Magnoliopsida","Fabales Bromhead","Fabaceae","Acacia"
"Acacia monacantha","","BSRXB","9KS3Q","9KS3Q","Acacia monacantha Willd.","Acacia monacantha","Willd.","synonym","Senegalia monacantha (Willd.) Seigler & Ebinger","SPECIES:Senegalia monacantha (Willd.) Seigler & Ebinger|SECTION BOTANY:Monacanthea sect. Monacanthea pro parte|GENUS:Senegalia|FAMILY:Fabaceae|ORDER:Fabales Bromhead|CLASS:Magnoliopsida|PHYLUM:Tracheophyta|SUBKINGDOM:Pteridobiotina Britton & Brown|KINGDOM:Plantae|DOMAIN:Eukaryota (Chatton, 1925) Whittaker & Margulis, 1978","Plantae","Tracheophyta","Magnoliopsida","Fabales Bromhead","Fabaceae","Senegalia"
"Acacia montana","","BSK75","BSK75","9JGMY","Acacia montana Benth.","Acacia montana","Benth.","accepted","Acacia montana Benth.","SECTION BOTANY:sect. Acacia|GENUS:Acacia|FAMILY:Fabaceae|ORDER:Fabales Bromhead|CLASS:Magnoliopsida|PHYLUM:Tracheophyta|SUBKINGDOM:Pteridobiotina Britton & Brown|KINGDOM:Plantae|DOMAIN:Eukaryota (Chatton, 1925) Whittaker & Margulis, 1978","Plantae","Tracheophyta","Magnoliopsida","Fabales Bromhead","Fabaceae","Acacia"
"Acacia mooreana","","BSK76","BSK76","9JGMY","Acacia mooreana W.Fitzg.","Acacia mooreana","W.Fitzg.","accepted","Acacia mooreana W.Fitzg.","SECTION BOTANY:sect. Acacia|GENUS:Acacia|FAMILY:Fabaceae|ORDER:Fabales Bromhead|CLASS:Magnoliopsida|PHYLUM:Tracheophyta|SUBKINGDOM:Pteridobiotina Britton & Brown|KINGDOM:Plantae|DOMAIN:Eukaryota (Chatton, 1925) Whittaker & Margulis, 1978","Plantae","Tracheophyta","Magnoliopsida","Fabales Bromhead","Fabaceae","Acacia"
"Acacia mucronata","","BSK79","BSK79","BYZSL","Acacia mucronata Willd. ex H.L.Wendl.","Acacia mucronata","Willd. ex H.L.Wendl.","accepted","Acacia mucronata Willd. ex H.L.Wendl.","SECTION BOTANY:sect. Juliflorae|GENUS:Acacia|FAMILY:Fabaceae|ORDER:Fabales Bromhead|CLASS:Magnoliopsida|PHYLUM:Tracheophyta|SUBKINGDOM:Pteridobiotina Britton & Brown|KINGDOM:Plantae|DOMAIN:Eukaryota (Chatton, 1925) Whittaker & Margulis, 1978","Plantae","Tracheophyta","Magnoliopsida","Fabales Bromhead","Fabaceae","Acacia"
"Acacia muelleriana","","BSK7C","BSK7C","BYZS4","Acacia muelleriana Maiden & R.T.Baker","Acacia muelleriana","Maiden & R.T.Baker","accepted","Acacia muelleriana Maiden & R.T.Baker","SECTION BOTANY:sect. Botrycephalae|GENUS:Acacia|FAMILY:Fabaceae|ORDER:Fabales Bromhead|CLASS:Magnoliopsida|PHYLUM:Tracheophyta|SUBKINGDOM:Pteridobiotina Britton & Brown|KINGDOM:Plantae|DOMAIN:Eukaryota (Chatton, 1925) Whittaker & Margulis, 1978","Plantae","Tracheophyta","Magnoliopsida","Fabales Bromhead","Fabaceae","Acacia"
"Acacia multisiliqua","","BSGP8","BSGP8","BYZTL","Acacia multisiliqua (Benth.) Maconochie","Acacia multisiliqua","(Benth.) Maconochie","accepted","Acacia multisiliqua (Benth.) Maconochie","SECTION BOTANY:sect. Plurinerves|GENUS:Acacia|FAMILY:Fabaceae|ORDER:Fabales Bromhead|CLASS:Magnoliopsida|PHYLUM:Tracheophyta|SUBKINGDOM:Pteridobiotina Britton & Brown|KINGDOM:Plantae|DOMAIN:Eukaryota (Chatton, 1925) Whittaker & Margulis, 1978","Plantae","Tracheophyta","Magnoliopsida","Fabales Bromhead","Fabaceae","Acacia"
"Acacia multispicata","","BSK7H","BSK7H","BYZSL","Acacia multispicata Benth.","Acacia multispicata","Benth.","accepted","Acacia multispicata Benth.","SECTION BOTANY:sect. Juliflorae|GENUS:Acacia|FAMILY:Fabaceae|ORDER:Fabales Bromhead|CLASS:Magnoliopsida|PHYLUM:Tracheophyta|SUBKINGDOM:Pteridobiotina Britton & Brown|KINGDOM:Plantae|DOMAIN:Eukaryota (Chatton, 1925) Whittaker & Margulis, 1978","Plantae","Tracheophyta","Magnoliopsida","Fabales Bromhead","Fabaceae","Acacia"
"Acacia murrayana","","BSGP9","BSGP9","9JGMY","Acacia murrayana F.Muell. ex Benth.","Acacia murrayana","F.Muell. ex Benth.","accepted","Acacia murrayana F.Muell. ex Benth.","SECTION BOTANY:sect. Acacia|GENUS:Acacia|FAMILY:Fabaceae|ORDER:Fabales Bromhead|CLASS:Magnoliopsida|PHYLUM:Tracheophyta|SUBKINGDOM:Pteridobiotina Britton & Brown|KINGDOM:Plantae|DOMAIN:Eukaryota (Chatton, 1925) Whittaker & Margulis, 1978","Plantae","Tracheophyta","Magnoliopsida","Fabales Bromhead","Fabaceae","Acacia"
"Acacia mutabilis","","BSK7M","BSK7M","9JGMY","Acacia mutabilis Maslin","Acacia mutabilis","Maslin","accepted","Acacia mutabilis Maslin","SECTION BOTANY:sect. Acacia|GENUS:Acacia|FAMILY:Fabaceae|ORDER:Fabales Bromhead|CLASS:Magnoliopsida|PHYLUM:Tracheophyta|SUBKINGDOM:Pteridobiotina Britton & Brown|KINGDOM:Plantae|DOMAIN:Eukaryota (Chatton, 1925) Whittaker & Margulis, 1978","Plantae","Tracheophyta","Magnoliopsida","Fabales Bromhead","Fabaceae","Acacia"
"Acacia myrmecophila","","BSG9V","BSGH2","BSGH2","Acacia myrmecophila R.Vig.","Acacia myrmecophila","R.Vig.","synonym","Vachellia myrmecophila (R.Vig.) Boatwr.","SPECIES:Vachellia myrmecophila (R.Vig.) Boatwr.|GENUS:Vachellia|FAMILY:Fabaceae|ORDER:Fabales Bromhead|CLASS:Magnoliopsida|PHYLUM:Tracheophyta|SUBKINGDOM:Pteridobiotina Britton & Brown|KINGDOM:Plantae|DOMAIN:Eukaryota (Chatton, 1925) Whittaker & Margulis, 1978","Plantae","Tracheophyta","Magnoliopsida","Fabales Bromhead","Fabaceae","Vachellia"
"Acacia myrtifolia","","BSGPB","BSGPB","9JGMY","Acacia myrtifolia (Sm.) Willd.","Acacia myrtifolia","(Sm.) Willd.","accepted","Acacia myrtifolia (Sm.) Willd.","SECTION BOTANY:sect. Acacia|GENUS:Acacia|FAMILY:Fabaceae|ORDER:Fabales Bromhead|CLASS:Magnoliopsida|PHYLUM:Tracheophyta|SUBKINGDOM:Pteridobiotina Britton & Brown|KINGDOM:Plantae|DOMAIN:Eukaryota (Chatton, 1925) Whittaker & Margulis, 1978","Plantae","Tracheophyta","Magnoliopsida","Fabales Bromhead","Fabaceae","Acacia"
"Acacia nanodealbata","","BSK7P","BSK7P","BYZS4","Acacia nanodealbata J.H.Willis","Acacia nanodealbata","J.H.Willis","accepted","Acacia nanodealbata J.H.Willis","SECTION BOTANY:sect. Botrycephalae|GENUS:Acacia|FAMILY:Fabaceae|ORDER:Fabales Bromhead|CLASS:Magnoliopsida|PHYLUM:Tracheophyta|SUBKINGDOM:Pteridobiotina Britton & Brown|KINGDOM:Plantae|DOMAIN:Eukaryota (Chatton, 1925) Whittaker & Margulis, 1978","Plantae","Tracheophyta","Magnoliopsida","Fabales Bromhead","Fabaceae","Acacia"
"Acacia nematophylla","","BSK7T","BSK7T","9JGMY","Acacia nematophylla F.Muell. ex Benth.","Acacia nematophylla","F.Muell. ex Benth.","accepted","Acacia nematophylla F.Muell. ex Benth.","SECTION BOTANY:sect. Acacia|GENUS:Acacia|FAMILY:Fabaceae|ORDER:Fabales Bromhead|CLASS:Magnoliopsida|PHYLUM:Tracheophyta|SUBKINGDOM:Pteridobiotina Britton & Brown|KINGDOM:Plantae|DOMAIN:Eukaryota (Chatton, 1925) Whittaker & Margulis, 1978","Plantae","Tracheophyta","Magnoliopsida","Fabales Bromhead","Fabaceae","Acacia"
"Acacia neovernicosa","","BSTG8","BTCGD","BTCGD","Acacia neovernicosa Isely","Acacia neovernicosa","Isely","synonym","Vachellia vernicosa (Britton & Rose) Seigler & Ebinger","SPECIES:Vachellia vernicosa (Britton & Rose) Seigler & Ebinger|GENUS:Vachellia|FAMILY:Fabaceae|ORDER:Fabales Bromhead|CLASS:Magnoliopsida|PHYLUM:Tracheophyta|SUBKINGDOM:Pteridobiotina Britton & Brown|KINGDOM:Plantae|DOMAIN:Eukaryota (Chatton, 1925) Whittaker & Margulis, 1978","Plantae","Tracheophyta","Magnoliopsida","Fabales Bromhead","Fabaceae","Vachellia"
"Acacia neriifolia","","BSK7X","BSK7X","9JGMY","Acacia neriifolia A.Cunn. ex Benth.","Acacia neriifolia","A.Cunn. ex Benth.","accepted","Acacia neriifolia A.Cunn. ex Benth.","SECTION BOTANY:sect. Acacia|GENUS:Acacia|FAMILY:Fabaceae|ORDER:Fabales Bromhead|CLASS:Magnoliopsida|PHYLUM:Tracheophyta|SUBKINGDOM:Pteridobiotina Britton & Brown|KINGDOM:Plantae|DOMAIN:Eukaryota (Chatton, 1925) Whittaker & Margulis, 1978","Plantae","Tracheophyta","Magnoliopsida","Fabales Bromhead","Fabaceae","Acacia"
"Acacia nervosa","","BSK7Z","BSK7Z","9JGMY","Acacia nervosa DC.","Acacia nervosa","DC.","accepted","Acacia nervosa DC.","SECTION BOTANY:sect. Acacia|GENUS:Acacia|FAMILY:Fabaceae|ORDER:Fabales Bromhead|CLASS:Magnoliopsida|PHYLUM:Tracheophyta|SUBKINGDOM:Pteridobiotina Britton & Brown|KINGDOM:Plantae|DOMAIN:Eukaryota (Chatton, 1925) Whittaker & Margulis, 1978","Plantae","Tracheophyta","Magnoliopsida","Fabales Bromhead","Fabaceae","Acacia"
"Acacia nigrescens","","BSRXQ","BSKT7","BSKT7","Acacia nigrescens Oliv.","Acacia nigrescens","Oliv.","synonym","Senegalia nigrescens (Oliv.) P.J.H.Hurter","SPECIES:Senegalia nigrescens (Oliv.) P.J.H.Hurter|SECTION BOTANY:sect. Senegalia|GENUS:Senegalia|FAMILY:Fabaceae|ORDER:Fabales Bromhead|CLASS:Magnoliopsida|PHYLUM:Tracheophyta|SUBKINGDOM:Pteridobiotina Britton & Brown|KINGDOM:Plantae|DOMAIN:Eukaryota (Chatton, 1925) Whittaker & Margulis, 1978","Plantae","Tracheophyta","Magnoliopsida","Fabales Bromhead","Fabaceae","Senegalia"
"Acacia nigripilosa","","9JPRC","9JPRC","9JGMY","Acacia nigripilosa Maiden","Acacia nigripilosa","Maiden","accepted","Acacia nigripilosa Maiden","SECTION BOTANY:sect. Acacia|GENUS:Acacia|FAMILY:Fabaceae|ORDER:Fabales Bromhead|CLASS:Magnoliopsida|PHYLUM:Tracheophyta|SUBKINGDOM:Pteridobiotina Britton & Brown|KINGDOM:Plantae|DOMAIN:Eukaryota (Chatton, 1925) Whittaker & Margulis, 1978","Plantae","Tracheophyta","Magnoliopsida","Fabales Bromhead","Fabaceae","Acacia"
"Acacia nilotica","","BSK89","BSKWL","BSKWL","Acacia nilotica (L.) Willd. ex Delile","Acacia nilotica","(L.) Willd. ex Delile","synonym","Vachellia nilotica (L.) P.J.H.Hurter & Mabb.","SPECIES:Vachellia nilotica (L.) P.J.H.Hurter & Mabb.|GENUS:Vachellia|FAMILY:Fabaceae|ORDER:Fabales Bromhead|CLASS:Magnoliopsida|PHYLUM:Tracheophyta|SUBKINGDOM:Pteridobiotina Britton & Brown|KINGDOM:Plantae|DOMAIN:Eukaryota (Chatton, 1925) Whittaker & Margulis, 1978","Plantae","Tracheophyta","Magnoliopsida","Fabales Bromhead","Fabaceae","Vachellia"
"Acacia nitidula","","BSK8B","BSK8B","BYZTL","Acacia nitidula Benth.","Acacia nitidula","Benth.","accepted","Acacia nitidula Benth.","SECTION BOTANY:sect. Plurinerves|GENUS:Acacia|FAMILY:Fabaceae|ORDER:Fabales Bromhead|CLASS:Magnoliopsida|PHYLUM:Tracheophyta|SUBKINGDOM:Pteridobiotina Britton & Brown|KINGDOM:Plantae|DOMAIN:Eukaryota (Chatton, 1925) Whittaker & Margulis, 1978","Plantae","Tracheophyta","Magnoliopsida","Fabales Bromhead","Fabaceae","Acacia"
"Acacia nodiflora","","BSGPD","BSGPD","9JGMY","Acacia nodiflora Benth.","Acacia nodiflora","Benth.","accepted","Acacia nodiflora Benth.","SECTION BOTANY:sect. Acacia|GENUS:Acacia|FAMILY:Fabaceae|ORDER:Fabales Bromhead|CLASS:Magnoliopsida|PHYLUM:Tracheophyta|SUBKINGDOM:Pteridobiotina Britton & Brown|KINGDOM:Plantae|DOMAIN:Eukaryota (Chatton, 1925) Whittaker & Margulis, 1978","Plantae","Tracheophyta","Magnoliopsida","Fabales Bromhead","Fabaceae","Acacia"
"Acacia notabilis","","BSK8D","BSK8D","9JGMY","Acacia notabilis F.Muell.","Acacia notabilis","F.Muell.","accepted","Acacia notabilis F.Muell.","SECTION BOTANY:sect. Acacia|GENUS:Acacia|FAMILY:Fabaceae|ORDER:Fabales Bromhead|CLASS:Magnoliopsida|PHYLUM:Tracheophyta|SUBKINGDOM:Pteridobiotina Britton & Brown|KINGDOM:Plantae|DOMAIN:Eukaryota (Chatton, 1925) Whittaker & Margulis, 1978","Plantae","Tracheophyta","Magnoliopsida","Fabales Bromhead","Fabaceae","Acacia"
"Acacia nyssophylla","","BSG9W","BSG9W","BYZTL","Acacia nyssophylla F.Muell.","Acacia nyssophylla","F.Muell.","accepted","Acacia nyssophylla F.Muell.","SECTION BOTANY:sect. Plurinerves|GENUS:Acacia|FAMILY:Fabaceae|ORDER:Fabales Bromhead|CLASS:Magnoliopsida|PHYLUM:Tracheophyta|SUBKINGDOM:Pteridobiotina Britton & Brown|KINGDOM:Plantae|DOMAIN:Eukaryota (Chatton, 1925) Whittaker & Margulis, 1978","Plantae","Tracheophyta","Magnoliopsida","Fabales Bromhead","Fabaceae","Acacia"
"Acacia obliqua","","9CN2B","BSJCN","BSJCN","Acacia obliqua A.Cunn. ex Benth.","Acacia obliqua","A.Cunn. ex Benth.","ambiguous synonym","Acacia acinacea Lindl.","SPECIES:Acacia acinacea Lindl.|SECTION BOTANY:sect. Acacia|GENUS:Acacia|FAMILY:Fabaceae|ORDER:Fabales Bromhead|CLASS:Magnoliopsida|PHYLUM:Tracheophyta|SUBKINGDOM:Pteridobiotina Britton & Brown|KINGDOM:Plantae|DOMAIN:Eukaryota (Chatton, 1925) Whittaker & Margulis, 1978","Plantae","Tracheophyta","Magnoliopsida","Fabales Bromhead","Fabaceae","Acacia"
"Acacia obliquinervia","","BSK8K","BSK8K","9JGMY","Acacia obliquinervia Tindale","Acacia obliquinervia","Tindale","accepted","Acacia obliquinervia Tindale","SECTION BOTANY:sect. Acacia|GENUS:Acacia|FAMILY:Fabaceae|ORDER:Fabales Bromhead|CLASS:Magnoliopsida|PHYLUM:Tracheophyta|SUBKINGDOM:Pteridobiotina Britton & Brown|KINGDOM:Plantae|DOMAIN:Eukaryota (Chatton, 1925) Whittaker & Margulis, 1978","Plantae","Tracheophyta","Magnoliopsida","Fabales Bromhead","Fabaceae","Acacia"
"Acacia obtusifolia","","BSK8T","BSK8T","BYZSL","Acacia obtusifolia A.Cunn.","Acacia obtusifolia","A.Cunn.","accepted","Acacia obtusifolia A.Cunn.","SECTION BOTANY:sect. Juliflorae|GENUS:Acacia|FAMILY:Fabaceae|ORDER:Fabales Bromhead|CLASS:Magnoliopsida|PHYLUM:Tracheophyta|SUBKINGDOM:Pteridobiotina Britton & Brown|KINGDOM:Plantae|DOMAIN:Eukaryota (Chatton, 1925) Whittaker & Margulis, 1978","Plantae","Tracheophyta","Magnoliopsida","Fabales Bromhead","Fabaceae","Acacia"
"Acacia occidentalis","","BSRXS","BT93C","BT93C","Acacia occidentalis Rose","Acacia occidentalis","Rose","synonym","Senegalia occidentalis (Rose) Britton & Rose","SPECIES:Senegalia occidentalis (Rose) Britton & Rose|SECTION BOTANY:Monacanthea sect. Monacanthea pro parte|GENUS:Senegalia|FAMILY:Fabaceae|ORDER:Fabales Bromhead|CLASS:Magnoliopsida|PHYLUM:Tracheophyta|SUBKINGDOM:Pteridobiotina Britton & Brown|KINGDOM:Plantae|DOMAIN:Eukaryota (Chatton, 1925) Whittaker & Margulis, 1978","Plantae","Tracheophyta","Magnoliopsida","Fabales Bromhead","Fabaceae","Senegalia"
"Acacia oerfota","","BSRXV","BSKWM","BSKWM","Acacia oerfota (Forssk.) Schweinf.","Acacia oerfota","(Forssk.) Schweinf.","synonym","Vachellia oerfota (Forssk.) Kyal. & Boatwr.","SPECIES:Vachellia oerfota (Forssk.) Kyal. & Boatwr.|GENUS:Vachellia|FAMILY:Fabaceae|ORDER:Fabales Bromhead|CLASS:Magnoliopsida|PHYLUM:Tracheophyta|SUBKINGDOM:Pteridobiotina Britton & Brown|KINGDOM:Plantae|DOMAIN:Eukaryota (Chatton, 1925) Whittaker & Margulis, 1978","Plantae","Tracheophyta","Magnoliopsida","Fabales Bromhead","Fabaceae","Vachellia"
"Acacia oldfieldii","","BSGPG","BSGPG","BYZSL","Acacia oldfieldii F.Muell.","Acacia oldfieldii","F.Muell.","accepted","Acacia oldfieldii F.Muell.","SECTION BOTANY:sect. Juliflorae|GENUS:Acacia|FAMILY:Fabaceae|ORDER:Fabales Bromhead|CLASS:Magnoliopsida|PHYLUM:Tracheophyta|SUBKINGDOM:Pteridobiotina Britton & Brown|KINGDOM:Plantae|DOMAIN:Eukaryota (Chatton, 1925) Whittaker & Margulis, 1978","Plantae","Tracheophyta","Magnoliopsida","Fabales Bromhead","Fabaceae","Acacia"
"Acacia olgana","","BSK8X","BSK8X","BYZSL","Acacia olgana Maconochie","Acacia olgana","Maconochie","accepted","Acacia olgana Maconochie","SECTION BOTANY:sect. Juliflorae|GENUS:Acacia|FAMILY:Fabaceae|ORDER:Fabales Bromhead|CLASS:Magnoliopsida|PHYLUM:Tracheophyta|SUBKINGDOM:Pteridobiotina Britton & Brown|KINGDOM:Plantae|DOMAIN:Eukaryota (Chatton, 1925) Whittaker & Margulis, 1978","Plantae","Tracheophyta","Magnoliopsida","Fabales Bromhead","Fabaceae","Acacia"
"Acacia oligoneura","","BSK8Y","BSK8Y","BYZSL","Acacia oligoneura F.Muell.","Acacia oligoneura","F.Muell.","accepted","Acacia oligoneura F.Muell.","SECTION BOTANY:sect. Juliflorae|GENUS:Acacia|FAMILY:Fabaceae|ORDER:Fabales Bromhead|CLASS:Magnoliopsida|PHYLUM:Tracheophyta|SUBKINGDOM:Pteridobiotina Britton & Brown|KINGDOM:Plantae|DOMAIN:Eukaryota (Chatton, 1925) Whittaker & Margulis, 1978","Plantae","Tracheophyta","Magnoliopsida","Fabales Bromhead","Fabaceae","Acacia"
"Acacia olsenii","","BSK92","BSK92","BYZS4","Acacia olsenii Tindale","Acacia olsenii","Tindale","accepted","Acacia olsenii Tindale","SECTION BOTANY:sect. Botrycephalae|GENUS:Acacia|FAMILY:Fabaceae|ORDER:Fabales Bromhead|CLASS:Magnoliopsida|PHYLUM:Tracheophyta|SUBKINGDOM:Pteridobiotina Britton & Brown|KINGDOM:Plantae|DOMAIN:Eukaryota (Chatton, 1925) Whittaker & Margulis, 1978","Plantae","Tracheophyta","Magnoliopsida","Fabales Bromhead","Fabaceae","Acacia"
"Acacia oncinophylla","","BSK95","BSK95","BYZSL","Acacia oncinophylla Lindl.","Acacia oncinophylla","Lindl.","accepted","Acacia oncinophylla Lindl.","SECTION BOTANY:sect. Juliflorae|GENUS:Acacia|FAMILY:Fabaceae|ORDER:Fabales Bromhead|CLASS:Magnoliopsida|PHYLUM:Tracheophyta|SUBKINGDOM:Pteridobiotina Britton & Brown|KINGDOM:Plantae|DOMAIN:Eukaryota (Chatton, 1925) Whittaker & Margulis, 1978","Plantae","Tracheophyta","Magnoliopsida","Fabales Bromhead","Fabaceae","Acacia"
"Acacia ophiolithica","","BSK96","BSK96","BYZTL","Acacia ophiolithica R.S.Cowan & Maslin","Acacia ophiolithica","R.S.Cowan & Maslin","accepted","Acacia ophiolithica R.S.Cowan & Maslin","SECTION BOTANY:sect. Plurinerves|GENUS:Acacia|FAMILY:Fabaceae|ORDER:Fabales Bromhead|CLASS:Magnoliopsida|PHYLUM:Tracheophyta|SUBKINGDOM:Pteridobiotina Britton & Brown|KINGDOM:Plantae|DOMAIN:Eukaryota (Chatton, 1925) Whittaker & Margulis, 1978","Plantae","Tracheophyta","Magnoliopsida","Fabales Bromhead","Fabaceae","Acacia"
"Acacia orbifolia","","BSGPK","BSGPK","9JGMY","Acacia orbifolia Maiden & Blakely","Acacia orbifolia","Maiden & Blakely","accepted","Acacia orbifolia Maiden & Blakely","SECTION BOTANY:sect. Acacia|GENUS:Acacia|FAMILY:Fabaceae|ORDER:Fabales Bromhead|CLASS:Magnoliopsida|PHYLUM:Tracheophyta|SUBKINGDOM:Pteridobiotina Britton & Brown|KINGDOM:Plantae|DOMAIN:Eukaryota (Chatton, 1925) Whittaker & Margulis, 1978","Plantae","Tracheophyta","Magnoliopsida","Fabales Bromhead","Fabaceae","Acacia"
"Acacia origena","","9JPS4","BTCF5","BTCF5","Acacia origena Asfaw","Acacia origena","Asfaw","synonym","Vachellia origena (Hunde) Kyal. & Boatwr.","SPECIES:Vachellia origena (Hunde) Kyal. & Boatwr.|GENUS:Vachellia|FAMILY:Fabaceae|ORDER:Fabales Bromhead|CLASS:Magnoliopsida|PHYLUM:Tracheophyta|SUBKINGDOM:Pteridobiotina Britton & Brown|KINGDOM:Plantae|DOMAIN:Eukaryota (Chatton, 1925) Whittaker & Margulis, 1978","Plantae","Tracheophyta","Magnoliopsida","Fabales Bromhead","Fabaceae","Vachellia"
"Acacia orites","","BSK99","BSK99","BYZSL","Acacia orites Pedley","Acacia orites","Pedley","accepted","Acacia orites Pedley","SECTION BOTANY:sect. Juliflorae|GENUS:Acacia|FAMILY:Fabaceae|ORDER:Fabales Bromhead|CLASS:Magnoliopsida|PHYLUM:Tracheophyta|SUBKINGDOM:Pteridobiotina Britton & Brown|KINGDOM:Plantae|DOMAIN:Eukaryota (Chatton, 1925) Whittaker & Margulis, 1978","Plantae","Tracheophyta","Magnoliopsida","Fabales Bromhead","Fabaceae","Acacia"
"Acacia orthocarpa","","BSK9C","BSK9C","BYZSL","Acacia orthocarpa F.Muell.","Acacia orthocarpa","F.Muell.","accepted","Acacia orthocarpa F.Muell.","SECTION BOTANY:sect. Juliflorae|GENUS:Acacia|FAMILY:Fabaceae|ORDER:Fabales Bromhead|CLASS:Magnoliopsida|PHYLUM:Tracheophyta|SUBKINGDOM:Pteridobiotina Britton & Brown|KINGDOM:Plantae|DOMAIN:Eukaryota (Chatton, 1925) Whittaker & Margulis, 1978","Plantae","Tracheophyta","Magnoliopsida","Fabales Bromhead","Fabaceae","Acacia"
"Acacia orthotricha","","BSK9D","BSK9D","BYZSQ","Acacia orthotricha Pedley","Acacia orthotricha","Pedley","accepted","Acacia orthotricha Pedley","SECTION BOTANY:sect. Lycopodiifoliae|GENUS:Acacia|FAMILY:Fabaceae|ORDER:Fabales Bromhead|CLASS:Magnoliopsida|PHYLUM:Tracheophyta|SUBKINGDOM:Pteridobiotina Britton & Brown|KINGDOM:Plantae|DOMAIN:Eukaryota (Chatton, 1925) Whittaker & Margulis, 1978","Plantae","Tracheophyta","Magnoliopsida","Fabales Bromhead","Fabaceae","Acacia"
"Acacia oswaldii","","BSGPL","BSGPL","BYZTL","Acacia oswaldii F.Muell.","Acacia oswaldii","F.Muell.","accepted","Acacia oswaldii F.Muell.","SECTION BOTANY:sect. Plurinerves|GENUS:Acacia|FAMILY:Fabaceae|ORDER:Fabales Bromhead|CLASS:Magnoliopsida|PHYLUM:Tracheophyta|SUBKINGDOM:Pteridobiotina Britton & Brown|KINGDOM:Plantae|DOMAIN:Eukaryota (Chatton, 1925) Whittaker & Margulis, 1978","Plantae","Tracheophyta","Magnoliopsida","Fabales Bromhead","Fabaceae","Acacia"
"Acacia oxycedrus","","BSK9K","BSK9K","BYZSL","Acacia oxycedrus Sieber ex DC.","Acacia oxycedrus","Sieber ex DC.","accepted","Acacia oxycedrus Sieber ex DC.","SECTION BOTANY:sect. Juliflorae|GENUS:Acacia|FAMILY:Fabaceae|ORDER:Fabales Bromhead|CLASS:Magnoliopsida|PHYLUM:Tracheophyta|SUBKINGDOM:Pteridobiotina Britton & Brown|KINGDOM:Plantae|DOMAIN:Eukaryota (Chatton, 1925) Whittaker & Margulis, 1978","Plantae","Tracheophyta","Magnoliopsida","Fabales Bromhead","Fabaceae","Acacia"
"Acacia pacensis","","BSRY3","BTCF7","BTCF7","Acacia pacensis Rudd & A.M.Carter","Acacia pacensis","Rudd & A.M.Carter","synonym","Vachellia pacensis (Rudd & A.M.Carter) Seigler & Ebinger","SPECIES:Vachellia pacensis (Rudd & A.M.Carter) Seigler & Ebinger|GENUS:Vachellia|FAMILY:Fabaceae|ORDER:Fabales Bromhead|CLASS:Magnoliopsida|PHYLUM:Tracheophyta|SUBKINGDOM:Pteridobiotina Britton & Brown|KINGDOM:Plantae|DOMAIN:Eukaryota (Chatton, 1925) Whittaker & Margulis, 1978","Plantae","Tracheophyta","Magnoliopsida","Fabales Bromhead","Fabaceae","Vachellia"
"Acacia pachyphloia","","BSK9N","7F8XT","7F8XT","Acacia pachyphloia W.Fitzg.","Acacia pachyphloia","W.Fitzg.","synonym","Vachellia pachyphloia (W.Fitzg.) Kodela","SPECIES:Vachellia pachyphloia (W.Fitzg.) Kodela|GENUS:Vachellia|FAMILY:Fabaceae|ORDER:Fabales Bromhead|CLASS:Magnoliopsida|PHYLUM:Tracheophyta|SUBKINGDOM:Pteridobiotina Britton & Brown|KINGDOM:Plantae|DOMAIN:Eukaryota (Chatton, 1925) Whittaker & Margulis, 1978","Plantae","Tracheophyta","Magnoliopsida","Fabales Bromhead","Fabaceae","Vachellia"
"Acacia pallidifolia","","BSK9T","BSQFF","BSQFF","Acacia pallidifolia Tindale","Acacia pallidifolia","Tindale","synonym","Vachellia pallidifolia (Tindale) Kodela","SPECIES:Vachellia pallidifolia (Tindale) Kodela|GENUS:Vachellia|FAMILY:Fabaceae|ORDER:Fabales Bromhead|CLASS:Magnoliopsida|PHYLUM:Tracheophyta|SUBKINGDOM:Pteridobiotina Britton & Brown|KINGDOM:Plantae|DOMAIN:Eukaryota (Chatton, 1925) Whittaker & Margulis, 1978","Plantae","Tracheophyta","Magnoliopsida","Fabales Bromhead","Fabaceae","Vachellia"
"Acacia paraneura","","BSKB3","BSKB3","BYZSL","Acacia paraneura Randell","Acacia paraneura","Randell","accepted","Acacia paraneura Randell","SECTION BOTANY:sect. Juliflorae|GENUS:Acacia|FAMILY:Fabaceae|ORDER:Fabales Bromhead|CLASS:Magnoliopsida|PHYLUM:Tracheophyta|SUBKINGDOM:Pteridobiotina Britton & Brown|KINGDOM:Plantae|DOMAIN:Eukaryota (Chatton, 1925) Whittaker & Margulis, 1978","Plantae","Tracheophyta","Magnoliopsida","Fabales Bromhead","Fabaceae","Acacia"
"Acacia parramattensis","","BSG9Y","BSG9Y","BYZS4","Acacia parramattensis Tindale","Acacia parramattensis","Tindale","accepted","Acacia parramattensis Tindale","SECTION BOTANY:sect. Botrycephalae|GENUS:Acacia|FAMILY:Fabaceae|ORDER:Fabales Bromhead|CLASS:Magnoliopsida|PHYLUM:Tracheophyta|SUBKINGDOM:Pteridobiotina Britton & Brown|KINGDOM:Plantae|DOMAIN:Eukaryota (Chatton, 1925) Whittaker & Margulis, 1978","Plantae","Tracheophyta","Magnoliopsida","Fabales Bromhead","Fabaceae","Acacia"
"Acacia parviflora","","BSRY9","4WP27","4WP27","Acacia parviflora Little","Acacia parviflora","Little","synonym","Senegalia micrantha (Benth.) Britton & Rose","SPECIES:Senegalia micrantha (Benth.) Britton & Rose|SECTION BOTANY:Monacanthea sect. Monacanthea pro parte|GENUS:Senegalia|FAMILY:Fabaceae|ORDER:Fabales Bromhead|CLASS:Magnoliopsida|PHYLUM:Tracheophyta|SUBKINGDOM:Pteridobiotina Britton & Brown|KINGDOM:Plantae|DOMAIN:Eukaryota (Chatton, 1925) Whittaker & Margulis, 1978","Plantae","Tracheophyta","Magnoliopsida","Fabales Bromhead","Fabaceae","Senegalia"
"Acacia parvipinnula","","BSKB6","BSKB6","BYZS4","Acacia parvipinnula Tindale","Acacia parvipinnula","Tindale","accepted","Acacia parvipinnula Tindale","SECTION BOTANY:sect. Botrycephalae|GENUS:Acacia|FAMILY:Fabaceae|ORDER:Fabales Bromhead|CLASS:Magnoliopsida|PHYLUM:Tracheophyta|SUBKINGDOM:Pteridobiotina Britton & Brown|KINGDOM:Plantae|DOMAIN:Eukaryota (Chatton, 1925) Whittaker & Margulis, 1978","Plantae","Tracheophyta","Magnoliopsida","Fabales Bromhead","Fabaceae","Acacia"
"Acacia patagiata","","BSGPP","BSGPP","BYZTL","Acacia patagiata R.S.Cowan & Maslin","Acacia patagiata","R.S.Cowan & Maslin","accepted","Acacia patagiata R.S.Cowan & Maslin","SECTION BOTANY:sect. Plurinerves|GENUS:Acacia|FAMILY:Fabaceae|ORDER:Fabales Bromhead|CLASS:Magnoliopsida|PHYLUM:Tracheophyta|SUBKINGDOM:Pteridobiotina Britton & Brown|KINGDOM:Plantae|DOMAIN:Eukaryota (Chatton, 1925) Whittaker & Margulis, 1978","Plantae","Tracheophyta","Magnoliopsida","Fabales Bromhead","Fabaceae","Acacia"
"Acacia pendula","","9JPSH","9JPSH","BYZTL","Acacia pendula A.Cunn. ex G.Don","Acacia pendula","A.Cunn. ex G.Don","accepted","Acacia pendula A.Cunn. ex G.Don","SECTION BOTANY:sect. Plurinerves|GENUS:Acacia|FAMILY:Fabaceae|ORDER:Fabales Bromhead|CLASS:Magnoliopsida|PHYLUM:Tracheophyta|SUBKINGDOM:Pteridobiotina Britton & Brown|KINGDOM:Plantae|DOMAIN:Eukaryota (Chatton, 1925) Whittaker & Margulis, 1978","Plantae","Tracheophyta","Magnoliopsida","Fabales Bromhead","Fabaceae","Acacia"
"Acacia peninsularis","","BSRYC","BT93J","BT93J","Acacia peninsularis (Britton & Rose) Standl.","Acacia peninsularis","(Britton & Rose) Standl.","synonym","Senegalia peninsularis Britton & Rose","SPECIES:Senegalia peninsularis Britton & Rose|SECTION BOTANY:Monacanthea sect. Monacanthea pro parte|GENUS:Senegalia|FAMILY:Fabaceae|ORDER:Fabales Bromhead|CLASS:Magnoliopsida|PHYLUM:Tracheophyta|SUBKINGDOM:Pteridobiotina Britton & Brown|KINGDOM:Plantae|DOMAIN:Eukaryota (Chatton, 1925) Whittaker & Margulis, 1978","Plantae","Tracheophyta","Magnoliopsida","Fabales Bromhead","Fabaceae","Senegalia"
"Acacia pennata","","CTRQY","BTN7C","BTN7C","Acacia pennata sens. Craib","Acacia pennata","sens. Craib","misapplied","Senegalia megaladena var. indochinensis (I.C.Nielsen) Maslin, Seigler & Ebinger","VARIETY:Senegalia megaladena var. indochinensis (I.C.Nielsen) Maslin, Seigler & Ebinger|SPECIES:Senegalia megaladena (Desv.) Maslin, Seigler & Ebinger|SECTION BOTANY:Monacanthea sect. Monacanthea pro parte|GENUS:Senegalia|FAMILY:Fabaceae|ORDER:Fabales Bromhead|CLASS:Magnoliopsida|PHYLUM:Tracheophyta|SUBKINGDOM:Pteridobiotina Britton & Brown|KINGDOM:Plantae|DOMAIN:Eukaryota (Chatton, 1925) Whittaker & Margulis, 1978","Plantae","Tracheophyta","Magnoliopsida","Fabales Bromhead","Fabaceae","Senegalia"
"Acacia pennatula","","BSKBR","BTCF8","BTCF8","Acacia pennatula (Schltdl. & Cham.) Benth.","Acacia pennatula","(Schltdl. & Cham.) Benth.","synonym","Vachellia pennatula (Schltdl. & Cham.) Seigler & Ebinger","SPECIES:Vachellia pennatula (Schltdl. & Cham.) Seigler & Ebinger|GENUS:Vachellia|FAMILY:Fabaceae|ORDER:Fabales Bromhead|CLASS:Magnoliopsida|PHYLUM:Tracheophyta|SUBKINGDOM:Pteridobiotina Britton & Brown|KINGDOM:Plantae|DOMAIN:Eukaryota (Chatton, 1925) Whittaker & Margulis, 1978","Plantae","Tracheophyta","Magnoliopsida","Fabales Bromhead","Fabaceae","Vachellia"
"Acacia penninervis","","BSG9Z","BSG9Z","9JGMY","Acacia penninervis Sieber ex DC.","Acacia penninervis","Sieber ex DC.","accepted","Acacia penninervis Sieber ex DC.","SECTION BOTANY:sect. Acacia|GENUS:Acacia|FAMILY:Fabaceae|ORDER:Fabales Bromhead|CLASS:Magnoliopsida|PHYLUM:Tracheophyta|SUBKINGDOM:Pteridobiotina Britton & Brown|KINGDOM:Plantae|DOMAIN:Eukaryota (Chatton, 1925) Whittaker & Margulis, 1978","Plantae","Tracheophyta","Magnoliopsida","Fabales Bromhead","Fabaceae","Acacia"
"Acacia pentadenia","","BSGPQ","BSGPQ","BYZTM","Acacia pentadenia Lindl.","Acacia pentadenia","Lindl.","accepted","Acacia pentadenia Lindl.","SECTION BOTANY:sect. Pulchellae|GENUS:Acacia|FAMILY:Fabaceae|ORDER:Fabales Bromhead|CLASS:Magnoliopsida|PHYLUM:Tracheophyta|SUBKINGDOM:Pteridobiotina Britton & Brown|KINGDOM:Plantae|DOMAIN:Eukaryota (Chatton, 1925) Whittaker & Margulis, 1978","Plantae","Tracheophyta","Magnoliopsida","Fabales Bromhead","Fabaceae","Acacia"
"Acacia pentagona","","8PTJ","4WP2Z","4WP2Z","Acacia pentagona (Schumach. & Thonn.) Hook.f.","Acacia pentagona","(Schumach. & Thonn.) Hook.f.","synonym","Senegalia pentagona (Schumach. & Thonn.) Kyal. & Boatwr.","SPECIES:Senegalia pentagona (Schumach. & Thonn.) Kyal. & Boatwr.|SECTION BOTANY:Monacanthea sect. Monacanthea pro parte|GENUS:Senegalia|FAMILY:Fabaceae|ORDER:Fabales Bromhead|CLASS:Magnoliopsida|PHYLUM:Tracheophyta|SUBKINGDOM:Pteridobiotina Britton & Brown|KINGDOM:Plantae|DOMAIN:Eukaryota (Chatton, 1925) Whittaker & Margulis, 1978","Plantae","Tracheophyta","Magnoliopsida","Fabales Bromhead","Fabaceae","Senegalia"
"Acacia permixta","","BSRYG","BTCF9","BTCF9","Acacia permixta Burtt Davy","Acacia permixta","Burtt Davy","synonym","Vachellia permixta (Burtt Davy) Kyal. & Boatwr.","SPECIES:Vachellia permixta (Burtt Davy) Kyal. & Boatwr.|GENUS:Vachellia|FAMILY:Fabaceae|ORDER:Fabales Bromhead|CLASS:Magnoliopsida|PHYLUM:Tracheophyta|SUBKINGDOM:Pteridobiotina Britton & Brown|KINGDOM:Plantae|DOMAIN:Eukaryota (Chatton, 1925) Whittaker & Margulis, 1978","Plantae","Tracheophyta","Magnoliopsida","Fabales Bromhead","Fabaceae","Vachellia"
"Acacia persiciflora","","BSRYH","BTDY6","BTDY6","Acacia persiciflora Pax","Acacia persiciflora","Pax","synonym","Senegalia persiciflora (Pax) Kyal. & Boatwr.","SPECIES:Senegalia persiciflora (Pax) Kyal. & Boatwr.|SECTION BOTANY:sect. Senegalia|GENUS:Senegalia|FAMILY:Fabaceae|ORDER:Fabales Bromhead|CLASS:Magnoliopsida|PHYLUM:Tracheophyta|SUBKINGDOM:Pteridobiotina Britton & Brown|KINGDOM:Plantae|DOMAIN:Eukaryota (Chatton, 1925) Whittaker & Margulis, 1978","Plantae","Tracheophyta","Magnoliopsida","Fabales Bromhead","Fabaceae","Senegalia"
"Acacia pervillei","","BSRYJ","BT93L","BT93L","Acacia pervillei Benth.","Acacia pervillei","Benth.","synonym","Senegalia pervillei (Benth.) Boatwr.","SPECIES:Senegalia pervillei (Benth.) Boatwr.|SECTION BOTANY:Monacanthea sect. Monacanthea pro parte|GENUS:Senegalia|FAMILY:Fabaceae|ORDER:Fabales Bromhead|CLASS:Magnoliopsida|PHYLUM:Tracheophyta|SUBKINGDOM:Pteridobiotina Britton & Brown|KINGDOM:Plantae|DOMAIN:Eukaryota (Chatton, 1925) Whittaker & Margulis, 1978","Plantae","Tracheophyta","Magnoliopsida","Fabales Bromhead","Fabaceae","Senegalia"
"Acacia peuce","","BSGB2","BSGB2","9JGMY","Acacia peuce F.Muell.","Acacia peuce","F.Muell.","accepted","Acacia peuce F.Muell.","SECTION BOTANY:sect. Acacia|GENUS:Acacia|FAMILY:Fabaceae|ORDER:Fabales Bromhead|CLASS:Magnoliopsida|PHYLUM:Tracheophyta|SUBKINGDOM:Pteridobiotina Britton & Brown|KINGDOM:Plantae|DOMAIN:Eukaryota (Chatton, 1925) Whittaker & Margulis, 1978","Plantae","Tracheophyta","Magnoliopsida","Fabales Bromhead","Fabaceae","Acacia"
"Acacia phlebopetala","","BSKC9","BSKC9","9JGMY","Acacia phlebopetala Maslin","Acacia phlebopetala","Maslin","accepted","Acacia phlebopetala Maslin","SECTION BOTANY:sect. Acacia|GENUS:Acacia|FAMILY:Fabaceae|ORDER:Fabales Bromhead|CLASS:Magnoliopsida|PHYLUM:Tracheophyta|SUBKINGDOM:Pteridobiotina Britton & Brown|KINGDOM:Plantae|DOMAIN:Eukaryota (Chatton, 1925) Whittaker & Margulis, 1978","Plantae","Tracheophyta","Magnoliopsida","Fabales Bromhead","Fabaceae","Acacia"
"Acacia picachensis","","BSRYP","BSKTD","BSKTD","Acacia picachensis Brandegee","Acacia picachensis","Brandegee","synonym","Senegalia picachensis (Brandegee) Britton & Rose","SPECIES:Senegalia picachensis (Brandegee) Britton & Rose|SECTION BOTANY:Monacanthea sect. Monacanthea pro parte|GENUS:Senegalia|FAMILY:Fabaceae|ORDER:Fabales Bromhead|CLASS:Magnoliopsida|PHYLUM:Tracheophyta|SUBKINGDOM:Pteridobiotina Britton & Brown|KINGDOM:Plantae|DOMAIN:Eukaryota (Chatton, 1925) Whittaker & Margulis, 1978","Plantae","Tracheophyta","Magnoliopsida","Fabales Bromhead","Fabaceae","Senegalia"
"Acacia piligera","","BSKCC","BSKCC","9JGMY","Acacia piligera A.Cunn.","Acacia piligera","A.Cunn.","accepted","Acacia piligera A.Cunn.","SECTION BOTANY:sect. Acacia|GENUS:Acacia|FAMILY:Fabaceae|ORDER:Fabales Bromhead|CLASS:Magnoliopsida|PHYLUM:Tracheophyta|SUBKINGDOM:Pteridobiotina Britton & Brown|KINGDOM:Plantae|DOMAIN:Eukaryota (Chatton, 1925) Whittaker & Margulis, 1978","Plantae","Tracheophyta","Magnoliopsida","Fabales Bromhead","Fabaceae","Acacia"
"Acacia pinguiculosa","","BSKCG","BSKCG","BYZTL","Acacia pinguiculosa R.S.Cowan & Maslin","Acacia pinguiculosa","R.S.Cowan & Maslin","accepted","Acacia pinguiculosa R.S.Cowan & Maslin","SECTION BOTANY:sect. Plurinerves|GENUS:Acacia|FAMILY:Fabaceae|ORDER:Fabales Bromhead|CLASS:Magnoliopsida|PHYLUM:Tracheophyta|SUBKINGDOM:Pteridobiotina Britton & Brown|KINGDOM:Plantae|DOMAIN:Eukaryota (Chatton, 1925) Whittaker & Margulis, 1978","Plantae","Tracheophyta","Magnoliopsida","Fabales Bromhead","Fabaceae","Acacia"
"Acacia platycarpa","","BSGPS","BSGPS","BYZTL","Acacia platycarpa F.Muell.","Acacia platycarpa","F.Muell.","accepted","Acacia platycarpa F.Muell.","SECTION BOTANY:sect. Plurinerves|GENUS:Acacia|FAMILY:Fabaceae|ORDER:Fabales Bromhead|CLASS:Magnoliopsida|PHYLUM:Tracheophyta|SUBKINGDOM:Pteridobiotina Britton & Brown|KINGDOM:Plantae|DOMAIN:Eukaryota (Chatton, 1925) Whittaker & Margulis, 1978","Plantae","Tracheophyta","Magnoliopsida","Fabales Bromhead","Fabaceae","Acacia"
"Acacia plectocarpa","","BSKCR","BSKCR","BYZSL","Acacia plectocarpa A.Cunn. ex Benth.","Acacia plectocarpa","A.Cunn. ex Benth.","accepted","Acacia plectocarpa A.Cunn. ex Benth.","SECTION BOTANY:sect. Juliflorae|GENUS:Acacia|FAMILY:Fabaceae|ORDER:Fabales Bromhead|CLASS:Magnoliopsida|PHYLUM:Tracheophyta|SUBKINGDOM:Pteridobiotina Britton & Brown|KINGDOM:Plantae|DOMAIN:Eukaryota (Chatton, 1925) Whittaker & Margulis, 1978","Plantae","Tracheophyta","Magnoliopsida","Fabales Bromhead","Fabaceae","Acacia"
"Acacia pluricapitata","","9JPTC","4WP38","4WP38","Acacia pluricapitata Steud. ex Benth.","Acacia pluricapitata","Steud. ex Benth.","synonym","Senegalia pluricapitata (Steud. ex Benth.) Maslin, Seigler & Ebinger","SPECIES:Senegalia pluricapitata (Steud. ex Benth.) Maslin, Seigler & Ebinger|SECTION BOTANY:Monacanthea sect. Monacanthea pro parte|GENUS:Senegalia|FAMILY:Fabaceae|ORDER:Fabales Bromhead|CLASS:Magnoliopsida|PHYLUM:Tracheophyta|SUBKINGDOM:Pteridobiotina Britton & Brown|KINGDOM:Plantae|DOMAIN:Eukaryota (Chatton, 1925) Whittaker & Margulis, 1978","Plantae","Tracheophyta","Magnoliopsida","Fabales Bromhead","Fabaceae","Senegalia"
"Acacia podalyriifolia","","BSKCV","BSKCV","9JGMY","Acacia podalyriifolia A.Cunn. ex G.Don","Acacia podalyriifolia","A.Cunn. ex G.Don","accepted","Acacia podalyriifolia A.Cunn. ex G.Don","SECTION BOTANY:sect. Acacia|GENUS:Acacia|FAMILY:Fabaceae|ORDER:Fabales Bromhead|CLASS:Magnoliopsida|PHYLUM:Tracheophyta|SUBKINGDOM:Pteridobiotina Britton & Brown|KINGDOM:Plantae|DOMAIN:Eukaryota (Chatton, 1925) Whittaker & Margulis, 1978","Plantae","Tracheophyta","Magnoliopsida","Fabales Bromhead","Fabaceae","Acacia"
"Acacia poliochroa","","BSKCX","BSKCX","9JGMY","Acacia poliochroa E.Pritz.","Acacia poliochroa","E.Pritz.","accepted","Acacia poliochroa E.Pritz.","SECTION BOTANY:sect. Acacia|GENUS:Acacia|FAMILY:Fabaceae|ORDER:Fabales Bromhead|CLASS:Magnoliopsida|PHYLUM:Tracheophyta|SUBKINGDOM:Pteridobiotina Britton & Brown|KINGDOM:Plantae|DOMAIN:Eukaryota (Chatton, 1925) Whittaker & Margulis, 1978","Plantae","Tracheophyta","Magnoliopsida","Fabales Bromhead","Fabaceae","Acacia"
"Acacia polyacantha","","BSRYY","BT93R","BT93R","Acacia polyacantha Willd.","Acacia polyacantha","Willd.","synonym","Senegalia polyacantha (Willd.) Seigler & Ebinger","SPECIES:Senegalia polyacantha (Willd.) Seigler & Ebinger|SECTION BOTANY:sect. Senegalia|GENUS:Senegalia|FAMILY:Fabaceae|ORDER:Fabales Bromhead|CLASS:Magnoliopsida|PHYLUM:Tracheophyta|SUBKINGDOM:Pteridobiotina Britton & Brown|KINGDOM:Plantae|DOMAIN:Eukaryota (Chatton, 1925) Whittaker & Margulis, 1978","Plantae","Tracheophyta","Magnoliopsida","Fabales Bromhead","Fabaceae","Senegalia"
"Acacia polybotrya","","BSGPT","BSGPT","BYZS4","Acacia polybotrya Benth.","Acacia polybotrya","Benth.","accepted","Acacia polybotrya Benth.","SECTION BOTANY:sect. Botrycephalae|GENUS:Acacia|FAMILY:Fabaceae|ORDER:Fabales Bromhead|CLASS:Magnoliopsida|PHYLUM:Tracheophyta|SUBKINGDOM:Pteridobiotina Britton & Brown|KINGDOM:Plantae|DOMAIN:Eukaryota (Chatton, 1925) Whittaker & Margulis, 1978","Plantae","Tracheophyta","Magnoliopsida","Fabales Bromhead","Fabaceae","Acacia"
"Acacia polyphylla","","9CN4M","BT676","BT676","Acacia polyphylla Clos","Acacia polyphylla","Clos","ambiguous synonym","Parasenegalia visco (Lorentz ex Griseb.) Seigler & Ebinger","SPECIES:Parasenegalia visco (Lorentz ex Griseb.) Seigler & Ebinger|GENUS:Parasenegalia|FAMILY:Fabaceae|ORDER:Fabales Bromhead|CLASS:Magnoliopsida|PHYLUM:Tracheophyta|SUBKINGDOM:Pteridobiotina Britton & Brown|KINGDOM:Plantae|DOMAIN:Eukaryota (Chatton, 1925) Whittaker & Margulis, 1978","Plantae","Tracheophyta","Magnoliopsida","Fabales Bromhead","Fabaceae","Parasenegalia"
"Acacia polystachya","","BSGPV","BSGPV","BYZSL","Acacia polystachya A.Cunn. ex Benth.","Acacia polystachya","A.Cunn. ex Benth.","accepted","Acacia polystachya A.Cunn. ex Benth.","SECTION BOTANY:sect. Juliflorae|GENUS:Acacia|FAMILY:Fabaceae|ORDER:Fabales Bromhead|CLASS:Magnoliopsida|PHYLUM:Tracheophyta|SUBKINGDOM:Pteridobiotina Britton & Brown|KINGDOM:Plantae|DOMAIN:Eukaryota (Chatton, 1925) Whittaker & Margulis, 1978","Plantae","Tracheophyta","Magnoliopsida","Fabales Bromhead","Fabaceae","Acacia"
"Acacia praecox","","BSRZ2","BT93T","BT93T","Acacia praecox Griseb.","Acacia praecox","Griseb.","synonym","Senegalia praecox (Griseb.) Seigler & Ebinger","SPECIES:Senegalia praecox (Griseb.) Seigler & Ebinger|SECTION BOTANY:Monacanthea sect. Monacanthea pro parte|GENUS:Senegalia|FAMILY:Fabaceae|ORDER:Fabales Bromhead|CLASS:Magnoliopsida|PHYLUM:Tracheophyta|SUBKINGDOM:Pteridobiotina Britton & Brown|KINGDOM:Plantae|DOMAIN:Eukaryota (Chatton, 1925) Whittaker & Margulis, 1978","Plantae","Tracheophyta","Magnoliopsida","Fabales Bromhead","Fabaceae","Senegalia"
"Acacia praelongata","","BSGPW","BSGPW","BYZTL","Acacia praelongata F.Muell.","Acacia praelongata","F.Muell.","accepted","Acacia praelongata F.Muell.","SECTION BOTANY:sect. Plurinerves|GENUS:Acacia|FAMILY:Fabaceae|ORDER:Fabales Bromhead|CLASS:Magnoliopsida|PHYLUM:Tracheophyta|SUBKINGDOM:Pteridobiotina Britton & Brown|KINGDOM:Plantae|DOMAIN:Eukaryota (Chatton, 1925) Whittaker & Margulis, 1978","Plantae","Tracheophyta","Magnoliopsida","Fabales Bromhead","Fabaceae","Acacia"
"Acacia prainii","","BSKDB","BSKDB","9JGMY","Acacia prainii Maiden","Acacia prainii","Maiden","accepted","Acacia prainii Maiden","SECTION BOTANY:sect. Acacia|GENUS:Acacia|FAMILY:Fabaceae|ORDER:Fabales Bromhead|CLASS:Magnoliopsida|PHYLUM:Tracheophyta|SUBKINGDOM:Pteridobiotina Britton & Brown|KINGDOM:Plantae|DOMAIN:Eukaryota (Chatton, 1925) Whittaker & Margulis, 1978","Plantae","Tracheophyta","Magnoliopsida","Fabales Bromhead","Fabaceae","Acacia"
"Acacia pravissima","","9JPTL","9JPTL","9JGMY","Acacia pravissima F.Muell.","Acacia pravissima","F.Muell.","accepted","Acacia pravissima F.Muell.","SECTION BOTANY:sect. Acacia|GENUS:Acacia|FAMILY:Fabaceae|ORDER:Fabales Bromhead|CLASS:Magnoliopsida|PHYLUM:Tracheophyta|SUBKINGDOM:Pteridobiotina Britton & Brown|KINGDOM:Plantae|DOMAIN:Eukaryota (Chatton, 1925) Whittaker & Margulis, 1978","Plantae","Tracheophyta","Magnoliopsida","Fabales Bromhead","Fabaceae","Acacia"
"Acacia pringlei","","BSRZ4","BTCFD","BTCFD","Acacia pringlei Rose","Acacia pringlei","Rose","synonym","Vachellia pringlei (Rose) Seigler & Ebinger","SPECIES:Vachellia pringlei (Rose) Seigler & Ebinger|GENUS:Vachellia|FAMILY:Fabaceae|ORDER:Fabales Bromhead|CLASS:Magnoliopsida|PHYLUM:Tracheophyta|SUBKINGDOM:Pteridobiotina Britton & Brown|KINGDOM:Plantae|DOMAIN:Eukaryota (Chatton, 1925) Whittaker & Margulis, 1978","Plantae","Tracheophyta","Magnoliopsida","Fabales Bromhead","Fabaceae","Vachellia"
"Acacia producta","","BSKDK","BSKDK","BYZTL","Acacia producta Tindale","Acacia producta","Tindale","accepted","Acacia producta Tindale","SECTION BOTANY:sect. Plurinerves|GENUS:Acacia|FAMILY:Fabaceae|ORDER:Fabales Bromhead|CLASS:Magnoliopsida|PHYLUM:Tracheophyta|SUBKINGDOM:Pteridobiotina Britton & Brown|KINGDOM:Plantae|DOMAIN:Eukaryota (Chatton, 1925) Whittaker & Margulis, 1978","Plantae","Tracheophyta","Magnoliopsida","Fabales Bromhead","Fabaceae","Acacia"
"Acacia prominens","","BSKDP","BSKDP","9JGMY","Acacia prominens A.Cunn. ex G.Don","Acacia prominens","A.Cunn. ex G.Don","accepted","Acacia prominens A.Cunn. ex G.Don","SECTION BOTANY:sect. Acacia|GENUS:Acacia|FAMILY:Fabaceae|ORDER:Fabales Bromhead|CLASS:Magnoliopsida|PHYLUM:Tracheophyta|SUBKINGDOM:Pteridobiotina Britton & Brown|KINGDOM:Plantae|DOMAIN:Eukaryota (Chatton, 1925) Whittaker & Margulis, 1978","Plantae","Tracheophyta","Magnoliopsida","Fabales Bromhead","Fabaceae","Acacia"
"Acacia pruinocarpa","","BSGPZ","BSGPZ","9JGMY","Acacia pruinocarpa Tindale","Acacia pruinocarpa","Tindale","accepted","Acacia pruinocarpa Tindale","SECTION BOTANY:sect. Acacia|GENUS:Acacia|FAMILY:Fabaceae|ORDER:Fabales Bromhead|CLASS:Magnoliopsida|PHYLUM:Tracheophyta|SUBKINGDOM:Pteridobiotina Britton & Brown|KINGDOM:Plantae|DOMAIN:Eukaryota (Chatton, 1925) Whittaker & Margulis, 1978","Plantae","Tracheophyta","Magnoliopsida","Fabales Bromhead","Fabaceae","Acacia"
"Acacia pruinosa","","BSKDT","BSKDT","BYZS4","Acacia pruinosa A.Cunn. ex Benth.","Acacia pruinosa","A.Cunn. ex Benth.","accepted","Acacia pruinosa A.Cunn. ex Benth.","SECTION BOTANY:sect. Botrycephalae|GENUS:Acacia|FAMILY:Fabaceae|ORDER:Fabales Bromhead|CLASS:Magnoliopsida|PHYLUM:Tracheophyta|SUBKINGDOM:Pteridobiotina Britton & Brown|KINGDOM:Plantae|DOMAIN:Eukaryota (Chatton, 1925) Whittaker & Margulis, 1978","Plantae","Tracheophyta","Magnoliopsida","Fabales Bromhead","Fabaceae","Acacia"
"Acacia pseudofistula","","BSRZ7","BTHDS","BTHDS","Acacia pseudofistula Harms","Acacia pseudofistula","Harms","synonym","Vachellia pseudofistula (Harms) Kyal. & Boatwr.","SPECIES:Vachellia pseudofistula (Harms) Kyal. & Boatwr.|GENUS:Vachellia|FAMILY:Fabaceae|ORDER:Fabales Bromhead|CLASS:Magnoliopsida|PHYLUM:Tracheophyta|SUBKINGDOM:Pteridobiotina Britton & Brown|KINGDOM:Plantae|DOMAIN:Eukaryota (Chatton, 1925) Whittaker & Margulis, 1978","Plantae","Tracheophyta","Magnoliopsida","Fabales Bromhead","Fabaceae","Vachellia"
"Acacia pubescens","","BSKF8","BSKF8","BYZS4","Acacia pubescens (Vent.) R.Br.","Acacia pubescens","(Vent.) R.Br.","accepted","Acacia pubescens (Vent.) R.Br.","SECTION BOTANY:sect. Botrycephalae|GENUS:Acacia|FAMILY:Fabaceae|ORDER:Fabales Bromhead|CLASS:Magnoliopsida|PHYLUM:Tracheophyta|SUBKINGDOM:Pteridobiotina Britton & Brown|KINGDOM:Plantae|DOMAIN:Eukaryota (Chatton, 1925) Whittaker & Margulis, 1978","Plantae","Tracheophyta","Magnoliopsida","Fabales Bromhead","Fabaceae","Acacia"
"Acacia pulchella","","BSGQ5","BSGQ5","BYZTM","Acacia pulchella R.Br.","Acacia pulchella","R.Br.","accepted","Acacia pulchella R.Br.","SECTION BOTANY:sect. Pulchellae|GENUS:Acacia|FAMILY:Fabaceae|ORDER:Fabales Bromhead|CLASS:Magnoliopsida|PHYLUM:Tracheophyta|SUBKINGDOM:Pteridobiotina Britton & Brown|KINGDOM:Plantae|DOMAIN:Eukaryota (Chatton, 1925) Whittaker & Margulis, 1978","Plantae","Tracheophyta","Magnoliopsida","Fabales Bromhead","Fabaceae","Acacia"
"Acacia pulviniformis","","BSKFD","BSKFD","9JGMY","Acacia pulviniformis Maiden & Blakely","Acacia pulviniformis","Maiden & Blakely","accepted","Acacia pulviniformis Maiden & Blakely","SECTION BOTANY:sect. Acacia|GENUS:Acacia|FAMILY:Fabaceae|ORDER:Fabales Bromhead|CLASS:Magnoliopsida|PHYLUM:Tracheophyta|SUBKINGDOM:Pteridobiotina Britton & Brown|KINGDOM:Plantae|DOMAIN:Eukaryota (Chatton, 1925) Whittaker & Margulis, 1978","Plantae","Tracheophyta","Magnoliopsida","Fabales Bromhead","Fabaceae","Acacia"
"Acacia puncticulata","","BSKFG","BSKFG","9JGMY","Acacia puncticulata Maslin","Acacia puncticulata","Maslin","accepted","Acacia puncticulata Maslin","SECTION BOTANY:sect. Acacia|GENUS:Acacia|FAMILY:Fabaceae|ORDER:Fabales Bromhead|CLASS:Magnoliopsida|PHYLUM:Tracheophyta|SUBKINGDOM:Pteridobiotina Britton & Brown|KINGDOM:Plantae|DOMAIN:Eukaryota (Chatton, 1925) Whittaker & Margulis, 1978","Plantae","Tracheophyta","Magnoliopsida","Fabales Bromhead","Fabaceae","Acacia"
"Acacia pusilla","","BSKFJ","BSKFJ","9JGMY","Acacia pusilla Maslin","Acacia pusilla","Maslin","accepted","Acacia pusilla Maslin","SECTION BOTANY:sect. Acacia|GENUS:Acacia|FAMILY:Fabaceae|ORDER:Fabales Bromhead|CLASS:Magnoliopsida|PHYLUM:Tracheophyta|SUBKINGDOM:Pteridobiotina Britton & Brown|KINGDOM:Plantae|DOMAIN:Eukaryota (Chatton, 1925) Whittaker & Margulis, 1978","Plantae","Tracheophyta","Magnoliopsida","Fabales Bromhead","Fabaceae","Acacia"
"Acacia pustula","","BSKFK","BSKFK","9JGMY","Acacia pustula Maiden & Blakely","Acacia pustula","Maiden & Blakely","accepted","Acacia pustula Maiden & Blakely","SECTION BOTANY:sect. Acacia|GENUS:Acacia|FAMILY:Fabaceae|ORDER:Fabales Bromhead|CLASS:Magnoliopsida|PHYLUM:Tracheophyta|SUBKINGDOM:Pteridobiotina Britton & Brown|KINGDOM:Plantae|DOMAIN:Eukaryota (Chatton, 1925) Whittaker & Margulis, 1978","Plantae","Tracheophyta","Magnoliopsida","Fabales Bromhead","Fabaceae","Acacia"
"Acacia pycnantha","","BSGQ6","BSGQ6","9JGMY","Acacia pycnantha Benth.","Acacia pycnantha","Benth.","accepted","Acacia pycnantha Benth.","SECTION BOTANY:sect. Acacia|GENUS:Acacia|FAMILY:Fabaceae|ORDER:Fabales Bromhead|CLASS:Magnoliopsida|PHYLUM:Tracheophyta|SUBKINGDOM:Pteridobiotina Britton & Brown|KINGDOM:Plantae|DOMAIN:Eukaryota (Chatton, 1925) Whittaker & Margulis, 1978","Plantae","Tracheophyta","Magnoliopsida","Fabales Bromhead","Fabaceae","Acacia"
"Acacia pycnocephala","","BSKFL","BSKFL","9JGMY","Acacia pycnocephala Maslin","Acacia pycnocephala","Maslin","accepted","Acacia pycnocephala Maslin","SECTION BOTANY:sect. Acacia|GENUS:Acacia|FAMILY:Fabaceae|ORDER:Fabales Bromhead|CLASS:Magnoliopsida|PHYLUM:Tracheophyta|SUBKINGDOM:Pteridobiotina Britton & Brown|KINGDOM:Plantae|DOMAIN:Eukaryota (Chatton, 1925) Whittaker & Margulis, 1978","Plantae","Tracheophyta","Magnoliopsida","Fabales Bromhead","Fabaceae","Acacia"
"Acacia pycnostachya","","BSKFN","BSKFN","BYZSL","Acacia pycnostachya F.Muell. ex Benth.","Acacia pycnostachya","F.Muell. ex Benth.","accepted","Acacia pycnostachya F.Muell. ex Benth.","SECTION BOTANY:sect. Juliflorae|GENUS:Acacia|FAMILY:Fabaceae|ORDER:Fabales Bromhead|CLASS:Magnoliopsida|PHYLUM:Tracheophyta|SUBKINGDOM:Pteridobiotina Britton & Brown|KINGDOM:Plantae|DOMAIN:Eukaryota (Chatton, 1925) Whittaker & Margulis, 1978","Plantae","Tracheophyta","Magnoliopsida","Fabales Bromhead","Fabaceae","Acacia"
"Acacia pygmaea","","BSGQ7","BSGQ7","9JGMY","Acacia pygmaea Maslin","Acacia pygmaea","Maslin","accepted","Acacia pygmaea Maslin","SECTION BOTANY:sect. Acacia|GENUS:Acacia|FAMILY:Fabaceae|ORDER:Fabales Bromhead|CLASS:Magnoliopsida|PHYLUM:Tracheophyta|SUBKINGDOM:Pteridobiotina Britton & Brown|KINGDOM:Plantae|DOMAIN:Eukaryota (Chatton, 1925) Whittaker & Margulis, 1978","Plantae","Tracheophyta","Magnoliopsida","Fabales Bromhead","Fabaceae","Acacia"
"Acacia pyrifolia","","BSGQ8","BSGQ8","9JGMY","Acacia pyrifolia DC.","Acacia pyrifolia","DC.","accepted","Acacia pyrifolia DC.","SECTION BOTANY:sect. Acacia|GENUS:Acacia|FAMILY:Fabaceae|ORDER:Fabales Bromhead|CLASS:Magnoliopsida|PHYLUM:Tracheophyta|SUBKINGDOM:Pteridobiotina Britton & Brown|KINGDOM:Plantae|DOMAIN:Eukaryota (Chatton, 1925) Whittaker & Margulis, 1978","Plantae","Tracheophyta","Magnoliopsida","Fabales Bromhead","Fabaceae","Acacia"
"Acacia quadrilateralis","","BSGB4","BSGB4","9JGMY","Acacia quadrilateralis DC.","Acacia quadrilateralis","DC.","accepted","Acacia quadrilateralis DC.","SECTION BOTANY:sect. Acacia|GENUS:Acacia|FAMILY:Fabaceae|ORDER:Fabales Bromhead|CLASS:Magnoliopsida|PHYLUM:Tracheophyta|SUBKINGDOM:Pteridobiotina Britton & Brown|KINGDOM:Plantae|DOMAIN:Eukaryota (Chatton, 1925) Whittaker & Margulis, 1978","Plantae","Tracheophyta","Magnoliopsida","Fabales Bromhead","Fabaceae","Acacia"
"Acacia quadrimarginea","","BSKFP","BSKFP","BYZSL","Acacia quadrimarginea F.Muell.","Acacia quadrimarginea","F.Muell.","accepted","Acacia quadrimarginea F.Muell.","SECTION BOTANY:sect. Juliflorae|GENUS:Acacia|FAMILY:Fabaceae|ORDER:Fabales Bromhead|CLASS:Magnoliopsida|PHYLUM:Tracheophyta|SUBKINGDOM:Pteridobiotina Britton & Brown|KINGDOM:Plantae|DOMAIN:Eukaryota (Chatton, 1925) Whittaker & Margulis, 1978","Plantae","Tracheophyta","Magnoliopsida","Fabales Bromhead","Fabaceae","Acacia"
"Acacia quornensis","","BSKFR","BSKFR","9JGMY","Acacia quornensis J.M.Black","Acacia quornensis","J.M.Black","accepted","Acacia quornensis J.M.Black","SECTION BOTANY:sect. Acacia|GENUS:Acacia|FAMILY:Fabaceae|ORDER:Fabales Bromhead|CLASS:Magnoliopsida|PHYLUM:Tracheophyta|SUBKINGDOM:Pteridobiotina Britton & Brown|KINGDOM:Plantae|DOMAIN:Eukaryota (Chatton, 1925) Whittaker & Margulis, 1978","Plantae","Tracheophyta","Magnoliopsida","Fabales Bromhead","Fabaceae","Acacia"
"Acacia redolens","","BSGQC","BSGQC","BYZTL","Acacia redolens Maslin","Acacia redolens","Maslin","accepted","Acacia redolens Maslin","SECTION BOTANY:sect. Plurinerves|GENUS:Acacia|FAMILY:Fabaceae|ORDER:Fabales Bromhead|CLASS:Magnoliopsida|PHYLUM:Tracheophyta|SUBKINGDOM:Pteridobiotina Britton & Brown|KINGDOM:Plantae|DOMAIN:Eukaryota (Chatton, 1925) Whittaker & Margulis, 1978","Plantae","Tracheophyta","Magnoliopsida","Fabales Bromhead","Fabaceae","Acacia"
"Acacia reficiens","","64BRK","7F8XZ","7F8XZ","Acacia reficiens Wawra","Acacia reficiens","Wawra","synonym","Vachellia reficiens (Wawra) Kyal. & Boatwr.","SPECIES:Vachellia reficiens (Wawra) Kyal. & Boatwr.|GENUS:Vachellia|FAMILY:Fabaceae|ORDER:Fabales Bromhead|CLASS:Magnoliopsida|PHYLUM:Tracheophyta|SUBKINGDOM:Pteridobiotina Britton & Brown|KINGDOM:Plantae|DOMAIN:Eukaryota (Chatton, 1925) Whittaker & Margulis, 1978","Plantae","Tracheophyta","Magnoliopsida","Fabales Bromhead","Fabaceae","Vachellia"
"Acacia rehmanniana","","9JPV3","BTN8F","BTN8F","Acacia rehmanniana sens. Hutch. & Dalziel","Acacia rehmanniana","sens. Hutch. & Dalziel","misapplied","Vachellia sieberiana var. villosa (A.Chev.) Kyal. & Boatwr.","VARIETY:Vachellia sieberiana var. villosa (A.Chev.) Kyal. & Boatwr.|SPECIES:Vachellia sieberiana (DC.) Kyal. & Boatwr.|GENUS:Vachellia|FAMILY:Fabaceae|ORDER:Fabales Bromhead|CLASS:Magnoliopsida|PHYLUM:Tracheophyta|SUBKINGDOM:Pteridobiotina Britton & Brown|KINGDOM:Plantae|DOMAIN:Eukaryota (Chatton, 1925) Whittaker & Margulis, 1978","Plantae","Tracheophyta","Magnoliopsida","Fabales Bromhead","Fabaceae","Vachellia"
"Acacia reniformis","","BSRZK","BT942","BT942","Acacia reniformis Benth.","Acacia reniformis","Benth.","synonym","Senegalia reniformis (Benth.) Britton & Rose","SPECIES:Senegalia reniformis (Benth.) Britton & Rose|SECTION BOTANY:Monacanthea sect. Monacanthea pro parte|GENUS:Senegalia|FAMILY:Fabaceae|ORDER:Fabales Bromhead|CLASS:Magnoliopsida|PHYLUM:Tracheophyta|SUBKINGDOM:Pteridobiotina Britton & Brown|KINGDOM:Plantae|DOMAIN:Eukaryota (Chatton, 1925) Whittaker & Margulis, 1978","Plantae","Tracheophyta","Magnoliopsida","Fabales Bromhead","Fabaceae","Senegalia"
"Acacia resinosa","","BSKG5","BSKG5","BYZTL","Acacia resinosa R.S.Cowan & Maslin","Acacia resinosa","R.S.Cowan & Maslin","accepted","Acacia resinosa R.S.Cowan & Maslin","SECTION BOTANY:sect. Plurinerves|GENUS:Acacia|FAMILY:Fabaceae|ORDER:Fabales Bromhead|CLASS:Magnoliopsida|PHYLUM:Tracheophyta|SUBKINGDOM:Pteridobiotina Britton & Brown|KINGDOM:Plantae|DOMAIN:Eukaryota (Chatton, 1925) Whittaker & Margulis, 1978","Plantae","Tracheophyta","Magnoliopsida","Fabales Bromhead","Fabaceae","Acacia"
"Acacia retivenea","","BSGQF","BSGQF","BYZTL","Acacia retivenea F.Muell.","Acacia retivenea","F.Muell.","accepted","Acacia retivenea F.Muell.","SECTION BOTANY:sect. Plurinerves|GENUS:Acacia|FAMILY:Fabaceae|ORDER:Fabales Bromhead|CLASS:Magnoliopsida|PHYLUM:Tracheophyta|SUBKINGDOM:Pteridobiotina Britton & Brown|KINGDOM:Plantae|DOMAIN:Eukaryota (Chatton, 1925) Whittaker & Margulis, 1978","Plantae","Tracheophyta","Magnoliopsida","Fabales Bromhead","Fabaceae","Acacia"
"Acacia rhetinocarpa","","BSKGB","BSKGB","9JGMY","Acacia rhetinocarpa J.M.Black","Acacia rhetinocarpa","J.M.Black","accepted","Acacia rhetinocarpa J.M.Black","SECTION BOTANY:sect. Acacia|GENUS:Acacia|FAMILY:Fabaceae|ORDER:Fabales Bromhead|CLASS:Magnoliopsida|PHYLUM:Tracheophyta|SUBKINGDOM:Pteridobiotina Britton & Brown|KINGDOM:Plantae|DOMAIN:Eukaryota (Chatton, 1925) Whittaker & Margulis, 1978","Plantae","Tracheophyta","Magnoliopsida","Fabales Bromhead","Fabaceae","Acacia"
"Acacia rhigiophylla","","BSKGC","BSKGC","BYZSL","Acacia rhigiophylla F.Muell. ex Benth.","Acacia rhigiophylla","F.Muell. ex Benth.","accepted","Acacia rhigiophylla F.Muell. ex Benth.","SECTION BOTANY:sect. Juliflorae|GENUS:Acacia|FAMILY:Fabaceae|ORDER:Fabales Bromhead|CLASS:Magnoliopsida|PHYLUM:Tracheophyta|SUBKINGDOM:Pteridobiotina Britton & Brown|KINGDOM:Plantae|DOMAIN:Eukaryota (Chatton, 1925) Whittaker & Margulis, 1978","Plantae","Tracheophyta","Magnoliopsida","Fabales Bromhead","Fabaceae","Acacia"
"Acacia rigidula","","BSRZM","BTCFH","BTCFH","Acacia rigidula Benth.","Acacia rigidula","Benth.","synonym","Vachellia rigidula (Benth.) Seigler & Ebinger","SPECIES:Vachellia rigidula (Benth.) Seigler & Ebinger|GENUS:Vachellia|FAMILY:Fabaceae|ORDER:Fabales Bromhead|CLASS:Magnoliopsida|PHYLUM:Tracheophyta|SUBKINGDOM:Pteridobiotina Britton & Brown|KINGDOM:Plantae|DOMAIN:Eukaryota (Chatton, 1925) Whittaker & Margulis, 1978","Plantae","Tracheophyta","Magnoliopsida","Fabales Bromhead","Fabaceae","Vachellia"
"Acacia riparia","","9CN66","BT93S","BT93S","Acacia riparia Bertero ex Spreng.","Acacia riparia","Bertero ex Spreng.","ambiguous synonym","Senegalia polyphylla (DC.) Britton & Rose","SPECIES:Senegalia polyphylla (DC.) Britton & Rose|SECTION BOTANY:Monacanthea sect. Monacanthea pro parte|GENUS:Senegalia|FAMILY:Fabaceae|ORDER:Fabales Bromhead|CLASS:Magnoliopsida|PHYLUM:Tracheophyta|SUBKINGDOM:Pteridobiotina Britton & Brown|KINGDOM:Plantae|DOMAIN:Eukaryota (Chatton, 1925) Whittaker & Margulis, 1978","Plantae","Tracheophyta","Magnoliopsida","Fabales Bromhead","Fabaceae","Senegalia"
"Acacia robinae","","","","","","","","","","","","","","","",""
"Acacia robusta","","9JPVG","BTFHL","BTFHL","Acacia robusta sens. Codd","Acacia robusta","sens. Codd","misapplied","Vachellia robusta subsp. clavigera (E.Mey.) Kyal. & Boatwr.","SUBSPECIES:Vachellia robusta subsp. clavigera (E.Mey.) Kyal. & Boatwr.|SPECIES:Vachellia robusta (Burch.) Kyal. & Boatwr.|GENUS:Vachellia|FAMILY:Fabaceae|ORDER:Fabales Bromhead|CLASS:Magnoliopsida|PHYLUM:Tracheophyta|SUBKINGDOM:Pteridobiotina Britton & Brown|KINGDOM:Plantae|DOMAIN:Eukaryota (Chatton, 1925) Whittaker & Margulis, 1978","Plantae","Tracheophyta","Magnoliopsida","Fabales Bromhead","Fabaceae","Vachellia"
"Acacia roemeriana","","BSRZR","BT943","BT943","Acacia roemeriana Scheele","Acacia roemeriana","Scheele","synonym","Senegalia roemeriana (Scheele) Britton & Rose","SPECIES:Senegalia roemeriana (Scheele) Britton & Rose|SECTION BOTANY:Monacanthea sect. Monacanthea pro parte|GENUS:Senegalia|FAMILY:Fabaceae|ORDER:Fabales Bromhead|CLASS:Magnoliopsida|PHYLUM:Tracheophyta|SUBKINGDOM:Pteridobiotina Britton & Brown|KINGDOM:Plantae|DOMAIN:Eukaryota (Chatton, 1925) Whittaker & Margulis, 1978","Plantae","Tracheophyta","Magnoliopsida","Fabales Bromhead","Fabaceae","Senegalia"
"Acacia rosei","","BSKGT","BSKGT","9JGMY","Acacia rossei F.Muell.","Acacia rossei","F.Muell.","accepted","Acacia rossei F.Muell.","SECTION BOTANY:sect. Acacia|GENUS:Acacia|FAMILY:Fabaceae|ORDER:Fabales Bromhead|CLASS:Magnoliopsida|PHYLUM:Tracheophyta|SUBKINGDOM:Pteridobiotina Britton & Brown|KINGDOM:Plantae|DOMAIN:Eukaryota (Chatton, 1925) Whittaker & Margulis, 1978","Plantae","Tracheophyta","Magnoliopsida","Fabales Bromhead","Fabaceae","Acacia"
"Acacia rovumae","","9JPVJ","BT94D","BT94D","Acacia rovumae sens. Burtt","Acacia rovumae","sens. Burtt","misapplied","Senegalia tanganyikensis (Brenan) Kyal. & Boatwr.","SPECIES:Senegalia tanganyikensis (Brenan) Kyal. & Boatwr.|SECTION BOTANY:sect. Senegalia|GENUS:Senegalia|FAMILY:Fabaceae|ORDER:Fabales Bromhead|CLASS:Magnoliopsida|PHYLUM:Tracheophyta|SUBKINGDOM:Pteridobiotina Britton & Brown|KINGDOM:Plantae|DOMAIN:Eukaryota (Chatton, 1925) Whittaker & Margulis, 1978","Plantae","Tracheophyta","Magnoliopsida","Fabales Bromhead","Fabaceae","Senegalia"
"Acacia roycei","","BSKGZ","BSKGZ","BYZTL","Acacia roycei Maslin","Acacia roycei","Maslin","accepted","Acacia roycei Maslin","SECTION BOTANY:sect. Plurinerves|GENUS:Acacia|FAMILY:Fabaceae|ORDER:Fabales Bromhead|CLASS:Magnoliopsida|PHYLUM:Tracheophyta|SUBKINGDOM:Pteridobiotina Britton & Brown|KINGDOM:Plantae|DOMAIN:Eukaryota (Chatton, 1925) Whittaker & Margulis, 1978","Plantae","Tracheophyta","Magnoliopsida","Fabales Bromhead","Fabaceae","Acacia"
"Acacia rubida","","BSKH2","BSKH2","9JGMY","Acacia rubida A.Cunn.","Acacia rubida","A.Cunn.","accepted","Acacia rubida A.Cunn.","SECTION BOTANY:sect. Acacia|GENUS:Acacia|FAMILY:Fabaceae|ORDER:Fabales Bromhead|CLASS:Magnoliopsida|PHYLUM:Tracheophyta|SUBKINGDOM:Pteridobiotina Britton & Brown|KINGDOM:Plantae|DOMAIN:Eukaryota (Chatton, 1925) Whittaker & Margulis, 1978","Plantae","Tracheophyta","Magnoliopsida","Fabales Bromhead","Fabaceae","Acacia"
"Acacia rugata","","9JPVM","BSPYN","BSPYN","Acacia rugata (Lam.) Buch.-Ham. ex Fawc. & Rendle","Acacia rugata","(Lam.) Buch.-Ham. ex Fawc. & Rendle","synonym","Senegalia rugata (Lam.) Britton & Rose","SPECIES:Senegalia rugata (Lam.) Britton & Rose|SECTION BOTANY:Monacanthea sect. Monacanthea pro parte|GENUS:Senegalia|FAMILY:Fabaceae|ORDER:Fabales Bromhead|CLASS:Magnoliopsida|PHYLUM:Tracheophyta|SUBKINGDOM:Pteridobiotina Britton & Brown|KINGDOM:Plantae|DOMAIN:Eukaryota (Chatton, 1925) Whittaker & Margulis, 1978","Plantae","Tracheophyta","Magnoliopsida","Fabales Bromhead","Fabaceae","Senegalia"
"Acacia ruppii","","BSKH9","BSKH9","9JGMY","Acacia ruppii Maiden & Betche","Acacia ruppii","Maiden & Betche","accepted","Acacia ruppii Maiden & Betche","SECTION BOTANY:sect. Acacia|GENUS:Acacia|FAMILY:Fabaceae|ORDER:Fabales Bromhead|CLASS:Magnoliopsida|PHYLUM:Tracheophyta|SUBKINGDOM:Pteridobiotina Britton & Brown|KINGDOM:Plantae|DOMAIN:Eukaryota (Chatton, 1925) Whittaker & Margulis, 1978","Plantae","Tracheophyta","Magnoliopsida","Fabales Bromhead","Fabaceae","Acacia"
"Acacia russelliana","","BSRZY","BSHTJ","BSHTJ","Acacia russelliana (Britton & Rose) Lundell","Acacia russelliana","(Britton & Rose) Lundell","synonym","Mariosousa russelliana (Britton & Rose) Seigler & Ebinger","SPECIES:Mariosousa russelliana (Britton & Rose) Seigler & Ebinger|GENUS:Mariosousa|FAMILY:Fabaceae|ORDER:Fabales Bromhead|CLASS:Magnoliopsida|PHYLUM:Tracheophyta|SUBKINGDOM:Pteridobiotina Britton & Brown|KINGDOM:Plantae|DOMAIN:Eukaryota (Chatton, 1925) Whittaker & Margulis, 1978","Plantae","Tracheophyta","Magnoliopsida","Fabales Bromhead","Fabaceae","Mariosousa"
"Acacia sabulosa","","BSKHC","BSKHC","9JGMY","Acacia sabulosa Maslin","Acacia sabulosa","Maslin","accepted","Acacia sabulosa Maslin","SECTION BOTANY:sect. Acacia|GENUS:Acacia|FAMILY:Fabaceae|ORDER:Fabales Bromhead|CLASS:Magnoliopsida|PHYLUM:Tracheophyta|SUBKINGDOM:Pteridobiotina Britton & Brown|KINGDOM:Plantae|DOMAIN:Eukaryota (Chatton, 1925) Whittaker & Margulis, 1978","Plantae","Tracheophyta","Magnoliopsida","Fabales Bromhead","Fabaceae","Acacia"
"Acacia saliciformis","","BSKHD","BSKHD","9JGMY","Acacia saliciformis Tindale","Acacia saliciformis","Tindale","accepted","Acacia saliciformis Tindale","SECTION BOTANY:sect. Acacia|GENUS:Acacia|FAMILY:Fabaceae|ORDER:Fabales Bromhead|CLASS:Magnoliopsida|PHYLUM:Tracheophyta|SUBKINGDOM:Pteridobiotina Britton & Brown|KINGDOM:Plantae|DOMAIN:Eukaryota (Chatton, 1925) Whittaker & Margulis, 1978","Plantae","Tracheophyta","Magnoliopsida","Fabales Bromhead","Fabaceae","Acacia"
"Acacia salicina","","BSGQK","BSGQK","9JGMY","Acacia salicina Lindl.","Acacia salicina","Lindl.","accepted","Acacia salicina Lindl.","SECTION BOTANY:sect. Acacia|GENUS:Acacia|FAMILY:Fabaceae|ORDER:Fabales Bromhead|CLASS:Magnoliopsida|PHYLUM:Tracheophyta|SUBKINGDOM:Pteridobiotina Britton & Brown|KINGDOM:Plantae|DOMAIN:Eukaryota (Chatton, 1925) Whittaker & Margulis, 1978","Plantae","Tracheophyta","Magnoliopsida","Fabales Bromhead","Fabaceae","Acacia"
"Acacia saligna","","BSG5R","BSG5R","9JGMY","Acacia saligna (Labill.) H.L.Wendl.","Acacia saligna","(Labill.) H.L.Wendl.","accepted","Acacia saligna (Labill.) H.L.Wendl.","SECTION BOTANY:sect. Acacia|GENUS:Acacia|FAMILY:Fabaceae|ORDER:Fabales Bromhead|CLASS:Magnoliopsida|PHYLUM:Tracheophyta|SUBKINGDOM:Pteridobiotina Britton & Brown|KINGDOM:Plantae|DOMAIN:Eukaryota (Chatton, 1925) Whittaker & Margulis, 1978","Plantae","Tracheophyta","Magnoliopsida","Fabales Bromhead","Fabaceae","Acacia"
"Acacia saxatilis","","BSGQL","BSGQL","9JGMY","Acacia saxatilis S.Moore","Acacia saxatilis","S.Moore","accepted","Acacia saxatilis S.Moore","SECTION BOTANY:sect. Acacia|GENUS:Acacia|FAMILY:Fabaceae|ORDER:Fabales Bromhead|CLASS:Magnoliopsida|PHYLUM:Tracheophyta|SUBKINGDOM:Pteridobiotina Britton & Brown|KINGDOM:Plantae|DOMAIN:Eukaryota (Chatton, 1925) Whittaker & Margulis, 1978","Plantae","Tracheophyta","Magnoliopsida","Fabales Bromhead","Fabaceae","Acacia"
"Acacia schaffneri","","BSS24","BTCFP","BTCFP","Acacia schaffneri (S.Watson) F.J.Herm.","Acacia schaffneri","(S.Watson) F.J.Herm.","synonym","Vachellia schaffneri (S.Watson) Seigler & Ebinger","SPECIES:Vachellia schaffneri (S.Watson) Seigler & Ebinger|GENUS:Vachellia|FAMILY:Fabaceae|ORDER:Fabales Bromhead|CLASS:Magnoliopsida|PHYLUM:Tracheophyta|SUBKINGDOM:Pteridobiotina Britton & Brown|KINGDOM:Plantae|DOMAIN:Eukaryota (Chatton, 1925) Whittaker & Margulis, 1978","Plantae","Tracheophyta","Magnoliopsida","Fabales Bromhead","Fabaceae","Vachellia"
"Acacia schinoides","","BSKHL","BSKHL","BYZS4","Acacia schinoides Benth.","Acacia schinoides","Benth.","accepted","Acacia schinoides Benth.","SECTION BOTANY:sect. Botrycephalae|GENUS:Acacia|FAMILY:Fabaceae|ORDER:Fabales Bromhead|CLASS:Magnoliopsida|PHYLUM:Tracheophyta|SUBKINGDOM:Pteridobiotina Britton & Brown|KINGDOM:Plantae|DOMAIN:Eukaryota (Chatton, 1925) Whittaker & Margulis, 1978","Plantae","Tracheophyta","Magnoliopsida","Fabales Bromhead","Fabaceae","Acacia"
"Acacia schottii","","BSS26","BTCFQ","BTCFQ","Acacia schottii Torr.","Acacia schottii","Torr.","synonym","Vachellia schottii (Torr.) Seigler & Ebinger","SPECIES:Vachellia schottii (Torr.) Seigler & Ebinger|GENUS:Vachellia|FAMILY:Fabaceae|ORDER:Fabales Bromhead|CLASS:Magnoliopsida|PHYLUM:Tracheophyta|SUBKINGDOM:Pteridobiotina Britton & Brown|KINGDOM:Plantae|DOMAIN:Eukaryota (Chatton, 1925) Whittaker & Margulis, 1978","Plantae","Tracheophyta","Magnoliopsida","Fabales Bromhead","Fabaceae","Vachellia"
"Acacia schweinfurthii","","BSS27","BSKTJ","BSKTJ","Acacia schweinfurthii Brenan & Exell","Acacia schweinfurthii","Brenan & Exell","synonym","Senegalia schweinfurthii (Brenan & Exell) Seigler & Ebinger","SPECIES:Senegalia schweinfurthii (Brenan & Exell) Seigler & Ebinger|SECTION BOTANY:Monacanthea sect. Monacanthea pro parte|GENUS:Senegalia|FAMILY:Fabaceae|ORDER:Fabales Bromhead|CLASS:Magnoliopsida|PHYLUM:Tracheophyta|SUBKINGDOM:Pteridobiotina Britton & Brown|KINGDOM:Plantae|DOMAIN:Eukaryota (Chatton, 1925) Whittaker & Margulis, 1978","Plantae","Tracheophyta","Magnoliopsida","Fabales Bromhead","Fabaceae","Senegalia"
"Acacia scirpifolia","","BSKHN","BSKHN","9JGMY","Acacia scirpifolia Meisn.","Acacia scirpifolia","Meisn.","accepted","Acacia scirpifolia Meisn.","SECTION BOTANY:sect. Acacia|GENUS:Acacia|FAMILY:Fabaceae|ORDER:Fabales Bromhead|CLASS:Magnoliopsida|PHYLUM:Tracheophyta|SUBKINGDOM:Pteridobiotina Britton & Brown|KINGDOM:Plantae|DOMAIN:Eukaryota (Chatton, 1925) Whittaker & Margulis, 1978","Plantae","Tracheophyta","Magnoliopsida","Fabales Bromhead","Fabaceae","Acacia"
"Acacia sclerophylla","","BSKHQ","BSKHQ","BYZTL","Acacia sclerophylla Lindl.","Acacia sclerophylla","Lindl.","accepted","Acacia sclerophylla Lindl.","SECTION BOTANY:sect. Plurinerves|GENUS:Acacia|FAMILY:Fabaceae|ORDER:Fabales Bromhead|CLASS:Magnoliopsida|PHYLUM:Tracheophyta|SUBKINGDOM:Pteridobiotina Britton & Brown|KINGDOM:Plantae|DOMAIN:Eukaryota (Chatton, 1925) Whittaker & Margulis, 1978","Plantae","Tracheophyta","Magnoliopsida","Fabales Bromhead","Fabaceae","Acacia"
"Acacia sclerosperma","","BSKHR","BSKHR","9JGMY","Acacia sclerosperma F.Muell.","Acacia sclerosperma","F.Muell.","accepted","Acacia sclerosperma F.Muell.","SECTION BOTANY:sect. Acacia|GENUS:Acacia|FAMILY:Fabaceae|ORDER:Fabales Bromhead|CLASS:Magnoliopsida|PHYLUM:Tracheophyta|SUBKINGDOM:Pteridobiotina Britton & Brown|KINGDOM:Plantae|DOMAIN:Eukaryota (Chatton, 1925) Whittaker & Margulis, 1978","Plantae","Tracheophyta","Magnoliopsida","Fabales Bromhead","Fabaceae","Acacia"
"Acacia scopulorum","","BSKHS","BSKHS","BYZSL","Acacia scopulorum Pedley","Acacia scopulorum","Pedley","accepted","Acacia scopulorum Pedley","SECTION BOTANY:sect. Juliflorae|GENUS:Acacia|FAMILY:Fabaceae|ORDER:Fabales Bromhead|CLASS:Magnoliopsida|PHYLUM:Tracheophyta|SUBKINGDOM:Pteridobiotina Britton & Brown|KINGDOM:Plantae|DOMAIN:Eukaryota (Chatton, 1925) Whittaker & Margulis, 1978","Plantae","Tracheophyta","Magnoliopsida","Fabales Bromhead","Fabaceae","Acacia"
"Acacia sedifolia","","BSKHT","BSKHT","9JGMY","Acacia sedifolia Maiden & Blakely","Acacia sedifolia","Maiden & Blakely","accepted","Acacia sedifolia Maiden & Blakely","SECTION BOTANY:sect. Acacia|GENUS:Acacia|FAMILY:Fabaceae|ORDER:Fabales Bromhead|CLASS:Magnoliopsida|PHYLUM:Tracheophyta|SUBKINGDOM:Pteridobiotina Britton & Brown|KINGDOM:Plantae|DOMAIN:Eukaryota (Chatton, 1925) Whittaker & Margulis, 1978","Plantae","Tracheophyta","Magnoliopsida","Fabales Bromhead","Fabaceae","Acacia"
"Acacia semilunata","","BSKHV","BSKHV","9JGMY","Acacia semilunata Maiden & Blakely","Acacia semilunata","Maiden & Blakely","accepted","Acacia semilunata Maiden & Blakely","SECTION BOTANY:sect. Acacia|GENUS:Acacia|FAMILY:Fabaceae|ORDER:Fabales Bromhead|CLASS:Magnoliopsida|PHYLUM:Tracheophyta|SUBKINGDOM:Pteridobiotina Britton & Brown|KINGDOM:Plantae|DOMAIN:Eukaryota (Chatton, 1925) Whittaker & Margulis, 1978","Plantae","Tracheophyta","Magnoliopsida","Fabales Bromhead","Fabaceae","Acacia"
"Acacia semitrullata","","BSGQN","BSGQN","9JGMY","Acacia semitrullata Maslin","Acacia semitrullata","Maslin","accepted","Acacia semitrullata Maslin","SECTION BOTANY:sect. Acacia|GENUS:Acacia|FAMILY:Fabaceae|ORDER:Fabales Bromhead|CLASS:Magnoliopsida|PHYLUM:Tracheophyta|SUBKINGDOM:Pteridobiotina Britton & Brown|KINGDOM:Plantae|DOMAIN:Eukaryota (Chatton, 1925) Whittaker & Margulis, 1978","Plantae","Tracheophyta","Magnoliopsida","Fabales Bromhead","Fabaceae","Acacia"
"Acacia senegal","","BSS29","BSKTK","BSKTK","Acacia senegal (L.) Willd.","Acacia senegal","(L.) Willd.","synonym","Senegalia senegal (L.) Britton","SPECIES:Senegalia senegal (L.) Britton|SECTION BOTANY:sect. Senegalia|GENUS:Senegalia|FAMILY:Fabaceae|ORDER:Fabales Bromhead|CLASS:Magnoliopsida|PHYLUM:Tracheophyta|SUBKINGDOM:Pteridobiotina Britton & Brown|KINGDOM:Plantae|DOMAIN:Eukaryota (Chatton, 1925) Whittaker & Margulis, 1978","Plantae","Tracheophyta","Magnoliopsida","Fabales Bromhead","Fabaceae","Senegalia"
"Acacia sericata","","BSKHY","BSKHY","BYZTL","Acacia sericata A.Cunn. ex Benth.","Acacia sericata","A.Cunn. ex Benth.","accepted","Acacia sericata A.Cunn. ex Benth.","SECTION BOTANY:sect. Plurinerves|GENUS:Acacia|FAMILY:Fabaceae|ORDER:Fabales Bromhead|CLASS:Magnoliopsida|PHYLUM:Tracheophyta|SUBKINGDOM:Pteridobiotina Britton & Brown|KINGDOM:Plantae|DOMAIN:Eukaryota (Chatton, 1925) Whittaker & Margulis, 1978","Plantae","Tracheophyta","Magnoliopsida","Fabales Bromhead","Fabaceae","Acacia"
"Acacia sertiformis","","9JPWH","9JPWH","9JGMY","Acacia sertiformis A.Cunn.","Acacia sertiformis","A.Cunn.","accepted","Acacia sertiformis A.Cunn.","SECTION BOTANY:sect. Acacia|GENUS:Acacia|FAMILY:Fabaceae|ORDER:Fabales Bromhead|CLASS:Magnoliopsida|PHYLUM:Tracheophyta|SUBKINGDOM:Pteridobiotina Britton & Brown|KINGDOM:Plantae|DOMAIN:Eukaryota (Chatton, 1925) Whittaker & Margulis, 1978","Plantae","Tracheophyta","Magnoliopsida","Fabales Bromhead","Fabaceae","Acacia"
"Acacia sessilis","","BSKJ7","BSKJ7","9JGMY","Acacia sessilis Benth.","Acacia sessilis","Benth.","accepted","Acacia sessilis Benth.","SECTION BOTANY:sect. Acacia|GENUS:Acacia|FAMILY:Fabaceae|ORDER:Fabales Bromhead|CLASS:Magnoliopsida|PHYLUM:Tracheophyta|SUBKINGDOM:Pteridobiotina Britton & Brown|KINGDOM:Plantae|DOMAIN:Eukaryota (Chatton, 1925) Whittaker & Margulis, 1978","Plantae","Tracheophyta","Magnoliopsida","Fabales Bromhead","Fabaceae","Acacia"
"Acacia seyal","","BSS2D","BTCFW","BTCFW","Acacia seyal Delile","Acacia seyal","Delile","synonym","Vachellia seyal (Delile) P.J.H.Hurter","SPECIES:Vachellia seyal (Delile) P.J.H.Hurter|GENUS:Vachellia|FAMILY:Fabaceae|ORDER:Fabales Bromhead|CLASS:Magnoliopsida|PHYLUM:Tracheophyta|SUBKINGDOM:Pteridobiotina Britton & Brown|KINGDOM:Plantae|DOMAIN:Eukaryota (Chatton, 1925) Whittaker & Margulis, 1978","Plantae","Tracheophyta","Magnoliopsida","Fabales Bromhead","Fabaceae","Vachellia"
"Acacia sibilans","","BSKJG","BSKJG","BYZTL","Acacia sibilans Maslin","Acacia sibilans","Maslin","accepted","Acacia sibilans Maslin","SECTION BOTANY:sect. Plurinerves|GENUS:Acacia|FAMILY:Fabaceae|ORDER:Fabales Bromhead|CLASS:Magnoliopsida|PHYLUM:Tracheophyta|SUBKINGDOM:Pteridobiotina Britton & Brown|KINGDOM:Plantae|DOMAIN:Eukaryota (Chatton, 1925) Whittaker & Margulis, 1978","Plantae","Tracheophyta","Magnoliopsida","Fabales Bromhead","Fabaceae","Acacia"
"Acacia siculiformis","","BSGQR","BSGQR","9JGMY","Acacia siculiformis A.Cunn. ex Benth.","Acacia siculiformis","A.Cunn. ex Benth.","accepted","Acacia siculiformis A.Cunn. ex Benth.","SECTION BOTANY:sect. Acacia|GENUS:Acacia|FAMILY:Fabaceae|ORDER:Fabales Bromhead|CLASS:Magnoliopsida|PHYLUM:Tracheophyta|SUBKINGDOM:Pteridobiotina Britton & Brown|KINGDOM:Plantae|DOMAIN:Eukaryota (Chatton, 1925) Whittaker & Margulis, 1978","Plantae","Tracheophyta","Magnoliopsida","Fabales Bromhead","Fabaceae","Acacia"
"Acacia sieberiana","","9JPWP","BTFTB","BTFTB","Acacia sieberiana sens. Gilbert & Boutique","Acacia sieberiana","sens. Gilbert & Boutique","misapplied","Vachellia sieberiana var. woodii (Burtt Davy) Kyal. & Boatwr.","VARIETY:Vachellia sieberiana var. woodii (Burtt Davy) Kyal. & Boatwr.|SPECIES:Vachellia sieberiana (DC.) Kyal. & Boatwr.|GENUS:Vachellia|FAMILY:Fabaceae|ORDER:Fabales Bromhead|CLASS:Magnoliopsida|PHYLUM:Tracheophyta|SUBKINGDOM:Pteridobiotina Britton & Brown|KINGDOM:Plantae|DOMAIN:Eukaryota (Chatton, 1925) Whittaker & Margulis, 1978","Plantae","Tracheophyta","Magnoliopsida","Fabales Bromhead","Fabaceae","Vachellia"
"Acacia signata","","BSGQS","BSGQS","BYZSL","Acacia signata F.Muell.","Acacia signata","F.Muell.","accepted","Acacia signata F.Muell.","SECTION BOTANY:sect. Juliflorae|GENUS:Acacia|FAMILY:Fabaceae|ORDER:Fabales Bromhead|CLASS:Magnoliopsida|PHYLUM:Tracheophyta|SUBKINGDOM:Pteridobiotina Britton & Brown|KINGDOM:Plantae|DOMAIN:Eukaryota (Chatton, 1925) Whittaker & Margulis, 1978","Plantae","Tracheophyta","Magnoliopsida","Fabales Bromhead","Fabaceae","Acacia"
"Acacia silvestris","","BSKJN","BSKJN","BYZS4","Acacia silvestris Tindale","Acacia silvestris","Tindale","accepted","Acacia silvestris Tindale","SECTION BOTANY:sect. Botrycephalae|GENUS:Acacia|FAMILY:Fabaceae|ORDER:Fabales Bromhead|CLASS:Magnoliopsida|PHYLUM:Tracheophyta|SUBKINGDOM:Pteridobiotina Britton & Brown|KINGDOM:Plantae|DOMAIN:Eukaryota (Chatton, 1925) Whittaker & Margulis, 1978","Plantae","Tracheophyta","Magnoliopsida","Fabales Bromhead","Fabaceae","Acacia"
"Acacia simsii","","BSGQV","BSGQV","BYZTL","Acacia simsii A.Cunn. ex Benth.","Acacia simsii","A.Cunn. ex Benth.","accepted","Acacia simsii A.Cunn. ex Benth.","SECTION BOTANY:sect. Plurinerves|GENUS:Acacia|FAMILY:Fabaceae|ORDER:Fabales Bromhead|CLASS:Magnoliopsida|PHYLUM:Tracheophyta|SUBKINGDOM:Pteridobiotina Britton & Brown|KINGDOM:Plantae|DOMAIN:Eukaryota (Chatton, 1925) Whittaker & Margulis, 1978","Plantae","Tracheophyta","Magnoliopsida","Fabales Bromhead","Fabaceae","Acacia"
"Acacia skleroxyla","","BT7T3","BSHZD","BSHZD","Acacia skleroxyla Tussac","Acacia skleroxyla","Tussac","synonym","Parasenegalia skleroxyla (Tussac) Seigler & Ebinger","SPECIES:Parasenegalia skleroxyla (Tussac) Seigler & Ebinger|GENUS:Parasenegalia|FAMILY:Fabaceae|ORDER:Fabales Bromhead|CLASS:Magnoliopsida|PHYLUM:Tracheophyta|SUBKINGDOM:Pteridobiotina Britton & Brown|KINGDOM:Plantae|DOMAIN:Eukaryota (Chatton, 1925) Whittaker & Margulis, 1978","Plantae","Tracheophyta","Magnoliopsida","Fabales Bromhead","Fabaceae","Parasenegalia"
"Acacia sparsiflora","","BSKK5","BSKK5","BYZSL","Acacia sparsiflora Maiden","Acacia sparsiflora","Maiden","accepted","Acacia sparsiflora Maiden","SECTION BOTANY:sect. Juliflorae|GENUS:Acacia|FAMILY:Fabaceae|ORDER:Fabales Bromhead|CLASS:Magnoliopsida|PHYLUM:Tracheophyta|SUBKINGDOM:Pteridobiotina Britton & Brown|KINGDOM:Plantae|DOMAIN:Eukaryota (Chatton, 1925) Whittaker & Margulis, 1978","Plantae","Tracheophyta","Magnoliopsida","Fabales Bromhead","Fabaceae","Acacia"
"Acacia spathulifolia","","BSKK8","BSKK8","9JGMY","Acacia spathulifolia Maslin","Acacia spathulifolia","Maslin","accepted","Acacia spathulifolia Maslin","SECTION BOTANY:sect. Acacia|GENUS:Acacia|FAMILY:Fabaceae|ORDER:Fabales Bromhead|CLASS:Magnoliopsida|PHYLUM:Tracheophyta|SUBKINGDOM:Pteridobiotina Britton & Brown|KINGDOM:Plantae|DOMAIN:Eukaryota (Chatton, 1925) Whittaker & Margulis, 1978","Plantae","Tracheophyta","Magnoliopsida","Fabales Bromhead","Fabaceae","Acacia"
"Acacia spectabilis","","BSKKB","BSKKB","BYZS4","Acacia spectabilis A.Cunn. ex Benth.","Acacia spectabilis","A.Cunn. ex Benth.","accepted","Acacia spectabilis A.Cunn. ex Benth.","SECTION BOTANY:sect. Botrycephalae|GENUS:Acacia|FAMILY:Fabaceae|ORDER:Fabales Bromhead|CLASS:Magnoliopsida|PHYLUM:Tracheophyta|SUBKINGDOM:Pteridobiotina Britton & Brown|KINGDOM:Plantae|DOMAIN:Eukaryota (Chatton, 1925) Whittaker & Margulis, 1978","Plantae","Tracheophyta","Magnoliopsida","Fabales Bromhead","Fabaceae","Acacia"
"Acacia sphaerocephala","","BSHHY","7F8YN","7F8YN","Acacia sphaerocephala Schltdl. & Cham.","Acacia sphaerocephala","Schltdl. & Cham.","synonym","Vachellia sphaerocephala (Schltdl. & Cham.) Seigler & Ebinger","SPECIES:Vachellia sphaerocephala (Schltdl. & Cham.) Seigler & Ebinger|GENUS:Vachellia|FAMILY:Fabaceae|ORDER:Fabales Bromhead|CLASS:Magnoliopsida|PHYLUM:Tracheophyta|SUBKINGDOM:Pteridobiotina Britton & Brown|KINGDOM:Plantae|DOMAIN:Eukaryota (Chatton, 1925) Whittaker & Margulis, 1978","Plantae","Tracheophyta","Magnoliopsida","Fabales Bromhead","Fabaceae","Vachellia"
"Acacia spinescens","","BSGQY","BSGQY","BYZRT","Acacia spinescens Benth.","Acacia spinescens","Benth.","accepted","Acacia spinescens Benth.","SECTION BOTANY:sect. Alatae|GENUS:Acacia|FAMILY:Fabaceae|ORDER:Fabales Bromhead|CLASS:Magnoliopsida|PHYLUM:Tracheophyta|SUBKINGDOM:Pteridobiotina Britton & Brown|KINGDOM:Plantae|DOMAIN:Eukaryota (Chatton, 1925) Whittaker & Margulis, 1978","Plantae","Tracheophyta","Magnoliopsida","Fabales Bromhead","Fabaceae","Acacia"
"Acacia spirorbis","","BSKKL","BSKKL","BYZSL","Acacia spirorbis Labill.","Acacia spirorbis","Labill.","accepted","Acacia spirorbis Labill.","SECTION BOTANY:sect. Juliflorae|GENUS:Acacia|FAMILY:Fabaceae|ORDER:Fabales Bromhead|CLASS:Magnoliopsida|PHYLUM:Tracheophyta|SUBKINGDOM:Pteridobiotina Britton & Brown|KINGDOM:Plantae|DOMAIN:Eukaryota (Chatton, 1925) Whittaker & Margulis, 1978","Plantae","Tracheophyta","Magnoliopsida","Fabales Bromhead","Fabaceae","Acacia"
"Acacia spondylophylla","","BSKKP","BSKKP","BYZSQ","Acacia spondylophylla F.Muell.","Acacia spondylophylla","F.Muell.","accepted","Acacia spondylophylla F.Muell.","SECTION BOTANY:sect. Lycopodiifoliae|GENUS:Acacia|FAMILY:Fabaceae|ORDER:Fabales Bromhead|CLASS:Magnoliopsida|PHYLUM:Tracheophyta|SUBKINGDOM:Pteridobiotina Britton & Brown|KINGDOM:Plantae|DOMAIN:Eukaryota (Chatton, 1925) Whittaker & Margulis, 1978","Plantae","Tracheophyta","Magnoliopsida","Fabales Bromhead","Fabaceae","Acacia"
"Acacia spongolitica","","BSKKQ","BSKKQ","BYZTL","Acacia spongolitica R.S.Cowan & Maslin","Acacia spongolitica","R.S.Cowan & Maslin","accepted","Acacia spongolitica R.S.Cowan & Maslin","SECTION BOTANY:sect. Plurinerves|GENUS:Acacia|FAMILY:Fabaceae|ORDER:Fabales Bromhead|CLASS:Magnoliopsida|PHYLUM:Tracheophyta|SUBKINGDOM:Pteridobiotina Britton & Brown|KINGDOM:Plantae|DOMAIN:Eukaryota (Chatton, 1925) Whittaker & Margulis, 1978","Plantae","Tracheophyta","Magnoliopsida","Fabales Bromhead","Fabaceae","Acacia"
"Acacia stenophylla","","BSGR4","BSGR4","BYZTL","Acacia stenophylla A.Cunn. ex Benth.","Acacia stenophylla","A.Cunn. ex Benth.","accepted","Acacia stenophylla A.Cunn. ex Benth.","SECTION BOTANY:sect. Plurinerves|GENUS:Acacia|FAMILY:Fabaceae|ORDER:Fabales Bromhead|CLASS:Magnoliopsida|PHYLUM:Tracheophyta|SUBKINGDOM:Pteridobiotina Britton & Brown|KINGDOM:Plantae|DOMAIN:Eukaryota (Chatton, 1925) Whittaker & Margulis, 1978","Plantae","Tracheophyta","Magnoliopsida","Fabales Bromhead","Fabaceae","Acacia"
"Acacia stenoptera","","BSKL2","BSKL2","BYZRT","Acacia stenoptera Benth.","Acacia stenoptera","Benth.","accepted","Acacia stenoptera Benth.","SECTION BOTANY:sect. Alatae|GENUS:Acacia|FAMILY:Fabaceae|ORDER:Fabales Bromhead|CLASS:Magnoliopsida|PHYLUM:Tracheophyta|SUBKINGDOM:Pteridobiotina Britton & Brown|KINGDOM:Plantae|DOMAIN:Eukaryota (Chatton, 1925) Whittaker & Margulis, 1978","Plantae","Tracheophyta","Magnoliopsida","Fabales Bromhead","Fabaceae","Acacia"
"Acacia stereophylla","","BSKL3","BSKL3","BYZSL","Acacia stereophylla Meisn.","Acacia stereophylla","Meisn.","accepted","Acacia stereophylla Meisn.","SECTION BOTANY:sect. Juliflorae|GENUS:Acacia|FAMILY:Fabaceae|ORDER:Fabales Bromhead|CLASS:Magnoliopsida|PHYLUM:Tracheophyta|SUBKINGDOM:Pteridobiotina Britton & Brown|KINGDOM:Plantae|DOMAIN:Eukaryota (Chatton, 1925) Whittaker & Margulis, 1978","Plantae","Tracheophyta","Magnoliopsida","Fabales Bromhead","Fabaceae","Acacia"
"Acacia stigmatophylla","","BSGR5","BSGR5","BYZSL","Acacia stigmatophylla A.Cunn. ex Benth.","Acacia stigmatophylla","A.Cunn. ex Benth.","accepted","Acacia stigmatophylla A.Cunn. ex Benth.","SECTION BOTANY:sect. Juliflorae|GENUS:Acacia|FAMILY:Fabaceae|ORDER:Fabales Bromhead|CLASS:Magnoliopsida|PHYLUM:Tracheophyta|SUBKINGDOM:Pteridobiotina Britton & Brown|KINGDOM:Plantae|DOMAIN:Eukaryota (Chatton, 1925) Whittaker & Margulis, 1978","Plantae","Tracheophyta","Magnoliopsida","Fabales Bromhead","Fabaceae","Acacia"
"Acacia stipuligera","","BSKL5","BSKL5","BYZSL","Acacia stipuligera F.Muell.","Acacia stipuligera","F.Muell.","accepted","Acacia stipuligera F.Muell.","SECTION BOTANY:sect. Juliflorae|GENUS:Acacia|FAMILY:Fabaceae|ORDER:Fabales Bromhead|CLASS:Magnoliopsida|PHYLUM:Tracheophyta|SUBKINGDOM:Pteridobiotina Britton & Brown|KINGDOM:Plantae|DOMAIN:Eukaryota (Chatton, 1925) Whittaker & Margulis, 1978","Plantae","Tracheophyta","Magnoliopsida","Fabales Bromhead","Fabaceae","Acacia"
"Acacia stricta","","BSKLD","BSKLD","9JGMY","Acacia stricta (Andrews) Willd.","Acacia stricta","(Andrews) Willd.","accepted","Acacia stricta (Andrews) Willd.","SECTION BOTANY:sect. Acacia|GENUS:Acacia|FAMILY:Fabaceae|ORDER:Fabales Bromhead|CLASS:Magnoliopsida|PHYLUM:Tracheophyta|SUBKINGDOM:Pteridobiotina Britton & Brown|KINGDOM:Plantae|DOMAIN:Eukaryota (Chatton, 1925) Whittaker & Margulis, 1978","Plantae","Tracheophyta","Magnoliopsida","Fabales Bromhead","Fabaceae","Acacia"
"Acacia stuhlmannii","","BSS2J","BTCG2","BTCG2","Acacia stuhlmannii Taub.","Acacia stuhlmannii","Taub.","synonym","Vachellia stuhlmannii (Taub.) Kyal. & Boatwr.","SPECIES:Vachellia stuhlmannii (Taub.) Kyal. & Boatwr.|GENUS:Vachellia|FAMILY:Fabaceae|ORDER:Fabales Bromhead|CLASS:Magnoliopsida|PHYLUM:Tracheophyta|SUBKINGDOM:Pteridobiotina Britton & Brown|KINGDOM:Plantae|DOMAIN:Eukaryota (Chatton, 1925) Whittaker & Margulis, 1978","Plantae","Tracheophyta","Magnoliopsida","Fabales Bromhead","Fabaceae","Vachellia"
"Acacia subangulata","","BSS2K","BT949","BT949","Acacia subangulata Rose","Acacia subangulata","Rose","synonym","Senegalia subangulata (Rose) Britton & Rose","SPECIES:Senegalia subangulata (Rose) Britton & Rose|SECTION BOTANY:Monacanthea sect. Monacanthea pro parte|GENUS:Senegalia|FAMILY:Fabaceae|ORDER:Fabales Bromhead|CLASS:Magnoliopsida|PHYLUM:Tracheophyta|SUBKINGDOM:Pteridobiotina Britton & Brown|KINGDOM:Plantae|DOMAIN:Eukaryota (Chatton, 1925) Whittaker & Margulis, 1978","Plantae","Tracheophyta","Magnoliopsida","Fabales Bromhead","Fabaceae","Senegalia"
"Acacia subcaerulea","","BSKLM","BSKLM","9JGMY","Acacia subcaerulea Lindl.","Acacia subcaerulea","Lindl.","accepted","Acacia subcaerulea Lindl.","SECTION BOTANY:sect. Acacia|GENUS:Acacia|FAMILY:Fabaceae|ORDER:Fabales Bromhead|CLASS:Magnoliopsida|PHYLUM:Tracheophyta|SUBKINGDOM:Pteridobiotina Britton & Brown|KINGDOM:Plantae|DOMAIN:Eukaryota (Chatton, 1925) Whittaker & Margulis, 1978","Plantae","Tracheophyta","Magnoliopsida","Fabales Bromhead","Fabaceae","Acacia"
"Acacia suberosa","","BSKLP","BSQFG","BSQFG","Acacia suberosa A.Cunn. ex Benth.","Acacia suberosa","A.Cunn. ex Benth.","synonym","Vachellia suberosa (A.Cunn. ex Benth.) Kodela","SPECIES:Vachellia suberosa (A.Cunn. ex Benth.) Kodela|GENUS:Vachellia|FAMILY:Fabaceae|ORDER:Fabales Bromhead|CLASS:Magnoliopsida|PHYLUM:Tracheophyta|SUBKINGDOM:Pteridobiotina Britton & Brown|KINGDOM:Plantae|DOMAIN:Eukaryota (Chatton, 1925) Whittaker & Margulis, 1978","Plantae","Tracheophyta","Magnoliopsida","Fabales Bromhead","Fabaceae","Vachellia"
"Acacia subporosa","","BSGRC","BSGRC","BYZTL","Acacia subporosa F.Muell.","Acacia subporosa","F.Muell.","accepted","Acacia subporosa F.Muell.","SECTION BOTANY:sect. Plurinerves|GENUS:Acacia|FAMILY:Fabaceae|ORDER:Fabales Bromhead|CLASS:Magnoliopsida|PHYLUM:Tracheophyta|SUBKINGDOM:Pteridobiotina Britton & Brown|KINGDOM:Plantae|DOMAIN:Eukaryota (Chatton, 1925) Whittaker & Margulis, 1978","Plantae","Tracheophyta","Magnoliopsida","Fabales Bromhead","Fabaceae","Acacia"
"Acacia subtessarogona","","BSKM2","BSKM2","BYZSL","Acacia subtessarogona Tindale & Maslin","Acacia subtessarogona","Tindale & Maslin","accepted","Acacia subtessarogona Tindale & Maslin","SECTION BOTANY:sect. Juliflorae|GENUS:Acacia|FAMILY:Fabaceae|ORDER:Fabales Bromhead|CLASS:Magnoliopsida|PHYLUM:Tracheophyta|SUBKINGDOM:Pteridobiotina Britton & Brown|KINGDOM:Plantae|DOMAIN:Eukaryota (Chatton, 1925) Whittaker & Margulis, 1978","Plantae","Tracheophyta","Magnoliopsida","Fabales Bromhead","Fabaceae","Acacia"
"Acacia sulcata","","BSKM6","BSKM6","BYZTL","Acacia sulcata R.Br.","Acacia sulcata","R.Br.","accepted","Acacia sulcata R.Br.","SECTION BOTANY:sect. Plurinerves|GENUS:Acacia|FAMILY:Fabaceae|ORDER:Fabales Bromhead|CLASS:Magnoliopsida|PHYLUM:Tracheophyta|SUBKINGDOM:Pteridobiotina Britton & Brown|KINGDOM:Plantae|DOMAIN:Eukaryota (Chatton, 1925) Whittaker & Margulis, 1978","Plantae","Tracheophyta","Magnoliopsida","Fabales Bromhead","Fabaceae","Acacia"
"Acacia swazica","","BSS2N","BTCG5","BTCG5","Acacia swazica Burtt Davy","Acacia swazica","Burtt Davy","synonym","Vachellia swazica (Burtt Davy) Kyal. & Boatwr.","SPECIES:Vachellia swazica (Burtt Davy) Kyal. & Boatwr.|GENUS:Vachellia|FAMILY:Fabaceae|ORDER:Fabales Bromhead|CLASS:Magnoliopsida|PHYLUM:Tracheophyta|SUBKINGDOM:Pteridobiotina Britton & Brown|KINGDOM:Plantae|DOMAIN:Eukaryota (Chatton, 1925) Whittaker & Margulis, 1978","Plantae","Tracheophyta","Magnoliopsida","Fabales Bromhead","Fabaceae","Vachellia"
"Acacia synchronicia","","BSGRD","BSGRD","9JGMY","Acacia synchronicia Maslin","Acacia synchronicia","Maslin","accepted","Acacia synchronicia Maslin","SECTION BOTANY:sect. Acacia|GENUS:Acacia|FAMILY:Fabaceae|ORDER:Fabales Bromhead|CLASS:Magnoliopsida|PHYLUM:Tracheophyta|SUBKINGDOM:Pteridobiotina Britton & Brown|KINGDOM:Plantae|DOMAIN:Eukaryota (Chatton, 1925) Whittaker & Margulis, 1978","Plantae","Tracheophyta","Magnoliopsida","Fabales Bromhead","Fabaceae","Acacia"
"Acacia tarculensis","","BSKMK","BSKMK","BYZSL","Acacia tarculensis J.M.Black","Acacia tarculensis","J.M.Black","accepted","Acacia tarculensis J.M.Black","SECTION BOTANY:sect. Juliflorae|GENUS:Acacia|FAMILY:Fabaceae|ORDER:Fabales Bromhead|CLASS:Magnoliopsida|PHYLUM:Tracheophyta|SUBKINGDOM:Pteridobiotina Britton & Brown|KINGDOM:Plantae|DOMAIN:Eukaryota (Chatton, 1925) Whittaker & Margulis, 1978","Plantae","Tracheophyta","Magnoliopsida","Fabales Bromhead","Fabaceae","Acacia"
"Acacia teniana","","BSS2T","BSKTL","BSKTL","Acacia teniana Harms","Acacia teniana","Harms","synonym","Senegalia teniana (Harms) Maslin, Seigler & Ebinger","SPECIES:Senegalia teniana (Harms) Maslin, Seigler & Ebinger|SECTION BOTANY:Monacanthea sect. Monacanthea pro parte|GENUS:Senegalia|FAMILY:Fabaceae|ORDER:Fabales Bromhead|CLASS:Magnoliopsida|PHYLUM:Tracheophyta|SUBKINGDOM:Pteridobiotina Britton & Brown|KINGDOM:Plantae|DOMAIN:Eukaryota (Chatton, 1925) Whittaker & Margulis, 1978","Plantae","Tracheophyta","Magnoliopsida","Fabales Bromhead","Fabaceae","Senegalia"
"Acacia tenuifolia","","8Q5X","BSKTM","BSKTM","Acacia tenuifolia (L.) Willd.","Acacia tenuifolia","(L.) Willd.","synonym","Senegalia tenuifolia (L.) Britton & Rose","SPECIES:Senegalia tenuifolia (L.) Britton & Rose|SECTION BOTANY:Monacanthea sect. Monacanthea pro parte|GENUS:Senegalia|FAMILY:Fabaceae|ORDER:Fabales Bromhead|CLASS:Magnoliopsida|PHYLUM:Tracheophyta|SUBKINGDOM:Pteridobiotina Britton & Brown|KINGDOM:Plantae|DOMAIN:Eukaryota (Chatton, 1925) Whittaker & Margulis, 1978","Plantae","Tracheophyta","Magnoliopsida","Fabales Bromhead","Fabaceae","Senegalia"
"Acacia tenuispica","","BSKMT","BSKMT","BYZSL","Acacia tenuispica Maslin","Acacia tenuispica","Maslin","accepted","Acacia tenuispica Maslin","SECTION BOTANY:sect. Juliflorae|GENUS:Acacia|FAMILY:Fabaceae|ORDER:Fabales Bromhead|CLASS:Magnoliopsida|PHYLUM:Tracheophyta|SUBKINGDOM:Pteridobiotina Britton & Brown|KINGDOM:Plantae|DOMAIN:Eukaryota (Chatton, 1925) Whittaker & Margulis, 1978","Plantae","Tracheophyta","Magnoliopsida","Fabales Bromhead","Fabaceae","Acacia"
"Acacia tenuissima","","BSGRG","BSGRG","BYZSL","Acacia tenuissima F.Muell.","Acacia tenuissima","F.Muell.","accepted","Acacia tenuissima F.Muell.","SECTION BOTANY:sect. Juliflorae|GENUS:Acacia|FAMILY:Fabaceae|ORDER:Fabales Bromhead|CLASS:Magnoliopsida|PHYLUM:Tracheophyta|SUBKINGDOM:Pteridobiotina Britton & Brown|KINGDOM:Plantae|DOMAIN:Eukaryota (Chatton, 1925) Whittaker & Margulis, 1978","Plantae","Tracheophyta","Magnoliopsida","Fabales Bromhead","Fabaceae","Acacia"
"Acacia tequilana","","64C2Q","BSS4L","BSS4L","Acacia tequilana S.Watson","Acacia tequilana","S.Watson","synonym","Acaciella tequilana (S.Watson) Britton & Rose","SPECIES:Acaciella tequilana (S.Watson) Britton & Rose|GENUS:Acaciella|FAMILY:Fabaceae|ORDER:Fabales Bromhead|CLASS:Magnoliopsida|PHYLUM:Tracheophyta|SUBKINGDOM:Pteridobiotina Britton & Brown|KINGDOM:Plantae|DOMAIN:Eukaryota (Chatton, 1925) Whittaker & Margulis, 1978","Plantae","Tracheophyta","Magnoliopsida","Fabales Bromhead","Fabaceae","Acaciella"
"Acacia terminalis","","BSKMW","BSKMW","BYZS4","Acacia terminalis (Salisb.) J.F.Macbr.","Acacia terminalis","(Salisb.) J.F.Macbr.","accepted","Acacia terminalis (Salisb.) J.F.Macbr.","SECTION BOTANY:sect. Botrycephalae|GENUS:Acacia|FAMILY:Fabaceae|ORDER:Fabales Bromhead|CLASS:Magnoliopsida|PHYLUM:Tracheophyta|SUBKINGDOM:Pteridobiotina Britton & Brown|KINGDOM:Plantae|DOMAIN:Eukaryota (Chatton, 1925) Whittaker & Margulis, 1978","Plantae","Tracheophyta","Magnoliopsida","Fabales Bromhead","Fabaceae","Acacia"
"Acacia tetanophylla","","BSKMY","BSKMY","BYZTL","Acacia tetanophylla Maslin","Acacia tetanophylla","Maslin","accepted","Acacia tetanophylla Maslin","SECTION BOTANY:sect. Plurinerves|GENUS:Acacia|FAMILY:Fabaceae|ORDER:Fabales Bromhead|CLASS:Magnoliopsida|PHYLUM:Tracheophyta|SUBKINGDOM:Pteridobiotina Britton & Brown|KINGDOM:Plantae|DOMAIN:Eukaryota (Chatton, 1925) Whittaker & Margulis, 1978","Plantae","Tracheophyta","Magnoliopsida","Fabales Bromhead","Fabaceae","Acacia"
"Acacia tindaleae","","9CN9S","BSJMQ","BSJMQ","Acacia tindaleae Pedley","Acacia tindaleae","Pedley","synonym","Acacia conferta A.Cunn. ex Benth.","SPECIES:Acacia conferta A.Cunn. ex Benth.|SECTION BOTANY:sect. Acacia|GENUS:Acacia|FAMILY:Fabaceae|ORDER:Fabales Bromhead|CLASS:Magnoliopsida|PHYLUM:Tracheophyta|SUBKINGDOM:Pteridobiotina Britton & Brown|KINGDOM:Plantae|DOMAIN:Eukaryota (Chatton, 1925) Whittaker & Margulis, 1978","Plantae","Tracheophyta","Magnoliopsida","Fabales Bromhead","Fabaceae","Acacia"
"Acacia tomentosa","","8Q6V","BTCG8","BTCG8","Acacia tomentosa Willd.","Acacia tomentosa","Willd.","synonym","Vachellia tomentosa (Rottler) Maslin, Seigler & Ebinger","SPECIES:Vachellia tomentosa (Rottler) Maslin, Seigler & Ebinger|GENUS:Vachellia|FAMILY:Fabaceae|ORDER:Fabales Bromhead|CLASS:Magnoliopsida|PHYLUM:Tracheophyta|SUBKINGDOM:Pteridobiotina Britton & Brown|KINGDOM:Plantae|DOMAIN:Eukaryota (Chatton, 1925) Whittaker & Margulis, 1978","Plantae","Tracheophyta","Magnoliopsida","Fabales Bromhead","Fabaceae","Vachellia"
"Acacia torta","","BSS35","BT94H","BT94H","Acacia torta (Roxb.) Craib","Acacia torta","(Roxb.) Craib","synonym","Senegalia torta (Roxb.) Maslin, Seigler & Ebinger","SPECIES:Senegalia torta (Roxb.) Maslin, Seigler & Ebinger|SECTION BOTANY:Monacanthea sect. Monacanthea pro parte|GENUS:Senegalia|FAMILY:Fabaceae|ORDER:Fabales Bromhead|CLASS:Magnoliopsida|PHYLUM:Tracheophyta|SUBKINGDOM:Pteridobiotina Britton & Brown|KINGDOM:Plantae|DOMAIN:Eukaryota (Chatton, 1925) Whittaker & Margulis, 1978","Plantae","Tracheophyta","Magnoliopsida","Fabales Bromhead","Fabaceae","Senegalia"
"Acacia torticarpa","","BSKNG","BSKNG","BYZTL","Acacia torticarpa C.A.Gardner ex R.S.Cowan & Maslin","Acacia torticarpa","C.A.Gardner ex R.S.Cowan & Maslin","accepted","Acacia torticarpa C.A.Gardner ex R.S.Cowan & Maslin","SECTION BOTANY:sect. Plurinerves|GENUS:Acacia|FAMILY:Fabaceae|ORDER:Fabales Bromhead|CLASS:Magnoliopsida|PHYLUM:Tracheophyta|SUBKINGDOM:Pteridobiotina Britton & Brown|KINGDOM:Plantae|DOMAIN:Eukaryota (Chatton, 1925) Whittaker & Margulis, 1978","Plantae","Tracheophyta","Magnoliopsida","Fabales Bromhead","Fabaceae","Acacia"
"Acacia tortilis","","BSS36","BSKWQ","BSKWQ","Acacia tortilis (Forssk.) Hayne","Acacia tortilis","(Forssk.) Hayne","synonym","Vachellia tortilis (Forssk.) Galasso & Banfi","SPECIES:Vachellia tortilis (Forssk.) Galasso & Banfi|GENUS:Vachellia|FAMILY:Fabaceae|ORDER:Fabales Bromhead|CLASS:Magnoliopsida|PHYLUM:Tracheophyta|SUBKINGDOM:Pteridobiotina Britton & Brown|KINGDOM:Plantae|DOMAIN:Eukaryota (Chatton, 1925) Whittaker & Margulis, 1978","Plantae","Tracheophyta","Magnoliopsida","Fabales Bromhead","Fabaceae","Vachellia"
"Acacia tortuosa","","BSS37","BT3VR","BT3VR","Acacia tortuosa (L.) Willd.","Acacia tortuosa","(L.) Willd.","synonym","Vachellia tortuosa (L.) Seigler & Ebinger","SPECIES:Vachellia tortuosa (L.) Seigler & Ebinger|GENUS:Vachellia|FAMILY:Fabaceae|ORDER:Fabales Bromhead|CLASS:Magnoliopsida|PHYLUM:Tracheophyta|SUBKINGDOM:Pteridobiotina Britton & Brown|KINGDOM:Plantae|DOMAIN:Eukaryota (Chatton, 1925) Whittaker & Margulis, 1978","Plantae","Tracheophyta","Magnoliopsida","Fabales Bromhead","Fabaceae","Vachellia"
"Acacia trachycarpa","","BSKNJ","BSKNJ","BYZSL","Acacia trachycarpa E.Pritz.","Acacia trachycarpa","E.Pritz.","accepted","Acacia trachycarpa E.Pritz.","SECTION BOTANY:sect. Juliflorae|GENUS:Acacia|FAMILY:Fabaceae|ORDER:Fabales Bromhead|CLASS:Magnoliopsida|PHYLUM:Tracheophyta|SUBKINGDOM:Pteridobiotina Britton & Brown|KINGDOM:Plantae|DOMAIN:Eukaryota (Chatton, 1925) Whittaker & Margulis, 1978","Plantae","Tracheophyta","Magnoliopsida","Fabales Bromhead","Fabaceae","Acacia"
"Acacia trachyphloia","","BSGB7","BSGB7","BYZS4","Acacia trachyphloia Tindale","Acacia trachyphloia","Tindale","accepted","Acacia trachyphloia Tindale","SECTION BOTANY:sect. Botrycephalae|GENUS:Acacia|FAMILY:Fabaceae|ORDER:Fabales Bromhead|CLASS:Magnoliopsida|PHYLUM:Tracheophyta|SUBKINGDOM:Pteridobiotina Britton & Brown|KINGDOM:Plantae|DOMAIN:Eukaryota (Chatton, 1925) Whittaker & Margulis, 1978","Plantae","Tracheophyta","Magnoliopsida","Fabales Bromhead","Fabaceae","Acacia"
"Acacia translucens","","BSGRJ","BSGRJ","BYZTL","Acacia translucens A.Cunn. ex Hook.","Acacia translucens","A.Cunn. ex Hook.","accepted","Acacia translucens A.Cunn. ex Hook.","SECTION BOTANY:sect. Plurinerves|GENUS:Acacia|FAMILY:Fabaceae|ORDER:Fabales Bromhead|CLASS:Magnoliopsida|PHYLUM:Tracheophyta|SUBKINGDOM:Pteridobiotina Britton & Brown|KINGDOM:Plantae|DOMAIN:Eukaryota (Chatton, 1925) Whittaker & Margulis, 1978","Plantae","Tracheophyta","Magnoliopsida","Fabales Bromhead","Fabaceae","Acacia"
"Acacia trigonophylla","","BSGRK","BSGRK","BYZRT","Acacia trigonophylla Meisn.","Acacia trigonophylla","Meisn.","accepted","Acacia trigonophylla Meisn.","SECTION BOTANY:sect. Alatae|GENUS:Acacia|FAMILY:Fabaceae|ORDER:Fabales Bromhead|CLASS:Magnoliopsida|PHYLUM:Tracheophyta|SUBKINGDOM:Pteridobiotina Britton & Brown|KINGDOM:Plantae|DOMAIN:Eukaryota (Chatton, 1925) Whittaker & Margulis, 1978","Plantae","Tracheophyta","Magnoliopsida","Fabales Bromhead","Fabaceae","Acacia"
"Acacia trinalis","","BSKNP","BSKNP","BYZTL","Acacia trinalis R.S.Cowan & Maslin","Acacia trinalis","R.S.Cowan & Maslin","accepted","Acacia trinalis R.S.Cowan & Maslin","SECTION BOTANY:sect. Plurinerves|GENUS:Acacia|FAMILY:Fabaceae|ORDER:Fabales Bromhead|CLASS:Magnoliopsida|PHYLUM:Tracheophyta|SUBKINGDOM:Pteridobiotina Britton & Brown|KINGDOM:Plantae|DOMAIN:Eukaryota (Chatton, 1925) Whittaker & Margulis, 1978","Plantae","Tracheophyta","Magnoliopsida","Fabales Bromhead","Fabaceae","Acacia"
"Acacia trineura","","BSKNS","BSKNS","BYZTL","Acacia trineura F.Muell.","Acacia trineura","F.Muell.","accepted","Acacia trineura F.Muell.","SECTION BOTANY:sect. Plurinerves|GENUS:Acacia|FAMILY:Fabaceae|ORDER:Fabales Bromhead|CLASS:Magnoliopsida|PHYLUM:Tracheophyta|SUBKINGDOM:Pteridobiotina Britton & Brown|KINGDOM:Plantae|DOMAIN:Eukaryota (Chatton, 1925) Whittaker & Margulis, 1978","Plantae","Tracheophyta","Magnoliopsida","Fabales Bromhead","Fabaceae","Acacia"
"Acacia triptera","","BSGRL","BSGRL","BYZSL","Acacia triptera Benth.","Acacia triptera","Benth.","accepted","Acacia triptera Benth.","SECTION BOTANY:sect. Juliflorae|GENUS:Acacia|FAMILY:Fabaceae|ORDER:Fabales Bromhead|CLASS:Magnoliopsida|PHYLUM:Tracheophyta|SUBKINGDOM:Pteridobiotina Britton & Brown|KINGDOM:Plantae|DOMAIN:Eukaryota (Chatton, 1925) Whittaker & Margulis, 1978","Plantae","Tracheophyta","Magnoliopsida","Fabales Bromhead","Fabaceae","Acacia"
"Acacia triptycha","","BSKNT","BSKNT","BYZTL","Acacia triptycha F.Muell. ex Benth.","Acacia triptycha","F.Muell. ex Benth.","accepted","Acacia triptycha F.Muell. ex Benth.","SECTION BOTANY:sect. Plurinerves|GENUS:Acacia|FAMILY:Fabaceae|ORDER:Fabales Bromhead|CLASS:Magnoliopsida|PHYLUM:Tracheophyta|SUBKINGDOM:Pteridobiotina Britton & Brown|KINGDOM:Plantae|DOMAIN:Eukaryota (Chatton, 1925) Whittaker & Margulis, 1978","Plantae","Tracheophyta","Magnoliopsida","Fabales Bromhead","Fabaceae","Acacia"
"Acacia truncata","","64C35","64C35","9JGMY","Acacia truncata (Burm.f.) hort. ex Hoffmanns.","Acacia truncata","(Burm.f.) hort. ex Hoffmanns.","accepted","Acacia truncata (Burm.f.) hort. ex Hoffmanns.","SECTION BOTANY:sect. Acacia|GENUS:Acacia|FAMILY:Fabaceae|ORDER:Fabales Bromhead|CLASS:Magnoliopsida|PHYLUM:Tracheophyta|SUBKINGDOM:Pteridobiotina Britton & Brown|KINGDOM:Plantae|DOMAIN:Eukaryota (Chatton, 1925) Whittaker & Margulis, 1978","Plantae","Tracheophyta","Magnoliopsida","Fabales Bromhead","Fabaceae","Acacia"
"Acacia tumida","","BSKP5","BSKP5","BYZSL","Acacia tumida F.Muell. ex Benth.","Acacia tumida","F.Muell. ex Benth.","accepted","Acacia tumida F.Muell. ex Benth.","SECTION BOTANY:sect. Juliflorae|GENUS:Acacia|FAMILY:Fabaceae|ORDER:Fabales Bromhead|CLASS:Magnoliopsida|PHYLUM:Tracheophyta|SUBKINGDOM:Pteridobiotina Britton & Brown|KINGDOM:Plantae|DOMAIN:Eukaryota (Chatton, 1925) Whittaker & Margulis, 1978","Plantae","Tracheophyta","Magnoliopsida","Fabales Bromhead","Fabaceae","Acacia"
"Acacia ulicifolia","","BSGRQ","BSGRQ","9JGMY","Acacia ulicifolia (Salisb.) Court","Acacia ulicifolia","(Salisb.) Court","accepted","Acacia ulicifolia (Salisb.) Court","SECTION BOTANY:sect. Acacia|GENUS:Acacia|FAMILY:Fabaceae|ORDER:Fabales Bromhead|CLASS:Magnoliopsida|PHYLUM:Tracheophyta|SUBKINGDOM:Pteridobiotina Britton & Brown|KINGDOM:Plantae|DOMAIN:Eukaryota (Chatton, 1925) Whittaker & Margulis, 1978","Plantae","Tracheophyta","Magnoliopsida","Fabales Bromhead","Fabaceae","Acacia"
"Acacia ulicina","","BSKP7","BSKP7","9JGMY","Acacia ulicina Meisn.","Acacia ulicina","Meisn.","accepted","Acacia ulicina Meisn.","SECTION BOTANY:sect. Acacia|GENUS:Acacia|FAMILY:Fabaceae|ORDER:Fabales Bromhead|CLASS:Magnoliopsida|PHYLUM:Tracheophyta|SUBKINGDOM:Pteridobiotina Britton & Brown|KINGDOM:Plantae|DOMAIN:Eukaryota (Chatton, 1925) Whittaker & Margulis, 1978","Plantae","Tracheophyta","Magnoliopsida","Fabales Bromhead","Fabaceae","Acacia"
"Acacia uncinata","","BSKPD","BSKPD","9JGMY","Acacia uncinata Lindl.","Acacia uncinata","Lindl.","accepted","Acacia uncinata Lindl.","SECTION BOTANY:sect. Acacia|GENUS:Acacia|FAMILY:Fabaceae|ORDER:Fabales Bromhead|CLASS:Magnoliopsida|PHYLUM:Tracheophyta|SUBKINGDOM:Pteridobiotina Britton & Brown|KINGDOM:Plantae|DOMAIN:Eukaryota (Chatton, 1925) Whittaker & Margulis, 1978","Plantae","Tracheophyta","Magnoliopsida","Fabales Bromhead","Fabaceae","Acacia"
"Acacia uncinella","","BSKPG","BSKPG","BYZTL","Acacia uncinella Benth.","Acacia uncinella","Benth.","accepted","Acacia uncinella Benth.","SECTION BOTANY:sect. Plurinerves|GENUS:Acacia|FAMILY:Fabaceae|ORDER:Fabales Bromhead|CLASS:Magnoliopsida|PHYLUM:Tracheophyta|SUBKINGDOM:Pteridobiotina Britton & Brown|KINGDOM:Plantae|DOMAIN:Eukaryota (Chatton, 1925) Whittaker & Margulis, 1978","Plantae","Tracheophyta","Magnoliopsida","Fabales Bromhead","Fabaceae","Acacia"
"Acacia undoolyana","","BSKPJ","BSKPJ","BYZSL","Acacia undoolyana G.J.Leach","Acacia undoolyana","G.J.Leach","accepted","Acacia undoolyana G.J.Leach","SECTION BOTANY:sect. Juliflorae|GENUS:Acacia|FAMILY:Fabaceae|ORDER:Fabales Bromhead|CLASS:Magnoliopsida|PHYLUM:Tracheophyta|SUBKINGDOM:Pteridobiotina Britton & Brown|KINGDOM:Plantae|DOMAIN:Eukaryota (Chatton, 1925) Whittaker & Margulis, 1978","Plantae","Tracheophyta","Magnoliopsida","Fabales Bromhead","Fabaceae","Acacia"
"Acacia urophylla","","BSKPV","BSKPV","9JGMY","Acacia urophylla Benth.","Acacia urophylla","Benth.","accepted","Acacia urophylla Benth.","SECTION BOTANY:sect. Acacia|GENUS:Acacia|FAMILY:Fabaceae|ORDER:Fabales Bromhead|CLASS:Magnoliopsida|PHYLUM:Tracheophyta|SUBKINGDOM:Pteridobiotina Britton & Brown|KINGDOM:Plantae|DOMAIN:Eukaryota (Chatton, 1925) Whittaker & Margulis, 1978","Plantae","Tracheophyta","Magnoliopsida","Fabales Bromhead","Fabaceae","Acacia"
"Acacia validinervia","","BSGRT","BSGRT","9JGMY","Acacia validinervia Maiden & Blakely","Acacia validinervia","Maiden & Blakely","accepted","Acacia validinervia Maiden & Blakely","SECTION BOTANY:sect. Acacia|GENUS:Acacia|FAMILY:Fabaceae|ORDER:Fabales Bromhead|CLASS:Magnoliopsida|PHYLUM:Tracheophyta|SUBKINGDOM:Pteridobiotina Britton & Brown|KINGDOM:Plantae|DOMAIN:Eukaryota (Chatton, 1925) Whittaker & Margulis, 1978","Plantae","Tracheophyta","Magnoliopsida","Fabales Bromhead","Fabaceae","Acacia"
"Acacia verniciflua","","BSKQ3","BSKQ3","9JGMY","Acacia verniciflua A.Cunn.","Acacia verniciflua","A.Cunn.","accepted","Acacia verniciflua A.Cunn.","SECTION BOTANY:sect. Acacia|GENUS:Acacia|FAMILY:Fabaceae|ORDER:Fabales Bromhead|CLASS:Magnoliopsida|PHYLUM:Tracheophyta|SUBKINGDOM:Pteridobiotina Britton & Brown|KINGDOM:Plantae|DOMAIN:Eukaryota (Chatton, 1925) Whittaker & Margulis, 1978","Plantae","Tracheophyta","Magnoliopsida","Fabales Bromhead","Fabaceae","Acacia"
"Acacia veronica","","BSGRV","BSGRV","BYZTL","Acacia veronica Maslin","Acacia veronica","Maslin","accepted","Acacia veronica Maslin","SECTION BOTANY:sect. Plurinerves|GENUS:Acacia|FAMILY:Fabaceae|ORDER:Fabales Bromhead|CLASS:Magnoliopsida|PHYLUM:Tracheophyta|SUBKINGDOM:Pteridobiotina Britton & Brown|KINGDOM:Plantae|DOMAIN:Eukaryota (Chatton, 1925) Whittaker & Margulis, 1978","Plantae","Tracheophyta","Magnoliopsida","Fabales Bromhead","Fabaceae","Acacia"
"Acacia verricula","","8Q8Y","8Q8Y","BYZTL","Acacia verriculum R.S.Cowan & Maslin","Acacia verriculum","R.S.Cowan & Maslin","accepted","Acacia verriculum R.S.Cowan & Maslin","SECTION BOTANY:sect. Plurinerves|GENUS:Acacia|FAMILY:Fabaceae|ORDER:Fabales Bromhead|CLASS:Magnoliopsida|PHYLUM:Tracheophyta|SUBKINGDOM:Pteridobiotina Britton & Brown|KINGDOM:Plantae|DOMAIN:Eukaryota (Chatton, 1925) Whittaker & Margulis, 1978","Plantae","Tracheophyta","Magnoliopsida","Fabales Bromhead","Fabaceae","Acacia"
"Acacia verticillata","","8Q8Z","8Q8Z","BYZSL","Acacia verticillata (L'Her.) Willd.","Acacia verticillata","(L'Her.) Willd.","accepted","Acacia verticillata (L'Her.) Willd.","SECTION BOTANY:sect. Juliflorae|GENUS:Acacia|FAMILY:Fabaceae|ORDER:Fabales Bromhead|CLASS:Magnoliopsida|PHYLUM:Tracheophyta|SUBKINGDOM:Pteridobiotina Britton & Brown|KINGDOM:Plantae|DOMAIN:Eukaryota (Chatton, 1925) Whittaker & Margulis, 1978","Plantae","Tracheophyta","Magnoliopsida","Fabales Bromhead","Fabaceae","Acacia"
"Acacia vestita","","BSKQ6","BSKQ6","9JGMY","Acacia vestita Ker Gawl.","Acacia vestita","Ker Gawl.","accepted","Acacia vestita Ker Gawl.","SECTION BOTANY:sect. Acacia|GENUS:Acacia|FAMILY:Fabaceae|ORDER:Fabales Bromhead|CLASS:Magnoliopsida|PHYLUM:Tracheophyta|SUBKINGDOM:Pteridobiotina Britton & Brown|KINGDOM:Plantae|DOMAIN:Eukaryota (Chatton, 1925) Whittaker & Margulis, 1978","Plantae","Tracheophyta","Magnoliopsida","Fabales Bromhead","Fabaceae","Acacia"
"Acacia victoriae","","BSGRZ","BSGRZ","9JGMY","Acacia victoriae Benth.","Acacia victoriae","Benth.","accepted","Acacia victoriae Benth.","SECTION BOTANY:sect. Acacia|GENUS:Acacia|FAMILY:Fabaceae|ORDER:Fabales Bromhead|CLASS:Magnoliopsida|PHYLUM:Tracheophyta|SUBKINGDOM:Pteridobiotina Britton & Brown|KINGDOM:Plantae|DOMAIN:Eukaryota (Chatton, 1925) Whittaker & Margulis, 1978","Plantae","Tracheophyta","Magnoliopsida","Fabales Bromhead","Fabaceae","Acacia"
"Acacia villosa","","BSS3P","BSS4M","BSS4M","Acacia villosa (Sw.) Willd.","Acacia villosa","(Sw.) Willd.","synonym","Acaciella villosa (Sw.) Britton & Rose","SPECIES:Acaciella villosa (Sw.) Britton & Rose|GENUS:Acaciella|FAMILY:Fabaceae|ORDER:Fabales Bromhead|CLASS:Magnoliopsida|PHYLUM:Tracheophyta|SUBKINGDOM:Pteridobiotina Britton & Brown|KINGDOM:Plantae|DOMAIN:Eukaryota (Chatton, 1925) Whittaker & Margulis, 1978","Plantae","Tracheophyta","Magnoliopsida","Fabales Bromhead","Fabaceae","Acaciella"
"Acacia visco","","BSTK7","BT676","BT676","Acacia visco Lorentz ex Griseb.","Acacia visco","Lorentz ex Griseb.","synonym","Parasenegalia visco (Lorentz ex Griseb.) Seigler & Ebinger","SPECIES:Parasenegalia visco (Lorentz ex Griseb.) Seigler & Ebinger|GENUS:Parasenegalia|FAMILY:Fabaceae|ORDER:Fabales Bromhead|CLASS:Magnoliopsida|PHYLUM:Tracheophyta|SUBKINGDOM:Pteridobiotina Britton & Brown|KINGDOM:Plantae|DOMAIN:Eukaryota (Chatton, 1925) Whittaker & Margulis, 1978","Plantae","Tracheophyta","Magnoliopsida","Fabales Bromhead","Fabaceae","Parasenegalia"
"Acacia volubilis","","BSKQH","BSKQH","BYZRT","Acacia volubilis F.Muell.","Acacia volubilis","F.Muell.","accepted","Acacia volubilis F.Muell.","SECTION BOTANY:sect. Alatae|GENUS:Acacia|FAMILY:Fabaceae|ORDER:Fabales Bromhead|CLASS:Magnoliopsida|PHYLUM:Tracheophyta|SUBKINGDOM:Pteridobiotina Britton & Brown|KINGDOM:Plantae|DOMAIN:Eukaryota (Chatton, 1925) Whittaker & Margulis, 1978","Plantae","Tracheophyta","Magnoliopsida","Fabales Bromhead","Fabaceae","Acacia"
"Acacia wanyu","","BSGS2","BSGS2","BYZSL","Acacia wanyu Tindale","Acacia wanyu","Tindale","accepted","Acacia wanyu Tindale","SECTION BOTANY:sect. Juliflorae|GENUS:Acacia|FAMILY:Fabaceae|ORDER:Fabales Bromhead|CLASS:Magnoliopsida|PHYLUM:Tracheophyta|SUBKINGDOM:Pteridobiotina Britton & Brown|KINGDOM:Plantae|DOMAIN:Eukaryota (Chatton, 1925) Whittaker & Margulis, 1978","Plantae","Tracheophyta","Magnoliopsida","Fabales Bromhead","Fabaceae","Acacia"
"Acacia wattsiana","","BSKQQ","BSKQQ","9JGMY","Acacia wattsiana F.Muell. ex Benth.","Acacia wattsiana","F.Muell. ex Benth.","accepted","Acacia wattsiana F.Muell. ex Benth.","SECTION BOTANY:sect. Acacia|GENUS:Acacia|FAMILY:Fabaceae|ORDER:Fabales Bromhead|CLASS:Magnoliopsida|PHYLUM:Tracheophyta|SUBKINGDOM:Pteridobiotina Britton & Brown|KINGDOM:Plantae|DOMAIN:Eukaryota (Chatton, 1925) Whittaker & Margulis, 1978","Plantae","Tracheophyta","Magnoliopsida","Fabales Bromhead","Fabaceae","Acacia"
"Acacia websteri","","BSKQS","BSKQS","BYZSL","Acacia websteri Maiden & Blakely","Acacia websteri","Maiden & Blakely","accepted","Acacia websteri Maiden & Blakely","SECTION BOTANY:sect. Juliflorae|GENUS:Acacia|FAMILY:Fabaceae|ORDER:Fabales Bromhead|CLASS:Magnoliopsida|PHYLUM:Tracheophyta|SUBKINGDOM:Pteridobiotina Britton & Brown|KINGDOM:Plantae|DOMAIN:Eukaryota (Chatton, 1925) Whittaker & Margulis, 1978","Plantae","Tracheophyta","Magnoliopsida","Fabales Bromhead","Fabaceae","Acacia"
"Acacia whitei","","BSKQX","BSKQX","BYZSL","Acacia whitei Maiden","Acacia whitei","Maiden","accepted","Acacia whitei Maiden","SECTION BOTANY:sect. Juliflorae|GENUS:Acacia|FAMILY:Fabaceae|ORDER:Fabales Bromhead|CLASS:Magnoliopsida|PHYLUM:Tracheophyta|SUBKINGDOM:Pteridobiotina Britton & Brown|KINGDOM:Plantae|DOMAIN:Eukaryota (Chatton, 1925) Whittaker & Margulis, 1978","Plantae","Tracheophyta","Magnoliopsida","Fabales Bromhead","Fabaceae","Acacia"
"Acacia wickhamii","","BSKQY","BSKQY","BYZSL","Acacia wickhamii Benth.","Acacia wickhamii","Benth.","accepted","Acacia wickhamii Benth.","SECTION BOTANY:sect. Juliflorae|GENUS:Acacia|FAMILY:Fabaceae|ORDER:Fabales Bromhead|CLASS:Magnoliopsida|PHYLUM:Tracheophyta|SUBKINGDOM:Pteridobiotina Britton & Brown|KINGDOM:Plantae|DOMAIN:Eukaryota (Chatton, 1925) Whittaker & Margulis, 1978","Plantae","Tracheophyta","Magnoliopsida","Fabales Bromhead","Fabaceae","Acacia"
"Acacia wilhelmiana","","BSGS4","BSGS4","BYZTL","Acacia wilhelmiana F.Muell.","Acacia wilhelmiana","F.Muell.","accepted","Acacia wilhelmiana F.Muell.","SECTION BOTANY:sect. Plurinerves|GENUS:Acacia|FAMILY:Fabaceae|ORDER:Fabales Bromhead|CLASS:Magnoliopsida|PHYLUM:Tracheophyta|SUBKINGDOM:Pteridobiotina Britton & Brown|KINGDOM:Plantae|DOMAIN:Eukaryota (Chatton, 1925) Whittaker & Margulis, 1978","Plantae","Tracheophyta","Magnoliopsida","Fabales Bromhead","Fabaceae","Acacia"
"Acacia willardiana","","BSS3W","9F9MY","9F9MY","Acacia willardiana Rose","Acacia willardiana","Rose","synonym","Mariosousa heterophylla (Benth.) Seigler & Ebinger","SPECIES:Mariosousa heterophylla (Benth.) Seigler & Ebinger|GENUS:Mariosousa|FAMILY:Fabaceae|ORDER:Fabales Bromhead|CLASS:Magnoliopsida|PHYLUM:Tracheophyta|SUBKINGDOM:Pteridobiotina Britton & Brown|KINGDOM:Plantae|DOMAIN:Eukaryota (Chatton, 1925) Whittaker & Margulis, 1978","Plantae","Tracheophyta","Magnoliopsida","Fabales Bromhead","Fabaceae","Mariosousa"
"Acacia willdenowiana","","BSKR2","BSKR2","BYZRT","Acacia willdenowiana H.L.Wendl.","Acacia willdenowiana","H.L.Wendl.","accepted","Acacia willdenowiana H.L.Wendl.","SECTION BOTANY:sect. Alatae|GENUS:Acacia|FAMILY:Fabaceae|ORDER:Fabales Bromhead|CLASS:Magnoliopsida|PHYLUM:Tracheophyta|SUBKINGDOM:Pteridobiotina Britton & Brown|KINGDOM:Plantae|DOMAIN:Eukaryota (Chatton, 1925) Whittaker & Margulis, 1978","Plantae","Tracheophyta","Magnoliopsida","Fabales Bromhead","Fabaceae","Acacia"
"Acacia williamsonii","","BSKR4","BSKR4","9JGMY","Acacia williamsonii Court","Acacia williamsonii","Court","accepted","Acacia williamsonii Court","SECTION BOTANY:sect. Acacia|GENUS:Acacia|FAMILY:Fabaceae|ORDER:Fabales Bromhead|CLASS:Magnoliopsida|PHYLUM:Tracheophyta|SUBKINGDOM:Pteridobiotina Britton & Brown|KINGDOM:Plantae|DOMAIN:Eukaryota (Chatton, 1925) Whittaker & Margulis, 1978","Plantae","Tracheophyta","Magnoliopsida","Fabales Bromhead","Fabaceae","Acacia"
"Acacia wiseana","","BSKR7","BSKR7","9JGMY","Acacia wiseana C.A.Gardner","Acacia wiseana","C.A.Gardner","accepted","Acacia wiseana C.A.Gardner","SECTION BOTANY:sect. Acacia|GENUS:Acacia|FAMILY:Fabaceae|ORDER:Fabales Bromhead|CLASS:Magnoliopsida|PHYLUM:Tracheophyta|SUBKINGDOM:Pteridobiotina Britton & Brown|KINGDOM:Plantae|DOMAIN:Eukaryota (Chatton, 1925) Whittaker & Margulis, 1978","Plantae","Tracheophyta","Magnoliopsida","Fabales Bromhead","Fabaceae","Acacia"
"Acacia wrightii","","BSS3X","BT94P","BT94P","Acacia wrightii Benth.","Acacia wrightii","Benth.","synonym","Senegalia wrightii (Benth.) Britton & Rose","SPECIES:Senegalia wrightii (Benth.) Britton & Rose|SECTION BOTANY:Monacanthea sect. Monacanthea pro parte|GENUS:Senegalia|FAMILY:Fabaceae|ORDER:Fabales Bromhead|CLASS:Magnoliopsida|PHYLUM:Tracheophyta|SUBKINGDOM:Pteridobiotina Britton & Brown|KINGDOM:Plantae|DOMAIN:Eukaryota (Chatton, 1925) Whittaker & Margulis, 1978","Plantae","Tracheophyta","Magnoliopsida","Fabales Bromhead","Fabaceae","Senegalia"
"Acacia xanthina","","BSGS5","BSGS5","9JGMY","Acacia xanthina Benth.","Acacia xanthina","Benth.","accepted","Acacia xanthina Benth.","SECTION BOTANY:sect. Acacia|GENUS:Acacia|FAMILY:Fabaceae|ORDER:Fabales Bromhead|CLASS:Magnoliopsida|PHYLUM:Tracheophyta|SUBKINGDOM:Pteridobiotina Britton & Brown|KINGDOM:Plantae|DOMAIN:Eukaryota (Chatton, 1925) Whittaker & Margulis, 1978","Plantae","Tracheophyta","Magnoliopsida","Fabales Bromhead","Fabaceae","Acacia"
"Acacia xanthophloea","","BSS3Y","BTCGH","BTCGH","Acacia xanthophloea Benth.","Acacia xanthophloea","Benth.","synonym","Vachellia xanthophloea (Benth.) Banfi & Galasso","SPECIES:Vachellia xanthophloea (Benth.) Banfi & Galasso|GENUS:Vachellia|FAMILY:Fabaceae|ORDER:Fabales Bromhead|CLASS:Magnoliopsida|PHYLUM:Tracheophyta|SUBKINGDOM:Pteridobiotina Britton & Brown|KINGDOM:Plantae|DOMAIN:Eukaryota (Chatton, 1925) Whittaker & Margulis, 1978","Plantae","Tracheophyta","Magnoliopsida","Fabales Bromhead","Fabaceae","Vachellia"
"Acacia xiphophylla","","BSKRF","BSKRF","BYZSL","Acacia xiphophylla E.Pritz.","Acacia xiphophylla","E.Pritz.","accepted","Acacia xiphophylla E.Pritz.","SECTION BOTANY:sect. Juliflorae|GENUS:Acacia|FAMILY:Fabaceae|ORDER:Fabales Bromhead|CLASS:Magnoliopsida|PHYLUM:Tracheophyta|SUBKINGDOM:Pteridobiotina Britton & Brown|KINGDOM:Plantae|DOMAIN:Eukaryota (Chatton, 1925) Whittaker & Margulis, 1978","Plantae","Tracheophyta","Magnoliopsida","Fabales Bromhead","Fabaceae","Acacia"
"Acacia yirrkallensis","","BSKRJ","BSKRJ","BYZTL","Acacia yirrkallensis Specht","Acacia yirrkallensis","Specht","accepted","Acacia yirrkallensis Specht","SECTION BOTANY:sect. Plurinerves|GENUS:Acacia|FAMILY:Fabaceae|ORDER:Fabales Bromhead|CLASS:Magnoliopsida|PHYLUM:Tracheophyta|SUBKINGDOM:Pteridobiotina Britton & Brown|KINGDOM:Plantae|DOMAIN:Eukaryota (Chatton, 1925) Whittaker & Margulis, 1978","Plantae","Tracheophyta","Magnoliopsida","Fabales Bromhead","Fabaceae","Acacia"
"Acacia yorkrakinensis","","BSKRK","BSKRK","BYZSL","Acacia yorkrakinensis C.A.Gardner","Acacia yorkrakinensis","C.A.Gardner","accepted","Acacia yorkrakinensis C.A.Gardner","SECTION BOTANY:sect. Juliflorae|GENUS:Acacia|FAMILY:Fabaceae|ORDER:Fabales Bromhead|CLASS:Magnoliopsida|PHYLUM:Tracheophyta|SUBKINGDOM:Pteridobiotina Britton & Brown|KINGDOM:Plantae|DOMAIN:Eukaryota (Chatton, 1925) Whittaker & Margulis, 1978","Plantae","Tracheophyta","Magnoliopsida","Fabales Bromhead","Fabaceae","Acacia"
"Acacia yunnanensis","","BSS42","BT94Q","BT94Q","Acacia yunnanensis Franch.","Acacia yunnanensis","Franch.","synonym","Senegalia yunnanensis (Franch.) Maslin, Seigler & Ebinger","SPECIES:Senegalia yunnanensis (Franch.) Maslin, Seigler & Ebinger|SECTION BOTANY:Monacanthea sect. Monacanthea pro parte|GENUS:Senegalia|FAMILY:Fabaceae|ORDER:Fabales Bromhead|CLASS:Magnoliopsida|PHYLUM:Tracheophyta|SUBKINGDOM:Pteridobiotina Britton & Brown|KINGDOM:Plantae|DOMAIN:Eukaryota (Chatton, 1925) Whittaker & Margulis, 1978","Plantae","Tracheophyta","Magnoliopsida","Fabales Bromhead","Fabaceae","Senegalia"
"Acaciella bicolor","","BSS48","BSS48","9JJJW","Acaciella bicolor Britton & Rose","Acaciella bicolor","Britton & Rose","accepted","Acaciella bicolor Britton & Rose","GENUS:Acaciella|FAMILY:Fabaceae|ORDER:Fabales Bromhead|CLASS:Magnoliopsida|PHYLUM:Tracheophyta|SUBKINGDOM:Pteridobiotina Britton & Brown|KINGDOM:Plantae|DOMAIN:Eukaryota (Chatton, 1925) Whittaker & Margulis, 1978","Plantae","Tracheophyta","Magnoliopsida","Fabales Bromhead","Fabaceae","Acaciella"
"Acaciella chamelensis","","BSS49","BSS49","9JJJW","Acaciella chamelensis (L.Rico) L.Rico","Acaciella chamelensis","(L.Rico) L.Rico","accepted","Acaciella chamelensis (L.Rico) L.Rico","GENUS:Acaciella|FAMILY:Fabaceae|ORDER:Fabales Bromhead|CLASS:Magnoliopsida|PHYLUM:Tracheophyta|SUBKINGDOM:Pteridobiotina Britton & Brown|KINGDOM:Plantae|DOMAIN:Eukaryota (Chatton, 1925) Whittaker & Margulis, 1978","Plantae","Tracheophyta","Magnoliopsida","Fabales Bromhead","Fabaceae","Acaciella"
"Acaciella goldmanii","","BSS4B","BSS4B","9JJJW","Acaciella goldmanii Britton & Rose","Acaciella goldmanii","Britton & Rose","accepted","Acaciella goldmanii Britton & Rose","GENUS:Acaciella|FAMILY:Fabaceae|ORDER:Fabales Bromhead|CLASS:Magnoliopsida|PHYLUM:Tracheophyta|SUBKINGDOM:Pteridobiotina Britton & Brown|KINGDOM:Plantae|DOMAIN:Eukaryota (Chatton, 1925) Whittaker & Margulis, 1978","Plantae","Tracheophyta","Magnoliopsida","Fabales Bromhead","Fabaceae","Acaciella"
"Acaciella painteri","","BSS4G","BSS4G","9JJJW","Acaciella painteri Britton & Rose","Acaciella painteri","Britton & Rose","accepted","Acaciella painteri Britton & Rose","GENUS:Acaciella|FAMILY:Fabaceae|ORDER:Fabales Bromhead|CLASS:Magnoliopsida|PHYLUM:Tracheophyta|SUBKINGDOM:Pteridobiotina Britton & Brown|KINGDOM:Plantae|DOMAIN:Eukaryota (Chatton, 1925) Whittaker & Margulis, 1978","Plantae","Tracheophyta","Magnoliopsida","Fabales Bromhead","Fabaceae","Acaciella"
"Adenopodia scelerata","","9ZY2","9ZY2","9CJKJ","Adenopodia scelerata (A.Chev.) Brenan","Adenopodia scelerata","(A.Chev.) Brenan","accepted","Adenopodia scelerata (A.Chev.) Brenan","GENUS:Adenopodia C.Presl|FAMILY:Fabaceae|ORDER:Fabales Bromhead|CLASS:Magnoliopsida|PHYLUM:Tracheophyta|SUBKINGDOM:Pteridobiotina Britton & Brown|KINGDOM:Plantae|DOMAIN:Eukaryota (Chatton, 1925) Whittaker & Margulis, 1978","Plantae","Tracheophyta","Magnoliopsida","Fabales Bromhead","Fabaceae","Adenopodia C.Presl"
"Adenopodia spicata","","9ZY4","9ZY4","9CJKJ","Adenopodia spicata (E.Mey.) C.Presl","Adenopodia spicata","(E.Mey.) C.Presl","accepted","Adenopodia spicata (E.Mey.) C.Presl","GENUS:Adenopodia C.Presl|FAMILY:Fabaceae|ORDER:Fabales Bromhead|CLASS:Magnoliopsida|PHYLUM:Tracheophyta|SUBKINGDOM:Pteridobiotina Britton & Brown|KINGDOM:Plantae|DOMAIN:Eukaryota (Chatton, 1925) Whittaker & Margulis, 1978","Plantae","Tracheophyta","Magnoliopsida","Fabales Bromhead","Fabaceae","Adenopodia C.Presl"
"Albizia adianthifolia","","BG3H","BG3H","9CJNC","Albizia adianthifolia (Schumach.) W.Wight","Albizia adianthifolia","(Schumach.) W.Wight","accepted","Albizia adianthifolia (Schumach.) W.Wight","GENUS:Albizia Durazz.|FAMILY:Fabaceae|ORDER:Fabales Bromhead|CLASS:Magnoliopsida|PHYLUM:Tracheophyta|SUBKINGDOM:Pteridobiotina Britton & Brown|KINGDOM:Plantae|DOMAIN:Eukaryota (Chatton, 1925) Whittaker & Margulis, 1978","Plantae","Tracheophyta","Magnoliopsida","Fabales Bromhead","Fabaceae","Albizia Durazz."
"Albizia adinocephala","","BG3J","BTSF6","BTSF6","Albizia adinocephala (Donn.Sm.) Britton & Rose ex Record","Albizia adinocephala","(Donn.Sm.) Britton & Rose ex Record","synonym","Pseudalbizzia adinocephala (Donn.Sm.) E.J.M.Koenen & Duno","SPECIES:Pseudalbizzia adinocephala (Donn.Sm.) E.J.M.Koenen & Duno|GENUS:Pseudalbizzia Britton & Rose|FAMILY:Fabaceae|ORDER:Fabales Bromhead|CLASS:Magnoliopsida|PHYLUM:Tracheophyta|SUBKINGDOM:Pteridobiotina Britton & Brown|KINGDOM:Plantae|DOMAIN:Eukaryota (Chatton, 1925) Whittaker & Margulis, 1978","Plantae","Tracheophyta","Magnoliopsida","Fabales Bromhead","Fabaceae","Pseudalbizzia Britton & Rose"
"Albizia altissima","","BG3L","BTRX8","BTRX8","Albizia altissima Hook.f.","Albizia altissima","Hook.f.","synonym","Osodendron altissimum (Hook.f.) E.J.M.Koenen","SPECIES:Osodendron altissimum (Hook.f.) E.J.M.Koenen|GENUS:Osodendron E.J.M.Koenen|FAMILY:Fabaceae|ORDER:Fabales Bromhead|CLASS:Magnoliopsida|PHYLUM:Tracheophyta|SUBKINGDOM:Pteridobiotina Britton & Brown|KINGDOM:Plantae|DOMAIN:Eukaryota (Chatton, 1925) Whittaker & Margulis, 1978","Plantae","Tracheophyta","Magnoliopsida","Fabales Bromhead","Fabaceae","Osodendron E.J.M.Koenen"
"Albizia amara","","BG3P","BG3P","9CJNC","Albizia amara (Roxb.) Boivin","Albizia amara","(Roxb.) Boivin","accepted","Albizia amara (Roxb.) Boivin","GENUS:Albizia Durazz.|FAMILY:Fabaceae|ORDER:Fabales Bromhead|CLASS:Magnoliopsida|PHYLUM:Tracheophyta|SUBKINGDOM:Pteridobiotina Britton & Brown|KINGDOM:Plantae|DOMAIN:Eukaryota (Chatton, 1925) Whittaker & Margulis, 1978","Plantae","Tracheophyta","Magnoliopsida","Fabales Bromhead","Fabaceae","Albizia Durazz."
"Albizia androyensis","","BG3R","BG3R","9CJNC","Albizia androyensis Capuron","Albizia androyensis","Capuron","accepted","Albizia androyensis Capuron","GENUS:Albizia Durazz.|FAMILY:Fabaceae|ORDER:Fabales Bromhead|CLASS:Magnoliopsida|PHYLUM:Tracheophyta|SUBKINGDOM:Pteridobiotina Britton & Brown|KINGDOM:Plantae|DOMAIN:Eukaryota (Chatton, 1925) Whittaker & Margulis, 1978","Plantae","Tracheophyta","Magnoliopsida","Fabales Bromhead","Fabaceae","Albizia Durazz."
"Albizia anthelmintica","","5TVTN","5TVTN","9CJNC","Albizia anthelmintica (A.Rich.) Brongn.","Albizia anthelmintica","(A.Rich.) Brongn.","accepted","Albizia anthelmintica (A.Rich.) Brongn.","GENUS:Albizia Durazz.|FAMILY:Fabaceae|ORDER:Fabales Bromhead|CLASS:Magnoliopsida|PHYLUM:Tracheophyta|SUBKINGDOM:Pteridobiotina Britton & Brown|KINGDOM:Plantae|DOMAIN:Eukaryota (Chatton, 1925) Whittaker & Margulis, 1978","Plantae","Tracheophyta","Magnoliopsida","Fabales Bromhead","Fabaceae","Albizia Durazz."
"Albizia antunesiana","","BG3V","BG3V","9CJNC","Albizia antunesiana Harms","Albizia antunesiana","Harms","accepted","Albizia antunesiana Harms","GENUS:Albizia Durazz.|FAMILY:Fabaceae|ORDER:Fabales Bromhead|CLASS:Magnoliopsida|PHYLUM:Tracheophyta|SUBKINGDOM:Pteridobiotina Britton & Brown|KINGDOM:Plantae|DOMAIN:Eukaryota (Chatton, 1925) Whittaker & Margulis, 1978","Plantae","Tracheophyta","Magnoliopsida","Fabales Bromhead","Fabaceae","Albizia Durazz."
"Albizia arenicola","","BG3W","BG3W","9CJNC","Albizia arenicola R.Vig.","Albizia arenicola","R.Vig.","accepted","Albizia arenicola R.Vig.","GENUS:Albizia Durazz.|FAMILY:Fabaceae|ORDER:Fabales Bromhead|CLASS:Magnoliopsida|PHYLUM:Tracheophyta|SUBKINGDOM:Pteridobiotina Britton & Brown|KINGDOM:Plantae|DOMAIN:Eukaryota (Chatton, 1925) Whittaker & Margulis, 1978","Plantae","Tracheophyta","Magnoliopsida","Fabales Bromhead","Fabaceae","Albizia Durazz."
"Albizia atakataka","","BG3Y","BG3Y","9CJNC","Albizia atakataka Capuron","Albizia atakataka","Capuron","accepted","Albizia atakataka Capuron","GENUS:Albizia Durazz.|FAMILY:Fabaceae|ORDER:Fabales Bromhead|CLASS:Magnoliopsida|PHYLUM:Tracheophyta|SUBKINGDOM:Pteridobiotina Britton & Brown|KINGDOM:Plantae|DOMAIN:Eukaryota (Chatton, 1925) Whittaker & Margulis, 1978","Plantae","Tracheophyta","Magnoliopsida","Fabales Bromhead","Fabaceae","Albizia Durazz."
"Albizia aurisparsa","","9CNQM","9CNQM","9CJNC","Albizia aurisparsa (Drake) R.Vig. ex Capuron","Albizia aurisparsa","(Drake) R.Vig. ex Capuron","accepted","Albizia aurisparsa (Drake) R.Vig. ex Capuron","GENUS:Albizia Durazz.|FAMILY:Fabaceae|ORDER:Fabales Bromhead|CLASS:Magnoliopsida|PHYLUM:Tracheophyta|SUBKINGDOM:Pteridobiotina Britton & Brown|KINGDOM:Plantae|DOMAIN:Eukaryota (Chatton, 1925) Whittaker & Margulis, 1978","Plantae","Tracheophyta","Magnoliopsida","Fabales Bromhead","Fabaceae","Albizia Durazz."
"Albizia bernieri","","BG4B","BG4B","9CJNC","Albizia bernieri E.Fourn. ex Villiers","Albizia bernieri","E.Fourn. ex Villiers","accepted","Albizia bernieri E.Fourn. ex Villiers","GENUS:Albizia Durazz.|FAMILY:Fabaceae|ORDER:Fabales Bromhead|CLASS:Magnoliopsida|PHYLUM:Tracheophyta|SUBKINGDOM:Pteridobiotina Britton & Brown|KINGDOM:Plantae|DOMAIN:Eukaryota (Chatton, 1925) Whittaker & Margulis, 1978","Plantae","Tracheophyta","Magnoliopsida","Fabales Bromhead","Fabaceae","Albizia Durazz."
"Albizia berteriana","","","","","","","","","","","","","","","",""
"Albizia boinensis","","BG4H","BG4H","9CJNC","Albizia boinensis R.Vig.","Albizia boinensis","R.Vig.","accepted","Albizia boinensis R.Vig.","GENUS:Albizia Durazz.|FAMILY:Fabaceae|ORDER:Fabales Bromhead|CLASS:Magnoliopsida|PHYLUM:Tracheophyta|SUBKINGDOM:Pteridobiotina Britton & Brown|KINGDOM:Plantae|DOMAIN:Eukaryota (Chatton, 1925) Whittaker & Margulis, 1978","Plantae","Tracheophyta","Magnoliopsida","Fabales Bromhead","Fabaceae","Albizia Durazz."
"Albizia burkartiana","","BG4R","BTSF9","BTSF9","Albizia burkartiana Barneby & J.W.Grimes","Albizia burkartiana","Barneby & J.W.Grimes","synonym","Pseudalbizzia burkartiana (Barneby & J.W.Grimes) E.J.M.Koenen & Duno","SPECIES:Pseudalbizzia burkartiana (Barneby & J.W.Grimes) E.J.M.Koenen & Duno|GENUS:Pseudalbizzia Britton & Rose|FAMILY:Fabaceae|ORDER:Fabales Bromhead|CLASS:Magnoliopsida|PHYLUM:Tracheophyta|SUBKINGDOM:Pteridobiotina Britton & Brown|KINGDOM:Plantae|DOMAIN:Eukaryota (Chatton, 1925) Whittaker & Margulis, 1978","Plantae","Tracheophyta","Magnoliopsida","Fabales Bromhead","Fabaceae","Pseudalbizzia Britton & Rose"
"Albizia canescens","","BG4V","BG4V","9CJNC","Albizia canescens Benth.","Albizia canescens","Benth.","accepted","Albizia canescens Benth.","GENUS:Albizia Durazz.|FAMILY:Fabaceae|ORDER:Fabales Bromhead|CLASS:Magnoliopsida|PHYLUM:Tracheophyta|SUBKINGDOM:Pteridobiotina Britton & Brown|KINGDOM:Plantae|DOMAIN:Eukaryota (Chatton, 1925) Whittaker & Margulis, 1978","Plantae","Tracheophyta","Magnoliopsida","Fabales Bromhead","Fabaceae","Albizia Durazz."
"Albizia carbonaria","","BG4W","BT7X5","BT7X5","Albizia carbonaria Britton","Albizia carbonaria","Britton","synonym","Pseudosamanea carbonaria (Britton) E.J.M.Koenen","SPECIES:Pseudosamanea carbonaria (Britton) E.J.M.Koenen|GENUS:Pseudosamanea Harms|FAMILY:Fabaceae|ORDER:Fabales Bromhead|CLASS:Magnoliopsida|PHYLUM:Tracheophyta|SUBKINGDOM:Pteridobiotina Britton & Brown|KINGDOM:Plantae|DOMAIN:Eukaryota (Chatton, 1925) Whittaker & Margulis, 1978","Plantae","Tracheophyta","Magnoliopsida","Fabales Bromhead","Fabaceae","Pseudosamanea Harms"
"Albizia carrii","","BG4Y","BG4Y","9CJNC","Albizia carrii Kanis","Albizia carrii","Kanis","accepted","Albizia carrii Kanis","GENUS:Albizia Durazz.|FAMILY:Fabaceae|ORDER:Fabales Bromhead|CLASS:Magnoliopsida|PHYLUM:Tracheophyta|SUBKINGDOM:Pteridobiotina Britton & Brown|KINGDOM:Plantae|DOMAIN:Eukaryota (Chatton, 1925) Whittaker & Margulis, 1978","Plantae","Tracheophyta","Magnoliopsida","Fabales Bromhead","Fabaceae","Albizia Durazz."
"Albizia chevalieri","","BG52","BG52","9CJNC","Albizia chevalieri Harms","Albizia chevalieri","Harms","accepted","Albizia chevalieri Harms","GENUS:Albizia Durazz.|FAMILY:Fabaceae|ORDER:Fabales Bromhead|CLASS:Magnoliopsida|PHYLUM:Tracheophyta|SUBKINGDOM:Pteridobiotina Britton & Brown|KINGDOM:Plantae|DOMAIN:Eukaryota (Chatton, 1925) Whittaker & Margulis, 1978","Plantae","Tracheophyta","Magnoliopsida","Fabales Bromhead","Fabaceae","Albizia Durazz."
"Albizia chinensis","","BG54","BG54","9CJNC","Albizia chinensis (Osbeck) Merr.","Albizia chinensis","(Osbeck) Merr.","accepted","Albizia chinensis (Osbeck) Merr.","GENUS:Albizia Durazz.|FAMILY:Fabaceae|ORDER:Fabales Bromhead|CLASS:Magnoliopsida|PHYLUM:Tracheophyta|SUBKINGDOM:Pteridobiotina Britton & Brown|KINGDOM:Plantae|DOMAIN:Eukaryota (Chatton, 1925) Whittaker & Margulis, 1978","Plantae","Tracheophyta","Magnoliopsida","Fabales Bromhead","Fabaceae","Albizia Durazz."
"Albizia commiphoroides","","BG56","BG56","9CJNC","Albizia commiphoroides Capuron","Albizia commiphoroides","Capuron","accepted","Albizia commiphoroides Capuron","GENUS:Albizia Durazz.|FAMILY:Fabaceae|ORDER:Fabales Bromhead|CLASS:Magnoliopsida|PHYLUM:Tracheophyta|SUBKINGDOM:Pteridobiotina Britton & Brown|KINGDOM:Plantae|DOMAIN:Eukaryota (Chatton, 1925) Whittaker & Margulis, 1978","Plantae","Tracheophyta","Magnoliopsida","Fabales Bromhead","Fabaceae","Albizia Durazz."
"Albizia decandra","","9CV9D","BTSFC","BTSFC","Albizia decandra (Ducke) Barneby & J.W.Grimes","Albizia decandra","(Ducke) Barneby & J.W.Grimes","synonym","Pseudalbizzia decandra (Ducke) E.J.M.Koenen & Duno","SPECIES:Pseudalbizzia decandra (Ducke) E.J.M.Koenen & Duno|GENUS:Pseudalbizzia Britton & Rose|FAMILY:Fabaceae|ORDER:Fabales Bromhead|CLASS:Magnoliopsida|PHYLUM:Tracheophyta|SUBKINGDOM:Pteridobiotina Britton & Brown|KINGDOM:Plantae|DOMAIN:Eukaryota (Chatton, 1925) Whittaker & Margulis, 1978","Plantae","Tracheophyta","Magnoliopsida","Fabales Bromhead","Fabaceae","Pseudalbizzia Britton & Rose"
"Albizia duckeana","","9CV9F","BT3GN","BT3GN","Albizia duckeana L.Rico","Albizia duckeana","L.Rico","synonym","Hydrochorea elegans (Ducke) M.V.B.Soares, Iganci & M.P.Morim","SPECIES:Hydrochorea elegans (Ducke) M.V.B.Soares, Iganci & M.P.Morim|GENUS:Hydrochorea Barneby & J.W.Grimes|FAMILY:Fabaceae|ORDER:Fabales Bromhead|CLASS:Magnoliopsida|PHYLUM:Tracheophyta|SUBKINGDOM:Pteridobiotina Britton & Brown|KINGDOM:Plantae|DOMAIN:Eukaryota (Chatton, 1925) Whittaker & Margulis, 1978","Plantae","Tracheophyta","Magnoliopsida","Fabales Bromhead","Fabaceae","Hydrochorea Barneby & J.W.Grimes"
"Albizia edwallii","","BG5T","BTSFD","BTSFD","Albizia edwallii (Hoehne) Barneby & J.W.Grimes","Albizia edwallii","(Hoehne) Barneby & J.W.Grimes","synonym","Pseudalbizzia edwallii (Hoehne) E.J.M.Koenen & Duno","SPECIES:Pseudalbizzia edwallii (Hoehne) E.J.M.Koenen & Duno|GENUS:Pseudalbizzia Britton & Rose|FAMILY:Fabaceae|ORDER:Fabales Bromhead|CLASS:Magnoliopsida|PHYLUM:Tracheophyta|SUBKINGDOM:Pteridobiotina Britton & Brown|KINGDOM:Plantae|DOMAIN:Eukaryota (Chatton, 1925) Whittaker & Margulis, 1978","Plantae","Tracheophyta","Magnoliopsida","Fabales Bromhead","Fabaceae","Pseudalbizzia Britton & Rose"
"Albizia forbesii","","5TVTS","5TVTS","9CJNC","Albizia forbesii Benth.","Albizia forbesii","Benth.","accepted","Albizia forbesii Benth.","GENUS:Albizia Durazz.|FAMILY:Fabaceae|ORDER:Fabales Bromhead|CLASS:Magnoliopsida|PHYLUM:Tracheophyta|SUBKINGDOM:Pteridobiotina Britton & Brown|KINGDOM:Plantae|DOMAIN:Eukaryota (Chatton, 1925) Whittaker & Margulis, 1978","Plantae","Tracheophyta","Magnoliopsida","Fabales Bromhead","Fabaceae","Albizia Durazz."
"Albizia glaberrima","","BG6G","BG6G","9CJNC","Albizia glaberrima (Schumach. & Thonn.) Benth.","Albizia glaberrima","(Schumach. & Thonn.) Benth.","accepted","Albizia glaberrima (Schumach. & Thonn.) Benth.","GENUS:Albizia Durazz.|FAMILY:Fabaceae|ORDER:Fabales Bromhead|CLASS:Magnoliopsida|PHYLUM:Tracheophyta|SUBKINGDOM:Pteridobiotina Britton & Brown|KINGDOM:Plantae|DOMAIN:Eukaryota (Chatton, 1925) Whittaker & Margulis, 1978","Plantae","Tracheophyta","Magnoliopsida","Fabales Bromhead","Fabaceae","Albizia Durazz."
"Albizia glabripetala","","BG6K","BTSFF","BTSFF","Albizia glabripetala (H.S.Irwin) G.J.Lewis & P.E.Owen","Albizia glabripetala","(H.S.Irwin) G.J.Lewis & P.E.Owen","synonym","Pseudalbizzia glabripetala (H.S.Irwin) E.J.M.Koenen & Duno","SPECIES:Pseudalbizzia glabripetala (H.S.Irwin) E.J.M.Koenen & Duno|GENUS:Pseudalbizzia Britton & Rose|FAMILY:Fabaceae|ORDER:Fabales Bromhead|CLASS:Magnoliopsida|PHYLUM:Tracheophyta|SUBKINGDOM:Pteridobiotina Britton & Brown|KINGDOM:Plantae|DOMAIN:Eukaryota (Chatton, 1925) Whittaker & Margulis, 1978","Plantae","Tracheophyta","Magnoliopsida","Fabales Bromhead","Fabaceae","Pseudalbizzia Britton & Rose"
"Albizia grandibracteata","","BG6P","BG6P","9CJNC","Albizia grandibracteata Taub.","Albizia grandibracteata","Taub.","accepted","Albizia grandibracteata Taub.","GENUS:Albizia Durazz.|FAMILY:Fabaceae|ORDER:Fabales Bromhead|CLASS:Magnoliopsida|PHYLUM:Tracheophyta|SUBKINGDOM:Pteridobiotina Britton & Brown|KINGDOM:Plantae|DOMAIN:Eukaryota (Chatton, 1925) Whittaker & Margulis, 1978","Plantae","Tracheophyta","Magnoliopsida","Fabales Bromhead","Fabaceae","Albizia Durazz."
"Albizia greveana","","BG6R","BG6R","9CJNC","Albizia greveana (Baill.) R.Baron","Albizia greveana","(Baill.) R.Baron","accepted","Albizia greveana (Baill.) R.Baron","GENUS:Albizia Durazz.|FAMILY:Fabaceae|ORDER:Fabales Bromhead|CLASS:Magnoliopsida|PHYLUM:Tracheophyta|SUBKINGDOM:Pteridobiotina Britton & Brown|KINGDOM:Plantae|DOMAIN:Eukaryota (Chatton, 1925) Whittaker & Margulis, 1978","Plantae","Tracheophyta","Magnoliopsida","Fabales Bromhead","Fabaceae","Albizia Durazz."
"Albizia guachapele","","BG6S","78GX8","78GX8","Albizia guachapele (Kunth) Dugand","Albizia guachapele","(Kunth) Dugand","synonym","Pseudosamanea guachapele (Kunth) Harms","SPECIES:Pseudosamanea guachapele (Kunth) Harms|GENUS:Pseudosamanea Harms|FAMILY:Fabaceae|ORDER:Fabales Bromhead|CLASS:Magnoliopsida|PHYLUM:Tracheophyta|SUBKINGDOM:Pteridobiotina Britton & Brown|KINGDOM:Plantae|DOMAIN:Eukaryota (Chatton, 1925) Whittaker & Margulis, 1978","Plantae","Tracheophyta","Magnoliopsida","Fabales Bromhead","Fabaceae","Pseudosamanea Harms"
"Albizia gummifera","","BG6W","BG6W","9CJNC","Albizia gummifera (J.F.Gmel.) C.A.Sm.","Albizia gummifera","(J.F.Gmel.) C.A.Sm.","accepted","Albizia gummifera (J.F.Gmel.) C.A.Sm.","GENUS:Albizia Durazz.|FAMILY:Fabaceae|ORDER:Fabales Bromhead|CLASS:Magnoliopsida|PHYLUM:Tracheophyta|SUBKINGDOM:Pteridobiotina Britton & Brown|KINGDOM:Plantae|DOMAIN:Eukaryota (Chatton, 1925) Whittaker & Margulis, 1978","Plantae","Tracheophyta","Magnoliopsida","Fabales Bromhead","Fabaceae","Albizia Durazz."
"Albizia harveyi","","BG6X","BG6X","9CJNC","Albizia harveyi E.Fourn.","Albizia harveyi","E.Fourn.","accepted","Albizia harveyi E.Fourn.","GENUS:Albizia Durazz.|FAMILY:Fabaceae|ORDER:Fabales Bromhead|CLASS:Magnoliopsida|PHYLUM:Tracheophyta|SUBKINGDOM:Pteridobiotina Britton & Brown|KINGDOM:Plantae|DOMAIN:Eukaryota (Chatton, 1925) Whittaker & Margulis, 1978","Plantae","Tracheophyta","Magnoliopsida","Fabales Bromhead","Fabaceae","Albizia Durazz."
"Albizia inundata","","BG78","BT7M2","BT7M2","Albizia inundata (Mart.) Barneby & J.W.Grimes","Albizia inundata","(Mart.) Barneby & J.W.Grimes","synonym","Pseudalbizzia inundata (Mart.) E.J.M.Koenen & Duno","SPECIES:Pseudalbizzia inundata (Mart.) E.J.M.Koenen & Duno|GENUS:Pseudalbizzia Britton & Rose|FAMILY:Fabaceae|ORDER:Fabales Bromhead|CLASS:Magnoliopsida|PHYLUM:Tracheophyta|SUBKINGDOM:Pteridobiotina Britton & Brown|KINGDOM:Plantae|DOMAIN:Eukaryota (Chatton, 1925) Whittaker & Margulis, 1978","Plantae","Tracheophyta","Magnoliopsida","Fabales Bromhead","Fabaceae","Pseudalbizzia Britton & Rose"
"Albizia julibrissin","","BG7G","BG7G","9CJNC","Albizia julibrissin Durazz.","Albizia julibrissin","Durazz.","accepted","Albizia julibrissin Durazz.","GENUS:Albizia Durazz.|FAMILY:Fabaceae|ORDER:Fabales Bromhead|CLASS:Magnoliopsida|PHYLUM:Tracheophyta|SUBKINGDOM:Pteridobiotina Britton & Brown|KINGDOM:Plantae|DOMAIN:Eukaryota (Chatton, 1925) Whittaker & Margulis, 1978","Plantae","Tracheophyta","Magnoliopsida","Fabales Bromhead","Fabaceae","Albizia Durazz."
"Albizia kalkora","","BG7K","BG7K","9CJNC","Albizia kalkora (Roxb.) Prain","Albizia kalkora","(Roxb.) Prain","accepted","Albizia kalkora (Roxb.) Prain","GENUS:Albizia Durazz.|FAMILY:Fabaceae|ORDER:Fabales Bromhead|CLASS:Magnoliopsida|PHYLUM:Tracheophyta|SUBKINGDOM:Pteridobiotina Britton & Brown|KINGDOM:Plantae|DOMAIN:Eukaryota (Chatton, 1925) Whittaker & Margulis, 1978","Plantae","Tracheophyta","Magnoliopsida","Fabales Bromhead","Fabaceae","Albizia Durazz."
"Albizia kostermansii","","BG7L","BG7L","9CJNC","Albizia kostermansii I.C.Nielsen","Albizia kostermansii","I.C.Nielsen","accepted","Albizia kostermansii I.C.Nielsen","GENUS:Albizia Durazz.|FAMILY:Fabaceae|ORDER:Fabales Bromhead|CLASS:Magnoliopsida|PHYLUM:Tracheophyta|SUBKINGDOM:Pteridobiotina Britton & Brown|KINGDOM:Plantae|DOMAIN:Eukaryota (Chatton, 1925) Whittaker & Margulis, 1978","Plantae","Tracheophyta","Magnoliopsida","Fabales Bromhead","Fabaceae","Albizia Durazz."
"Albizia lebbekoides","","BG7Y","BG7Y","9CJNC","Albizia lebbekoides (DC.) Benth.","Albizia lebbekoides","(DC.) Benth.","accepted","Albizia lebbekoides (DC.) Benth.","GENUS:Albizia Durazz.|FAMILY:Fabaceae|ORDER:Fabales Bromhead|CLASS:Magnoliopsida|PHYLUM:Tracheophyta|SUBKINGDOM:Pteridobiotina Britton & Brown|KINGDOM:Plantae|DOMAIN:Eukaryota (Chatton, 1925) Whittaker & Margulis, 1978","Plantae","Tracheophyta","Magnoliopsida","Fabales Bromhead","Fabaceae","Albizia Durazz."
"Albizia leonardii","","","","","","","","","","","","","","","",""
"Albizia mahalao","","BG8L","BG8L","9CJNC","Albizia mahalao Capuron","Albizia mahalao","Capuron","accepted","Albizia mahalao Capuron","GENUS:Albizia Durazz.|FAMILY:Fabaceae|ORDER:Fabales Bromhead|CLASS:Magnoliopsida|PHYLUM:Tracheophyta|SUBKINGDOM:Pteridobiotina Britton & Brown|KINGDOM:Plantae|DOMAIN:Eukaryota (Chatton, 1925) Whittaker & Margulis, 1978","Plantae","Tracheophyta","Magnoliopsida","Fabales Bromhead","Fabaceae","Albizia Durazz."
"Albizia mainaea","","BG8M","BG8M","9CJNC","Albizia mainaea Villiers","Albizia mainaea","Villiers","accepted","Albizia mainaea Villiers","GENUS:Albizia Durazz.|FAMILY:Fabaceae|ORDER:Fabales Bromhead|CLASS:Magnoliopsida|PHYLUM:Tracheophyta|SUBKINGDOM:Pteridobiotina Britton & Brown|KINGDOM:Plantae|DOMAIN:Eukaryota (Chatton, 1925) Whittaker & Margulis, 1978","Plantae","Tracheophyta","Magnoliopsida","Fabales Bromhead","Fabaceae","Albizia Durazz."
"Albizia malacophylla","","BG8P","BG8P","9CJNC","Albizia malacophylla (A.Rich.) Walp.","Albizia malacophylla","(A.Rich.) Walp.","accepted","Albizia malacophylla (A.Rich.) Walp.","GENUS:Albizia Durazz.|FAMILY:Fabaceae|ORDER:Fabales Bromhead|CLASS:Magnoliopsida|PHYLUM:Tracheophyta|SUBKINGDOM:Pteridobiotina Britton & Brown|KINGDOM:Plantae|DOMAIN:Eukaryota (Chatton, 1925) Whittaker & Margulis, 1978","Plantae","Tracheophyta","Magnoliopsida","Fabales Bromhead","Fabaceae","Albizia Durazz."
"Albizia masikororum","","BG8V","BG8V","9CJNC","Albizia masikororum R.Vig.","Albizia masikororum","R.Vig.","accepted","Albizia masikororum R.Vig.","GENUS:Albizia Durazz.|FAMILY:Fabaceae|ORDER:Fabales Bromhead|CLASS:Magnoliopsida|PHYLUM:Tracheophyta|SUBKINGDOM:Pteridobiotina Britton & Brown|KINGDOM:Plantae|DOMAIN:Eukaryota (Chatton, 1925) Whittaker & Margulis, 1978","Plantae","Tracheophyta","Magnoliopsida","Fabales Bromhead","Fabaceae","Albizia Durazz."
"Albizia multiflora","","BG9D","BTSFG","BTSFG","Albizia multiflora (Kunth) Barneby & J.W.Grimes","Albizia multiflora","(Kunth) Barneby & J.W.Grimes","synonym","Pseudalbizzia multiflora (Kunth) E.J.M.Koenen & Duno","SPECIES:Pseudalbizzia multiflora (Kunth) E.J.M.Koenen & Duno|GENUS:Pseudalbizzia Britton & Rose|FAMILY:Fabaceae|ORDER:Fabales Bromhead|CLASS:Magnoliopsida|PHYLUM:Tracheophyta|SUBKINGDOM:Pteridobiotina Britton & Brown|KINGDOM:Plantae|DOMAIN:Eukaryota (Chatton, 1925) Whittaker & Margulis, 1978","Plantae","Tracheophyta","Magnoliopsida","Fabales Bromhead","Fabaceae","Pseudalbizzia Britton & Rose"
"Albizia myriophylla","","BG9F","BG9F","9CJNC","Albizia myriophylla Benth.","Albizia myriophylla","Benth.","accepted","Albizia myriophylla Benth.","GENUS:Albizia Durazz.|FAMILY:Fabaceae|ORDER:Fabales Bromhead|CLASS:Magnoliopsida|PHYLUM:Tracheophyta|SUBKINGDOM:Pteridobiotina Britton & Brown|KINGDOM:Plantae|DOMAIN:Eukaryota (Chatton, 1925) Whittaker & Margulis, 1978","Plantae","Tracheophyta","Magnoliopsida","Fabales Bromhead","Fabaceae","Albizia Durazz."
"Albizia niopoides","","BG9M","BTSFH","BTSFH","Albizia niopoides (Spruce ex Benth.) Burkart","Albizia niopoides","(Spruce ex Benth.) Burkart","synonym","Pseudalbizzia niopoides (Spruce ex Benth.) E.J.M.Koenen & Duno","SPECIES:Pseudalbizzia niopoides (Spruce ex Benth.) E.J.M.Koenen & Duno|GENUS:Pseudalbizzia Britton & Rose|FAMILY:Fabaceae|ORDER:Fabales Bromhead|CLASS:Magnoliopsida|PHYLUM:Tracheophyta|SUBKINGDOM:Pteridobiotina Britton & Brown|KINGDOM:Plantae|DOMAIN:Eukaryota (Chatton, 1925) Whittaker & Margulis, 1978","Plantae","Tracheophyta","Magnoliopsida","Fabales Bromhead","Fabaceae","Pseudalbizzia Britton & Rose"
"Albizia obliquifoliolata","","BG9S","BT3GQ","BT3GQ","Albizia obliquifoliolata De Wild.","Albizia obliquifoliolata","De Wild.","synonym","Hydrochorea obliquifoliolata (De Wild.) E.J.M.Koenen","SPECIES:Hydrochorea obliquifoliolata (De Wild.) E.J.M.Koenen|GENUS:Hydrochorea Barneby & J.W.Grimes|FAMILY:Fabaceae|ORDER:Fabales Bromhead|CLASS:Magnoliopsida|PHYLUM:Tracheophyta|SUBKINGDOM:Pteridobiotina Britton & Brown|KINGDOM:Plantae|DOMAIN:Eukaryota (Chatton, 1925) Whittaker & Margulis, 1978","Plantae","Tracheophyta","Magnoliopsida","Fabales Bromhead","Fabaceae","Hydrochorea Barneby & J.W.Grimes"
"Albizia odoratissima","","BG9V","BG9V","9CJNC","Albizia odoratissima (L.f.) Benth.","Albizia odoratissima","(L.f.) Benth.","accepted","Albizia odoratissima (L.f.) Benth.","GENUS:Albizia Durazz.|FAMILY:Fabaceae|ORDER:Fabales Bromhead|CLASS:Magnoliopsida|PHYLUM:Tracheophyta|SUBKINGDOM:Pteridobiotina Britton & Brown|KINGDOM:Plantae|DOMAIN:Eukaryota (Chatton, 1925) Whittaker & Margulis, 1978","Plantae","Tracheophyta","Magnoliopsida","Fabales Bromhead","Fabaceae","Albizia Durazz."
"Albizia pedicellaris","","5TVTQ","BT3GT","BT3GT","Albizia pedicellaris (DC.) L.Rico","Albizia pedicellaris","(DC.) L.Rico","synonym","Hydrochorea pedicellaris (DC.) M.V.B.Soares, Iganci & M.P.Morim","SPECIES:Hydrochorea pedicellaris (DC.) M.V.B.Soares, Iganci & M.P.Morim|GENUS:Hydrochorea Barneby & J.W.Grimes|FAMILY:Fabaceae|ORDER:Fabales Bromhead|CLASS:Magnoliopsida|PHYLUM:Tracheophyta|SUBKINGDOM:Pteridobiotina Britton & Brown|KINGDOM:Plantae|DOMAIN:Eukaryota (Chatton, 1925) Whittaker & Margulis, 1978","Plantae","Tracheophyta","Magnoliopsida","Fabales Bromhead","Fabaceae","Hydrochorea Barneby & J.W.Grimes"
"Albizia pistaciifolia","","667TQ","BTSFJ","BTSFJ","Albizia pistaciifolia (Willd.) Barneby & J.W.Grimes","Albizia pistaciifolia","(Willd.) Barneby & J.W.Grimes","synonym","Pseudalbizzia pistaciifolia (Willd.) E.J.M.Koenen & Duno","SPECIES:Pseudalbizzia pistaciifolia (Willd.) E.J.M.Koenen & Duno|GENUS:Pseudalbizzia Britton & Rose|FAMILY:Fabaceae|ORDER:Fabales Bromhead|CLASS:Magnoliopsida|PHYLUM:Tracheophyta|SUBKINGDOM:Pteridobiotina Britton & Brown|KINGDOM:Plantae|DOMAIN:Eukaryota (Chatton, 1925) Whittaker & Margulis, 1978","Plantae","Tracheophyta","Magnoliopsida","Fabales Bromhead","Fabaceae","Pseudalbizzia Britton & Rose"
"Albizia polycephala","","5TVTR","BTSFK","BTSFK","Albizia polycephala (Benth.) Killip","Albizia polycephala","(Benth.) Killip","synonym","Pseudalbizzia polycephala (Benth.) E.J.M.Koenen & Duno","SPECIES:Pseudalbizzia polycephala (Benth.) E.J.M.Koenen & Duno|GENUS:Pseudalbizzia Britton & Rose|FAMILY:Fabaceae|ORDER:Fabales Bromhead|CLASS:Magnoliopsida|PHYLUM:Tracheophyta|SUBKINGDOM:Pteridobiotina Britton & Brown|KINGDOM:Plantae|DOMAIN:Eukaryota (Chatton, 1925) Whittaker & Margulis, 1978","Plantae","Tracheophyta","Magnoliopsida","Fabales Bromhead","Fabaceae","Pseudalbizzia Britton & Rose"
"Albizia polyphylla","","5TW5R","5TW5R","9CJNC","Albizia polyphylla E.Fourn.","Albizia polyphylla","E.Fourn.","accepted","Albizia polyphylla E.Fourn.","GENUS:Albizia Durazz.|FAMILY:Fabaceae|ORDER:Fabales Bromhead|CLASS:Magnoliopsida|PHYLUM:Tracheophyta|SUBKINGDOM:Pteridobiotina Britton & Brown|KINGDOM:Plantae|DOMAIN:Eukaryota (Chatton, 1925) Whittaker & Margulis, 1978","Plantae","Tracheophyta","Magnoliopsida","Fabales Bromhead","Fabaceae","Albizia Durazz."
"Albizia procera","","5TW63","5TW63","9CJNC","Albizia procera (Roxb.) Benth.","Albizia procera","(Roxb.) Benth.","accepted","Albizia procera (Roxb.) Benth.","GENUS:Albizia Durazz.|FAMILY:Fabaceae|ORDER:Fabales Bromhead|CLASS:Magnoliopsida|PHYLUM:Tracheophyta|SUBKINGDOM:Pteridobiotina Britton & Brown|KINGDOM:Plantae|DOMAIN:Eukaryota (Chatton, 1925) Whittaker & Margulis, 1978","Plantae","Tracheophyta","Magnoliopsida","Fabales Bromhead","Fabaceae","Albizia Durazz."
"Albizia saman","","9CNR6","6XGBZ","6XGBZ","Albizia saman (Jacq.) F.Muell.","Albizia saman","(Jacq.) F.Muell.","synonym","Samanea saman (Jacq.) Merr.","SPECIES:Samanea saman (Jacq.) Merr.|GENUS:Samanea (Benth.) Merr.|FAMILY:Fabaceae|ORDER:Fabales Bromhead|CLASS:Magnoliopsida|PHYLUM:Tracheophyta|SUBKINGDOM:Pteridobiotina Britton & Brown|KINGDOM:Plantae|DOMAIN:Eukaryota (Chatton, 1925) Whittaker & Margulis, 1978","Plantae","Tracheophyta","Magnoliopsida","Fabales Bromhead","Fabaceae","Samanea (Benth.) Merr."
"Albizia saponaria","","BGB8","BGB8","9CJNC","Albizia saponaria (Lour.) Blume ex Miq.","Albizia saponaria","(Lour.) Blume ex Miq.","accepted","Albizia saponaria (Lour.) Blume ex Miq.","GENUS:Albizia Durazz.|FAMILY:Fabaceae|ORDER:Fabales Bromhead|CLASS:Magnoliopsida|PHYLUM:Tracheophyta|SUBKINGDOM:Pteridobiotina Britton & Brown|KINGDOM:Plantae|DOMAIN:Eukaryota (Chatton, 1925) Whittaker & Margulis, 1978","Plantae","Tracheophyta","Magnoliopsida","Fabales Bromhead","Fabaceae","Albizia Durazz."
"Albizia schimperiana","","BGBD","BGBD","9CJNC","Albizia schimperiana Oliv.","Albizia schimperiana","Oliv.","accepted","Albizia schimperiana Oliv.","GENUS:Albizia Durazz.|FAMILY:Fabaceae|ORDER:Fabales Bromhead|CLASS:Magnoliopsida|PHYLUM:Tracheophyta|SUBKINGDOM:Pteridobiotina Britton & Brown|KINGDOM:Plantae|DOMAIN:Eukaryota (Chatton, 1925) Whittaker & Margulis, 1978","Plantae","Tracheophyta","Magnoliopsida","Fabales Bromhead","Fabaceae","Albizia Durazz."
"Albizia sinaloensis","","BGBK","BTSFL","BTSFL","Albizia sinaloensis Britton & Rose","Albizia sinaloensis","Britton & Rose","synonym","Pseudalbizzia sinaloensis (Britton & Rose) E.J.M.Koenen & Duno","SPECIES:Pseudalbizzia sinaloensis (Britton & Rose) E.J.M.Koenen & Duno|GENUS:Pseudalbizzia Britton & Rose|FAMILY:Fabaceae|ORDER:Fabales Bromhead|CLASS:Magnoliopsida|PHYLUM:Tracheophyta|SUBKINGDOM:Pteridobiotina Britton & Brown|KINGDOM:Plantae|DOMAIN:Eukaryota (Chatton, 1925) Whittaker & Margulis, 1978","Plantae","Tracheophyta","Magnoliopsida","Fabales Bromhead","Fabaceae","Pseudalbizzia Britton & Rose"
"Albizia subdimidiata","","BGBS","BTSFM","BTSFM","Albizia subdimidiata (Splitg.) Barneby & J.W.Grimes","Albizia subdimidiata","(Splitg.) Barneby & J.W.Grimes","synonym","Pseudalbizzia subdimidiata (Splitg.) E.J.M.Koenen & Duno","SPECIES:Pseudalbizzia subdimidiata (Splitg.) E.J.M.Koenen & Duno|GENUS:Pseudalbizzia Britton & Rose|FAMILY:Fabaceae|ORDER:Fabales Bromhead|CLASS:Magnoliopsida|PHYLUM:Tracheophyta|SUBKINGDOM:Pteridobiotina Britton & Brown|KINGDOM:Plantae|DOMAIN:Eukaryota (Chatton, 1925) Whittaker & Margulis, 1978","Plantae","Tracheophyta","Magnoliopsida","Fabales Bromhead","Fabaceae","Pseudalbizzia Britton & Rose"
"Albizia tanganyicensis","","BGBW","BGBW","9CJNC","Albizia tanganyicensis Baker f.","Albizia tanganyicensis","Baker f.","accepted","Albizia tanganyicensis Baker f.","GENUS:Albizia Durazz.|FAMILY:Fabaceae|ORDER:Fabales Bromhead|CLASS:Magnoliopsida|PHYLUM:Tracheophyta|SUBKINGDOM:Pteridobiotina Britton & Brown|KINGDOM:Plantae|DOMAIN:Eukaryota (Chatton, 1925) Whittaker & Margulis, 1978","Plantae","Tracheophyta","Magnoliopsida","Fabales Bromhead","Fabaceae","Albizia Durazz."
"Albizia tomentosa","","BGC5","BTSFN","BTSFN","Albizia tomentosa (Micheli) Standl.","Albizia tomentosa","(Micheli) Standl.","synonym","Pseudalbizzia tomentosa (Micheli) E.J.M.Koenen & Duno","SPECIES:Pseudalbizzia tomentosa (Micheli) E.J.M.Koenen & Duno|GENUS:Pseudalbizzia Britton & Rose|FAMILY:Fabaceae|ORDER:Fabales Bromhead|CLASS:Magnoliopsida|PHYLUM:Tracheophyta|SUBKINGDOM:Pteridobiotina Britton & Brown|KINGDOM:Plantae|DOMAIN:Eukaryota (Chatton, 1925) Whittaker & Margulis, 1978","Plantae","Tracheophyta","Magnoliopsida","Fabales Bromhead","Fabaceae","Pseudalbizzia Britton & Rose"
"Albizia tulearensis","","5TW69","5TW69","9CJNC","Albizia tulearensis R.Vig.","Albizia tulearensis","R.Vig.","accepted","Albizia tulearensis R.Vig.","GENUS:Albizia Durazz.|FAMILY:Fabaceae|ORDER:Fabales Bromhead|CLASS:Magnoliopsida|PHYLUM:Tracheophyta|SUBKINGDOM:Pteridobiotina Britton & Brown|KINGDOM:Plantae|DOMAIN:Eukaryota (Chatton, 1925) Whittaker & Margulis, 1978","Plantae","Tracheophyta","Magnoliopsida","Fabales Bromhead","Fabaceae","Albizia Durazz."
"Albizia versicolor","","BGCJ","BGCJ","9CJNC","Albizia versicolor Welw. ex Oliv.","Albizia versicolor","Welw. ex Oliv.","accepted","Albizia versicolor Welw. ex Oliv.","GENUS:Albizia Durazz.|FAMILY:Fabaceae|ORDER:Fabales Bromhead|CLASS:Magnoliopsida|PHYLUM:Tracheophyta|SUBKINGDOM:Pteridobiotina Britton & Brown|KINGDOM:Plantae|DOMAIN:Eukaryota (Chatton, 1925) Whittaker & Margulis, 1978","Plantae","Tracheophyta","Magnoliopsida","Fabales Bromhead","Fabaceae","Albizia Durazz."
"Albizia viridis","","BGCL","BGCL","9CJNC","Albizia viridis E.Fourn.","Albizia viridis","E.Fourn.","accepted","Albizia viridis E.Fourn.","GENUS:Albizia Durazz.|FAMILY:Fabaceae|ORDER:Fabales Bromhead|CLASS:Magnoliopsida|PHYLUM:Tracheophyta|SUBKINGDOM:Pteridobiotina Britton & Brown|KINGDOM:Plantae|DOMAIN:Eukaryota (Chatton, 1925) Whittaker & Margulis, 1978","Plantae","Tracheophyta","Magnoliopsida","Fabales Bromhead","Fabaceae","Albizia Durazz."
"Albizia zygia","","65W69","65W69","9CJNC","Albizia zygia (DC.) J.F.Macbr.","Albizia zygia","(DC.) J.F.Macbr.","accepted","Albizia zygia (DC.) J.F.Macbr.","GENUS:Albizia Durazz.|FAMILY:Fabaceae|ORDER:Fabales Bromhead|CLASS:Magnoliopsida|PHYLUM:Tracheophyta|SUBKINGDOM:Pteridobiotina Britton & Brown|KINGDOM:Plantae|DOMAIN:Eukaryota (Chatton, 1925) Whittaker & Margulis, 1978","Plantae","Tracheophyta","Magnoliopsida","Fabales Bromhead","Fabaceae","Albizia Durazz."
"Anadenanthera peregrina","","DCKQ","DCKQ","9CJRG","Anadenanthera peregrina (L.) Speg.","Anadenanthera peregrina","(L.) Speg.","accepted","Anadenanthera peregrina (L.) Speg.","GENUS:Anadenanthera Speg.|FAMILY:Fabaceae|ORDER:Fabales Bromhead|CLASS:Magnoliopsida|PHYLUM:Tracheophyta|SUBKINGDOM:Pteridobiotina Britton & Brown|KINGDOM:Plantae|DOMAIN:Eukaryota (Chatton, 1925) Whittaker & Margulis, 1978","Plantae","Tracheophyta","Magnoliopsida","Fabales Bromhead","Fabaceae","Anadenanthera Speg."
"Archidendron borneense","","G8T2","G8T2","9CJYT","Archidendron borneense (Benth.) I.C.Nielsen","Archidendron borneense","(Benth.) I.C.Nielsen","accepted","Archidendron borneense (Benth.) I.C.Nielsen","GENUS:Archidendron F.Muell.|FAMILY:Fabaceae|ORDER:Fabales Bromhead|CLASS:Magnoliopsida|PHYLUM:Tracheophyta|SUBKINGDOM:Pteridobiotina Britton & Brown|KINGDOM:Plantae|DOMAIN:Eukaryota (Chatton, 1925) Whittaker & Margulis, 1978","Plantae","Tracheophyta","Magnoliopsida","Fabales Bromhead","Fabaceae","Archidendron F.Muell."
"Archidendron chevalieri","","G8T9","G8T9","9CJYT","Archidendron chevalieri (Kosterm.) I.C.Nielsen","Archidendron chevalieri","(Kosterm.) I.C.Nielsen","accepted","Archidendron chevalieri (Kosterm.) I.C.Nielsen","GENUS:Archidendron F.Muell.|FAMILY:Fabaceae|ORDER:Fabales Bromhead|CLASS:Magnoliopsida|PHYLUM:Tracheophyta|SUBKINGDOM:Pteridobiotina Britton & Brown|KINGDOM:Plantae|DOMAIN:Eukaryota (Chatton, 1925) Whittaker & Margulis, 1978","Plantae","Tracheophyta","Magnoliopsida","Fabales Bromhead","Fabaceae","Archidendron F.Muell."
"Archidendron clypearia","","G8TB","G8TB","9CJYT","Archidendron clypearia (Jack) I.C.Nielsen","Archidendron clypearia","(Jack) I.C.Nielsen","accepted","Archidendron clypearia (Jack) I.C.Nielsen","GENUS:Archidendron F.Muell.|FAMILY:Fabaceae|ORDER:Fabales Bromhead|CLASS:Magnoliopsida|PHYLUM:Tracheophyta|SUBKINGDOM:Pteridobiotina Britton & Brown|KINGDOM:Plantae|DOMAIN:Eukaryota (Chatton, 1925) Whittaker & Margulis, 1978","Plantae","Tracheophyta","Magnoliopsida","Fabales Bromhead","Fabaceae","Archidendron F.Muell."
"Archidendron eberhardtii","","G8TK","G8TK","9CJYT","Archidendron eberhardtii I.C.Nielsen","Archidendron eberhardtii","I.C.Nielsen","accepted","Archidendron eberhardtii I.C.Nielsen","GENUS:Archidendron F.Muell.|FAMILY:Fabaceae|ORDER:Fabales Bromhead|CLASS:Magnoliopsida|PHYLUM:Tracheophyta|SUBKINGDOM:Pteridobiotina Britton & Brown|KINGDOM:Plantae|DOMAIN:Eukaryota (Chatton, 1925) Whittaker & Margulis, 1978","Plantae","Tracheophyta","Magnoliopsida","Fabales Bromhead","Fabaceae","Archidendron F.Muell."
"Archidendron ellipticum","","G8TN","G8TN","9CJYT","Archidendron ellipticum (Blume) I.C.Nielsen","Archidendron ellipticum","(Blume) I.C.Nielsen","accepted","Archidendron ellipticum (Blume) I.C.Nielsen","GENUS:Archidendron F.Muell.|FAMILY:Fabaceae|ORDER:Fabales Bromhead|CLASS:Magnoliopsida|PHYLUM:Tracheophyta|SUBKINGDOM:Pteridobiotina Britton & Brown|KINGDOM:Plantae|DOMAIN:Eukaryota (Chatton, 1925) Whittaker & Margulis, 1978","Plantae","Tracheophyta","Magnoliopsida","Fabales Bromhead","Fabaceae","Archidendron F.Muell."
"Archidendron glabrum","","G8TV","G8TV","9CJYT","Archidendron glabrum (K.Schum.) K.Schum. & Lauterb.","Archidendron glabrum","(K.Schum.) K.Schum. & Lauterb.","accepted","Archidendron glabrum (K.Schum.) K.Schum. & Lauterb.","GENUS:Archidendron F.Muell.|FAMILY:Fabaceae|ORDER:Fabales Bromhead|CLASS:Magnoliopsida|PHYLUM:Tracheophyta|SUBKINGDOM:Pteridobiotina Britton & Brown|KINGDOM:Plantae|DOMAIN:Eukaryota (Chatton, 1925) Whittaker & Margulis, 1978","Plantae","Tracheophyta","Magnoliopsida","Fabales Bromhead","Fabaceae","Archidendron F.Muell."
"Archidendron glomeriflorum","","G8TY","G8TY","9CJYT","Archidendron glomeriflorum (Kurz) I.C.Nielsen","Archidendron glomeriflorum","(Kurz) I.C.Nielsen","accepted","Archidendron glomeriflorum (Kurz) I.C.Nielsen","GENUS:Archidendron F.Muell.|FAMILY:Fabaceae|ORDER:Fabales Bromhead|CLASS:Magnoliopsida|PHYLUM:Tracheophyta|SUBKINGDOM:Pteridobiotina Britton & Brown|KINGDOM:Plantae|DOMAIN:Eukaryota (Chatton, 1925) Whittaker & Margulis, 1978","Plantae","Tracheophyta","Magnoliopsida","Fabales Bromhead","Fabaceae","Archidendron F.Muell."
"Archidendron jiringa","","67PTM","67PTM","9CJYT","Archidendron jiringa (Jack) I.C.Nielsen","Archidendron jiringa","(Jack) I.C.Nielsen","accepted","Archidendron jiringa (Jack) I.C.Nielsen","GENUS:Archidendron F.Muell.|FAMILY:Fabaceae|ORDER:Fabales Bromhead|CLASS:Magnoliopsida|PHYLUM:Tracheophyta|SUBKINGDOM:Pteridobiotina Britton & Brown|KINGDOM:Plantae|DOMAIN:Eukaryota (Chatton, 1925) Whittaker & Margulis, 1978","Plantae","Tracheophyta","Magnoliopsida","Fabales Bromhead","Fabaceae","Archidendron F.Muell."
"Archidendron lucyi","","5W25S","5W25S","9CJYT","Archidendron lucyi F.Muell.","Archidendron lucyi","F.Muell.","accepted","Archidendron lucyi F.Muell.","GENUS:Archidendron F.Muell.|FAMILY:Fabaceae|ORDER:Fabales Bromhead|CLASS:Magnoliopsida|PHYLUM:Tracheophyta|SUBKINGDOM:Pteridobiotina Britton & Brown|KINGDOM:Plantae|DOMAIN:Eukaryota (Chatton, 1925) Whittaker & Margulis, 1978","Plantae","Tracheophyta","Magnoliopsida","Fabales Bromhead","Fabaceae","Archidendron F.Muell."
"Archidendron ptenopum","","G8VK","G8VK","9CJYT","Archidendron ptenopum Verdc.","Archidendron ptenopum","Verdc.","accepted","Archidendron ptenopum Verdc.","GENUS:Archidendron F.Muell.|FAMILY:Fabaceae|ORDER:Fabales Bromhead|CLASS:Magnoliopsida|PHYLUM:Tracheophyta|SUBKINGDOM:Pteridobiotina Britton & Brown|KINGDOM:Plantae|DOMAIN:Eukaryota (Chatton, 1925) Whittaker & Margulis, 1978","Plantae","Tracheophyta","Magnoliopsida","Fabales Bromhead","Fabaceae","Archidendron F.Muell."
"Archidendron robinsonii","","G8VP","G8VP","9CJYT","Archidendron robinsonii (Gagnep.) I.C.Nielsen","Archidendron robinsonii","(Gagnep.) I.C.Nielsen","accepted","Archidendron robinsonii (Gagnep.) I.C.Nielsen","GENUS:Archidendron F.Muell.|FAMILY:Fabaceae|ORDER:Fabales Bromhead|CLASS:Magnoliopsida|PHYLUM:Tracheophyta|SUBKINGDOM:Pteridobiotina Britton & Brown|KINGDOM:Plantae|DOMAIN:Eukaryota (Chatton, 1925) Whittaker & Margulis, 1978","Plantae","Tracheophyta","Magnoliopsida","Fabales Bromhead","Fabaceae","Archidendron F.Muell."
"Archidendron scutiferum","","5VQ5R","5VQ5R","9CJYT","Archidendron scutiferum (Blanco) I.C.Nielsen","Archidendron scutiferum","(Blanco) I.C.Nielsen","accepted","Archidendron scutiferum (Blanco) I.C.Nielsen","GENUS:Archidendron F.Muell.|FAMILY:Fabaceae|ORDER:Fabales Bromhead|CLASS:Magnoliopsida|PHYLUM:Tracheophyta|SUBKINGDOM:Pteridobiotina Britton & Brown|KINGDOM:Plantae|DOMAIN:Eukaryota (Chatton, 1925) Whittaker & Margulis, 1978","Plantae","Tracheophyta","Magnoliopsida","Fabales Bromhead","Fabaceae","Archidendron F.Muell."
"Archidendron triplinervium","","G8W8","G8W8","9CJYT","Archidendron triplinervium (Kosterm.) I.C.Nielsen","Archidendron triplinervium","(Kosterm.) I.C.Nielsen","accepted","Archidendron triplinervium (Kosterm.) I.C.Nielsen","GENUS:Archidendron F.Muell.|FAMILY:Fabaceae|ORDER:Fabales Bromhead|CLASS:Magnoliopsida|PHYLUM:Tracheophyta|SUBKINGDOM:Pteridobiotina Britton & Brown|KINGDOM:Plantae|DOMAIN:Eukaryota (Chatton, 1925) Whittaker & Margulis, 1978","Plantae","Tracheophyta","Magnoliopsida","Fabales Bromhead","Fabaceae","Archidendron F.Muell."
"Archidendron utile","","5VQ63","5VQ63","9CJYT","Archidendron utile (Chun & F.C.How) I.C.Nielsen","Archidendron utile","(Chun & F.C.How) I.C.Nielsen","accepted","Archidendron utile (Chun & F.C.How) I.C.Nielsen","GENUS:Archidendron F.Muell.|FAMILY:Fabaceae|ORDER:Fabales Bromhead|CLASS:Magnoliopsida|PHYLUM:Tracheophyta|SUBKINGDOM:Pteridobiotina Britton & Brown|KINGDOM:Plantae|DOMAIN:Eukaryota (Chatton, 1925) Whittaker & Margulis, 1978","Plantae","Tracheophyta","Magnoliopsida","Fabales Bromhead","Fabaceae","Archidendron F.Muell."
"Archidendropsis basaltica","","G8WG","BTR3V","BTR3V","Archidendropsis basaltica (F.Muell.) I.C.Nielsen","Archidendropsis basaltica","(F.Muell.) I.C.Nielsen","synonym","Heliodendron basalticum (F.Muell.) Gill.K.Br. & Bayly","SPECIES:Heliodendron basalticum (F.Muell.) Gill.K.Br. & Bayly|GENUS:Heliodendron Gill.K.Br. & Bayly|FAMILY:Fabaceae|ORDER:Fabales Bromhead|CLASS:Magnoliopsida|PHYLUM:Tracheophyta|SUBKINGDOM:Pteridobiotina Britton & Brown|KINGDOM:Plantae|DOMAIN:Eukaryota (Chatton, 1925) Whittaker & Margulis, 1978","Plantae","Tracheophyta","Magnoliopsida","Fabales Bromhead","Fabaceae","Heliodendron Gill.K.Br. & Bayly"
"Archidendropsis fournieri","","9CVYB","9CVYB","9CJYV","Archidendropsis fournieri (Vieill.) I.C.Nielsen","Archidendropsis fournieri","(Vieill.) I.C.Nielsen","accepted","Archidendropsis fournieri (Vieill.) I.C.Nielsen","GENUS:Archidendropsis I.C.Nielsen|FAMILY:Fabaceae|ORDER:Fabales Bromhead|CLASS:Magnoliopsida|PHYLUM:Tracheophyta|SUBKINGDOM:Pteridobiotina Britton & Brown|KINGDOM:Plantae|DOMAIN:Eukaryota (Chatton, 1925) Whittaker & Margulis, 1978","Plantae","Tracheophyta","Magnoliopsida","Fabales Bromhead","Fabaceae","Archidendropsis I.C.Nielsen"
"Archidendropsis granulosa","","G8WK","G8WK","9CJYV","Archidendropsis granulosa (Labill.) I.C.Nielsen","Archidendropsis granulosa","(Labill.) I.C.Nielsen","accepted","Archidendropsis granulosa (Labill.) I.C.Nielsen","GENUS:Archidendropsis I.C.Nielsen|FAMILY:Fabaceae|ORDER:Fabales Bromhead|CLASS:Magnoliopsida|PHYLUM:Tracheophyta|SUBKINGDOM:Pteridobiotina Britton & Brown|KINGDOM:Plantae|DOMAIN:Eukaryota (Chatton, 1925) Whittaker & Margulis, 1978","Plantae","Tracheophyta","Magnoliopsida","Fabales Bromhead","Fabaceae","Archidendropsis I.C.Nielsen"
"Aubrevillea kerstingii","","JP79","JP79","9CK2P","Aubrevillea kerstingii (Harms) Pellegr.","Aubrevillea kerstingii","(Harms) Pellegr.","accepted","Aubrevillea kerstingii (Harms) Pellegr.","GENUS:Aubrevillea Pellegr.|FAMILY:Fabaceae|ORDER:Fabales Bromhead|CLASS:Magnoliopsida|PHYLUM:Tracheophyta|SUBKINGDOM:Pteridobiotina Britton & Brown|KINGDOM:Plantae|DOMAIN:Eukaryota (Chatton, 1925) Whittaker & Margulis, 1978","Plantae","Tracheophyta","Magnoliopsida","Fabales Bromhead","Fabaceae","Aubrevillea Pellegr."
"Balizia elegans","","KH8T","BT3GN","BT3GN","Balizia elegans (Ducke) Barneby & J.W.Grimes","Balizia elegans","(Ducke) Barneby & J.W.Grimes","synonym","Hydrochorea elegans (Ducke) M.V.B.Soares, Iganci & M.P.Morim","SPECIES:Hydrochorea elegans (Ducke) M.V.B.Soares, Iganci & M.P.Morim|GENUS:Hydrochorea Barneby & J.W.Grimes|FAMILY:Fabaceae|ORDER:Fabales Bromhead|CLASS:Magnoliopsida|PHYLUM:Tracheophyta|SUBKINGDOM:Pteridobiotina Britton & Brown|KINGDOM:Plantae|DOMAIN:Eukaryota (Chatton, 1925) Whittaker & Margulis, 1978","Plantae","Tracheophyta","Magnoliopsida","Fabales Bromhead","Fabaceae","Hydrochorea Barneby & J.W.Grimes"
"Balizia leucocalyx","","5WCTP","BT3GP","BT3GP","Balizia leucocalyx (Britton & Rose) Barneby & J.W.Grimes","Balizia leucocalyx","(Britton & Rose) Barneby & J.W.Grimes","synonym","Hydrochorea leucocalyx (Britton & Rose) Iganci, M.V.B.Soares & M.P.Morim","SPECIES:Hydrochorea leucocalyx (Britton & Rose) Iganci, M.V.B.Soares & M.P.Morim|GENUS:Hydrochorea Barneby & J.W.Grimes|FAMILY:Fabaceae|ORDER:Fabales Bromhead|CLASS:Magnoliopsida|PHYLUM:Tracheophyta|SUBKINGDOM:Pteridobiotina Britton & Brown|KINGDOM:Plantae|DOMAIN:Eukaryota (Chatton, 1925) Whittaker & Margulis, 1978","Plantae","Tracheophyta","Magnoliopsida","Fabales Bromhead","Fabaceae","Hydrochorea Barneby & J.W.Grimes"
"Calliandra asplenioides","","9CQ73","9CQ73","9CK8N","Calliandra asplenioides (Nees) Benth.","Calliandra asplenioides","(Nees) Benth.","accepted","Calliandra asplenioides (Nees) Benth.","GENUS:Calliandra Benth.|FAMILY:Fabaceae|ORDER:Fabales Bromhead|CLASS:Magnoliopsida|PHYLUM:Tracheophyta|SUBKINGDOM:Pteridobiotina Britton & Brown|KINGDOM:Plantae|DOMAIN:Eukaryota (Chatton, 1925) Whittaker & Margulis, 1978","Plantae","Tracheophyta","Magnoliopsida","Fabales Bromhead","Fabaceae","Calliandra Benth."
"Calliandra bahiana","","PLRN","PLRN","9CK8N","Calliandra bahiana Renvoize","Calliandra bahiana","Renvoize","accepted","Calliandra bahiana Renvoize","GENUS:Calliandra Benth.|FAMILY:Fabaceae|ORDER:Fabales Bromhead|CLASS:Magnoliopsida|PHYLUM:Tracheophyta|SUBKINGDOM:Pteridobiotina Britton & Brown|KINGDOM:Plantae|DOMAIN:Eukaryota (Chatton, 1925) Whittaker & Margulis, 1978","Plantae","Tracheophyta","Magnoliopsida","Fabales Bromhead","Fabaceae","Calliandra Benth."
"Calliandra bella","","PLRQ","PLRQ","9CK8N","Calliandra bella (Mart. ex Spreng.) Benth.","Calliandra bella","(Mart. ex Spreng.) Benth.","accepted","Calliandra bella (Mart. ex Spreng.) Benth.","GENUS:Calliandra Benth.|FAMILY:Fabaceae|ORDER:Fabales Bromhead|CLASS:Magnoliopsida|PHYLUM:Tracheophyta|SUBKINGDOM:Pteridobiotina Britton & Brown|KINGDOM:Plantae|DOMAIN:Eukaryota (Chatton, 1925) Whittaker & Margulis, 1978","Plantae","Tracheophyta","Magnoliopsida","Fabales Bromhead","Fabaceae","Calliandra Benth."
"Calliandra biflora","","PLRS","PLRS","9CK8N","Calliandra biflora Tharp","Calliandra biflora","Tharp","accepted","Calliandra biflora Tharp","GENUS:Calliandra Benth.|FAMILY:Fabaceae|ORDER:Fabales Bromhead|CLASS:Magnoliopsida|PHYLUM:Tracheophyta|SUBKINGDOM:Pteridobiotina Britton & Brown|KINGDOM:Plantae|DOMAIN:Eukaryota (Chatton, 1925) Whittaker & Margulis, 1978","Plantae","Tracheophyta","Magnoliopsida","Fabales Bromhead","Fabaceae","Calliandra Benth."
"Calliandra bijuga","","PLRT","PLRT","9CK8N","Calliandra bijuga Rose","Calliandra bijuga","Rose","accepted","Calliandra bijuga Rose","GENUS:Calliandra Benth.|FAMILY:Fabaceae|ORDER:Fabales Bromhead|CLASS:Magnoliopsida|PHYLUM:Tracheophyta|SUBKINGDOM:Pteridobiotina Britton & Brown|KINGDOM:Plantae|DOMAIN:Eukaryota (Chatton, 1925) Whittaker & Margulis, 1978","Plantae","Tracheophyta","Magnoliopsida","Fabales Bromhead","Fabaceae","Calliandra Benth."
"Calliandra bombycina","","PLRX","PLRX","9CK8N","Calliandra bombycina Spruce ex Benth.","Calliandra bombycina","Spruce ex Benth.","accepted","Calliandra bombycina Spruce ex Benth.","GENUS:Calliandra Benth.|FAMILY:Fabaceae|ORDER:Fabales Bromhead|CLASS:Magnoliopsida|PHYLUM:Tracheophyta|SUBKINGDOM:Pteridobiotina Britton & Brown|KINGDOM:Plantae|DOMAIN:Eukaryota (Chatton, 1925) Whittaker & Margulis, 1978","Plantae","Tracheophyta","Magnoliopsida","Fabales Bromhead","Fabaceae","Calliandra Benth."
"Calliandra brenesii","","PLS3","PLS3","9CK8N","Calliandra brenesii Standl.","Calliandra brenesii","Standl.","accepted","Calliandra brenesii Standl.","GENUS:Calliandra Benth.|FAMILY:Fabaceae|ORDER:Fabales Bromhead|CLASS:Magnoliopsida|PHYLUM:Tracheophyta|SUBKINGDOM:Pteridobiotina Britton & Brown|KINGDOM:Plantae|DOMAIN:Eukaryota (Chatton, 1925) Whittaker & Margulis, 1978","Plantae","Tracheophyta","Magnoliopsida","Fabales Bromhead","Fabaceae","Calliandra Benth."
"Calliandra brevicaulis","","PLS4","PLS4","9CK8N","Calliandra brevicaulis Micheli","Calliandra brevicaulis","Micheli","accepted","Calliandra brevicaulis Micheli","GENUS:Calliandra Benth.|FAMILY:Fabaceae|ORDER:Fabales Bromhead|CLASS:Magnoliopsida|PHYLUM:Tracheophyta|SUBKINGDOM:Pteridobiotina Britton & Brown|KINGDOM:Plantae|DOMAIN:Eukaryota (Chatton, 1925) Whittaker & Margulis, 1978","Plantae","Tracheophyta","Magnoliopsida","Fabales Bromhead","Fabaceae","Calliandra Benth."
"Calliandra brevipes","","PLS5","PM2C","PM2C","Calliandra brevipes Benth.","Calliandra brevipes","Benth.","synonym","Calliandra selloi (Spreng.) J.F.Macbr.","SPECIES:Calliandra selloi (Spreng.) J.F.Macbr.|GENUS:Calliandra Benth.|FAMILY:Fabaceae|ORDER:Fabales Bromhead|CLASS:Magnoliopsida|PHYLUM:Tracheophyta|SUBKINGDOM:Pteridobiotina Britton & Brown|KINGDOM:Plantae|DOMAIN:Eukaryota (Chatton, 1925) Whittaker & Margulis, 1978","Plantae","Tracheophyta","Magnoliopsida","Fabales Bromhead","Fabaceae","Calliandra Benth."
"Calliandra caeciliae","","PLS7","PLS7","9CK8N","Calliandra caeciliae Harms","Calliandra caeciliae","Harms","accepted","Calliandra caeciliae Harms","GENUS:Calliandra Benth.|FAMILY:Fabaceae|ORDER:Fabales Bromhead|CLASS:Magnoliopsida|PHYLUM:Tracheophyta|SUBKINGDOM:Pteridobiotina Britton & Brown|KINGDOM:Plantae|DOMAIN:Eukaryota (Chatton, 1925) Whittaker & Margulis, 1978","Plantae","Tracheophyta","Magnoliopsida","Fabales Bromhead","Fabaceae","Calliandra Benth."
"Calliandra californica","","PLS8","PLS8","9CK8N","Calliandra californica Benth.","Calliandra californica","Benth.","accepted","Calliandra californica Benth.","GENUS:Calliandra Benth.|FAMILY:Fabaceae|ORDER:Fabales Bromhead|CLASS:Magnoliopsida|PHYLUM:Tracheophyta|SUBKINGDOM:Pteridobiotina Britton & Brown|KINGDOM:Plantae|DOMAIN:Eukaryota (Chatton, 1925) Whittaker & Margulis, 1978","Plantae","Tracheophyta","Magnoliopsida","Fabales Bromhead","Fabaceae","Calliandra Benth."
"Calliandra calothyrsus","","69843","5MR34","5MR34","Calliandra calothyrsus Meisn.","Calliandra calothyrsus","Meisn.","synonym","Calliandra houstoniana var. calothyrsus (Meisn.) Barneby","VARIETY:Calliandra houstoniana var. calothyrsus (Meisn.) Barneby|SPECIES:Calliandra houstoniana (Mill.) Standl.|GENUS:Calliandra Benth.|FAMILY:Fabaceae|ORDER:Fabales Bromhead|CLASS:Magnoliopsida|PHYLUM:Tracheophyta|SUBKINGDOM:Pteridobiotina Britton & Brown|KINGDOM:Plantae|DOMAIN:Eukaryota (Chatton, 1925) Whittaker & Margulis, 1978","Plantae","Tracheophyta","Magnoliopsida","Fabales Bromhead","Fabaceae","Calliandra Benth."
"Calliandra calycina","","PLSB","PLSB","9CK8N","Calliandra calycina Benth.","Calliandra calycina","Benth.","accepted","Calliandra calycina Benth.","GENUS:Calliandra Benth.|FAMILY:Fabaceae|ORDER:Fabales Bromhead|CLASS:Magnoliopsida|PHYLUM:Tracheophyta|SUBKINGDOM:Pteridobiotina Britton & Brown|KINGDOM:Plantae|DOMAIN:Eukaryota (Chatton, 1925) Whittaker & Margulis, 1978","Plantae","Tracheophyta","Magnoliopsida","Fabales Bromhead","Fabaceae","Calliandra Benth."
"Calliandra chilensis","","PLSP","PLSP","9CK8N","Calliandra chilensis Benth.","Calliandra chilensis","Benth.","accepted","Calliandra chilensis Benth.","GENUS:Calliandra Benth.|FAMILY:Fabaceae|ORDER:Fabales Bromhead|CLASS:Magnoliopsida|PHYLUM:Tracheophyta|SUBKINGDOM:Pteridobiotina Britton & Brown|KINGDOM:Plantae|DOMAIN:Eukaryota (Chatton, 1925) Whittaker & Margulis, 1978","Plantae","Tracheophyta","Magnoliopsida","Fabales Bromhead","Fabaceae","Calliandra Benth."
"Calliandra chulumania","","PLSR","PLSR","9CK8N","Calliandra chulumania Barneby","Calliandra chulumania","Barneby","accepted","Calliandra chulumania Barneby","GENUS:Calliandra Benth.|FAMILY:Fabaceae|ORDER:Fabales Bromhead|CLASS:Magnoliopsida|PHYLUM:Tracheophyta|SUBKINGDOM:Pteridobiotina Britton & Brown|KINGDOM:Plantae|DOMAIN:Eukaryota (Chatton, 1925) Whittaker & Margulis, 1978","Plantae","Tracheophyta","Magnoliopsida","Fabales Bromhead","Fabaceae","Calliandra Benth."
"Calliandra comosa","","PLT2","PLT2","9CK8N","Calliandra comosa (Sw.) Benth.","Calliandra comosa","(Sw.) Benth.","accepted","Calliandra comosa (Sw.) Benth.","GENUS:Calliandra Benth.|FAMILY:Fabaceae|ORDER:Fabales Bromhead|CLASS:Magnoliopsida|PHYLUM:Tracheophyta|SUBKINGDOM:Pteridobiotina Britton & Brown|KINGDOM:Plantae|DOMAIN:Eukaryota (Chatton, 1925) Whittaker & Margulis, 1978","Plantae","Tracheophyta","Magnoliopsida","Fabales Bromhead","Fabaceae","Calliandra Benth."
"Calliandra conferta","","PLT5","5WVS9","5WVS9","Calliandra conferta Benth.","Calliandra conferta","Benth.","synonym","Calliandra eriophylla Benth.","SPECIES:Calliandra eriophylla Benth.|GENUS:Calliandra Benth.|FAMILY:Fabaceae|ORDER:Fabales Bromhead|CLASS:Magnoliopsida|PHYLUM:Tracheophyta|SUBKINGDOM:Pteridobiotina Britton & Brown|KINGDOM:Plantae|DOMAIN:Eukaryota (Chatton, 1925) Whittaker & Margulis, 1978","Plantae","Tracheophyta","Magnoliopsida","Fabales Bromhead","Fabaceae","Calliandra Benth."
"Calliandra densifolia","","PLTW","PLS7","PLS7","Calliandra densifolia Rose ex Harms","Calliandra densifolia","Rose ex Harms","synonym","Calliandra caeciliae Harms","SPECIES:Calliandra caeciliae Harms|GENUS:Calliandra Benth.|FAMILY:Fabaceae|ORDER:Fabales Bromhead|CLASS:Magnoliopsida|PHYLUM:Tracheophyta|SUBKINGDOM:Pteridobiotina Britton & Brown|KINGDOM:Plantae|DOMAIN:Eukaryota (Chatton, 1925) Whittaker & Margulis, 1978","Plantae","Tracheophyta","Magnoliopsida","Fabales Bromhead","Fabaceae","Calliandra Benth."
"Calliandra dysantha","","697RY","697RY","9CK8N","Calliandra dysantha Benth.","Calliandra dysantha","Benth.","accepted","Calliandra dysantha Benth.","GENUS:Calliandra Benth.|FAMILY:Fabaceae|ORDER:Fabales Bromhead|CLASS:Magnoliopsida|PHYLUM:Tracheophyta|SUBKINGDOM:Pteridobiotina Britton & Brown|KINGDOM:Plantae|DOMAIN:Eukaryota (Chatton, 1925) Whittaker & Margulis, 1978","Plantae","Tracheophyta","Magnoliopsida","Fabales Bromhead","Fabaceae","Calliandra Benth."
"Calliandra elegans","","6983Y","6983Y","9CK8N","Calliandra elegans Renvoize","Calliandra elegans","Renvoize","accepted","Calliandra elegans Renvoize","GENUS:Calliandra Benth.|FAMILY:Fabaceae|ORDER:Fabales Bromhead|CLASS:Magnoliopsida|PHYLUM:Tracheophyta|SUBKINGDOM:Pteridobiotina Britton & Brown|KINGDOM:Plantae|DOMAIN:Eukaryota (Chatton, 1925) Whittaker & Margulis, 1978","Plantae","Tracheophyta","Magnoliopsida","Fabales Bromhead","Fabaceae","Calliandra Benth."
"Calliandra eriophylla","","5WVS9","5WVS9","9CK8N","Calliandra eriophylla Benth.","Calliandra eriophylla","Benth.","accepted","Calliandra eriophylla Benth.","GENUS:Calliandra Benth.|FAMILY:Fabaceae|ORDER:Fabales Bromhead|CLASS:Magnoliopsida|PHYLUM:Tracheophyta|SUBKINGDOM:Pteridobiotina Britton & Brown|KINGDOM:Plantae|DOMAIN:Eukaryota (Chatton, 1925) Whittaker & Margulis, 1978","Plantae","Tracheophyta","Magnoliopsida","Fabales Bromhead","Fabaceae","Calliandra Benth."
"Calliandra erubescens","","5WW3X","5WW3X","9CK8N","Calliandra erubescens Renvoize","Calliandra erubescens","Renvoize","accepted","Calliandra erubescens Renvoize","GENUS:Calliandra Benth.|FAMILY:Fabaceae|ORDER:Fabales Bromhead|CLASS:Magnoliopsida|PHYLUM:Tracheophyta|SUBKINGDOM:Pteridobiotina Britton & Brown|KINGDOM:Plantae|DOMAIN:Eukaryota (Chatton, 1925) Whittaker & Margulis, 1978","Plantae","Tracheophyta","Magnoliopsida","Fabales Bromhead","Fabaceae","Calliandra Benth."
"Calliandra erythrocephala","","5X7RX","5X7RX","9CK8N","Calliandra erythrocephala H.M.Hern. & M.Sousa","Calliandra erythrocephala","H.M.Hern. & M.Sousa","accepted","Calliandra erythrocephala H.M.Hern. & M.Sousa","GENUS:Calliandra Benth.|FAMILY:Fabaceae|ORDER:Fabales Bromhead|CLASS:Magnoliopsida|PHYLUM:Tracheophyta|SUBKINGDOM:Pteridobiotina Britton & Brown|KINGDOM:Plantae|DOMAIN:Eukaryota (Chatton, 1925) Whittaker & Margulis, 1978","Plantae","Tracheophyta","Magnoliopsida","Fabales Bromhead","Fabaceae","Calliandra Benth."
"Calliandra fasciculata","","68VS9","68VS9","9CK8N","Calliandra fasciculata Benth.","Calliandra fasciculata","Benth.","accepted","Calliandra fasciculata Benth.","GENUS:Calliandra Benth.|FAMILY:Fabaceae|ORDER:Fabales Bromhead|CLASS:Magnoliopsida|PHYLUM:Tracheophyta|SUBKINGDOM:Pteridobiotina Britton & Brown|KINGDOM:Plantae|DOMAIN:Eukaryota (Chatton, 1925) Whittaker & Margulis, 1978","Plantae","Tracheophyta","Magnoliopsida","Fabales Bromhead","Fabaceae","Calliandra Benth."
"Calliandra foliolosa","","69849","69849","9CK8N","Calliandra foliolosa Benth.","Calliandra foliolosa","Benth.","accepted","Calliandra foliolosa Benth.","GENUS:Calliandra Benth.|FAMILY:Fabaceae|ORDER:Fabales Bromhead|CLASS:Magnoliopsida|PHYLUM:Tracheophyta|SUBKINGDOM:Pteridobiotina Britton & Brown|KINGDOM:Plantae|DOMAIN:Eukaryota (Chatton, 1925) Whittaker & Margulis, 1978","Plantae","Tracheophyta","Magnoliopsida","Fabales Bromhead","Fabaceae","Calliandra Benth."
"Calliandra fuscipila","","5WVS8","5WVS8","9CK8N","Calliandra fuscipila Harms","Calliandra fuscipila","Harms","accepted","Calliandra fuscipila Harms","GENUS:Calliandra Benth.|FAMILY:Fabaceae|ORDER:Fabales Bromhead|CLASS:Magnoliopsida|PHYLUM:Tracheophyta|SUBKINGDOM:Pteridobiotina Britton & Brown|KINGDOM:Plantae|DOMAIN:Eukaryota (Chatton, 1925) Whittaker & Margulis, 1978","Plantae","Tracheophyta","Magnoliopsida","Fabales Bromhead","Fabaceae","Calliandra Benth."
"Calliandra glomerulata","","PLV2","PLV2","9CK8N","Calliandra glomerulata H.Karst.","Calliandra glomerulata","H.Karst.","accepted","Calliandra glomerulata H.Karst.","GENUS:Calliandra Benth.|FAMILY:Fabaceae|ORDER:Fabales Bromhead|CLASS:Magnoliopsida|PHYLUM:Tracheophyta|SUBKINGDOM:Pteridobiotina Britton & Brown|KINGDOM:Plantae|DOMAIN:Eukaryota (Chatton, 1925) Whittaker & Margulis, 1978","Plantae","Tracheophyta","Magnoliopsida","Fabales Bromhead","Fabaceae","Calliandra Benth."
"Calliandra glyphoxylon","","PLV3","PLV3","9CK8N","Calliandra glyphoxylon Spruce ex Benth.","Calliandra glyphoxylon","Spruce ex Benth.","accepted","Calliandra glyphoxylon Spruce ex Benth.","GENUS:Calliandra Benth.|FAMILY:Fabaceae|ORDER:Fabales Bromhead|CLASS:Magnoliopsida|PHYLUM:Tracheophyta|SUBKINGDOM:Pteridobiotina Britton & Brown|KINGDOM:Plantae|DOMAIN:Eukaryota (Chatton, 1925) Whittaker & Margulis, 1978","Plantae","Tracheophyta","Magnoliopsida","Fabales Bromhead","Fabaceae","Calliandra Benth."
"Calliandra guildingii","","6983W","6983W","9CK8N","Calliandra guildingii Benth.","Calliandra guildingii","Benth.","accepted","Calliandra guildingii Benth.","GENUS:Calliandra Benth.|FAMILY:Fabaceae|ORDER:Fabales Bromhead|CLASS:Magnoliopsida|PHYLUM:Tracheophyta|SUBKINGDOM:Pteridobiotina Britton & Brown|KINGDOM:Plantae|DOMAIN:Eukaryota (Chatton, 1925) Whittaker & Margulis, 1978","Plantae","Tracheophyta","Magnoliopsida","Fabales Bromhead","Fabaceae","Calliandra Benth."
"Calliandra haematocephala","","PLVF","PLVF","9CK8N","Calliandra haematocephala Hassk.","Calliandra haematocephala","Hassk.","accepted","Calliandra haematocephala Hassk.","GENUS:Calliandra Benth.|FAMILY:Fabaceae|ORDER:Fabales Bromhead|CLASS:Magnoliopsida|PHYLUM:Tracheophyta|SUBKINGDOM:Pteridobiotina Britton & Brown|KINGDOM:Plantae|DOMAIN:Eukaryota (Chatton, 1925) Whittaker & Margulis, 1978","Plantae","Tracheophyta","Magnoliopsida","Fabales Bromhead","Fabaceae","Calliandra Benth."
"Calliandra haematomma","","PLVG","PLVG","9CK8N","Calliandra haematomma (Bertero ex DC.) Benth.","Calliandra haematomma","(Bertero ex DC.) Benth.","accepted","Calliandra haematomma (Bertero ex DC.) Benth.","GENUS:Calliandra Benth.|FAMILY:Fabaceae|ORDER:Fabales Bromhead|CLASS:Magnoliopsida|PHYLUM:Tracheophyta|SUBKINGDOM:Pteridobiotina Britton & Brown|KINGDOM:Plantae|DOMAIN:Eukaryota (Chatton, 1925) Whittaker & Margulis, 1978","Plantae","Tracheophyta","Magnoliopsida","Fabales Bromhead","Fabaceae","Calliandra Benth."
"Calliandra hirsuta","","PLVM","PLVM","9CK8N","Calliandra hirsuta (G.Don) Benth.","Calliandra hirsuta","(G.Don) Benth.","accepted","Calliandra hirsuta (G.Don) Benth.","GENUS:Calliandra Benth.|FAMILY:Fabaceae|ORDER:Fabales Bromhead|CLASS:Magnoliopsida|PHYLUM:Tracheophyta|SUBKINGDOM:Pteridobiotina Britton & Brown|KINGDOM:Plantae|DOMAIN:Eukaryota (Chatton, 1925) Whittaker & Margulis, 1978","Plantae","Tracheophyta","Magnoliopsida","Fabales Bromhead","Fabaceae","Calliandra Benth."
"Calliandra houstoniana","","PLVV","PLVV","9CK8N","Calliandra houstoniana (Mill.) Standl.","Calliandra houstoniana","(Mill.) Standl.","accepted","Calliandra houstoniana (Mill.) Standl.","GENUS:Calliandra Benth.|FAMILY:Fabaceae|ORDER:Fabales Bromhead|CLASS:Magnoliopsida|PHYLUM:Tracheophyta|SUBKINGDOM:Pteridobiotina Britton & Brown|KINGDOM:Plantae|DOMAIN:Eukaryota (Chatton, 1925) Whittaker & Margulis, 1978","Plantae","Tracheophyta","Magnoliopsida","Fabales Bromhead","Fabaceae","Calliandra Benth."
"Calliandra humilis","","PLVW","PLVW","9CK8N","Calliandra humilis Benth.","Calliandra humilis","Benth.","accepted","Calliandra humilis Benth.","GENUS:Calliandra Benth.|FAMILY:Fabaceae|ORDER:Fabales Bromhead|CLASS:Magnoliopsida|PHYLUM:Tracheophyta|SUBKINGDOM:Pteridobiotina Britton & Brown|KINGDOM:Plantae|DOMAIN:Eukaryota (Chatton, 1925) Whittaker & Margulis, 1978","Plantae","Tracheophyta","Magnoliopsida","Fabales Bromhead","Fabaceae","Calliandra Benth."
"Calliandra hymenaeodes","","PLVZ","PLVZ","9CK8N","Calliandra hymenaeodes (Rich.) Benth.","Calliandra hymenaeodes","(Rich.) Benth.","accepted","Calliandra hymenaeodes (Rich.) Benth.","GENUS:Calliandra Benth.|FAMILY:Fabaceae|ORDER:Fabales Bromhead|CLASS:Magnoliopsida|PHYLUM:Tracheophyta|SUBKINGDOM:Pteridobiotina Britton & Brown|KINGDOM:Plantae|DOMAIN:Eukaryota (Chatton, 1925) Whittaker & Margulis, 1978","Plantae","Tracheophyta","Magnoliopsida","Fabales Bromhead","Fabaceae","Calliandra Benth."
"Calliandra juzepczukii","","PLWB","PLWB","9CK8N","Calliandra juzepczukii Standl.","Calliandra juzepczukii","Standl.","accepted","Calliandra juzepczukii Standl.","GENUS:Calliandra Benth.|FAMILY:Fabaceae|ORDER:Fabales Bromhead|CLASS:Magnoliopsida|PHYLUM:Tracheophyta|SUBKINGDOM:Pteridobiotina Britton & Brown|KINGDOM:Plantae|DOMAIN:Eukaryota (Chatton, 1925) Whittaker & Margulis, 1978","Plantae","Tracheophyta","Magnoliopsida","Fabales Bromhead","Fabaceae","Calliandra Benth."
"Calliandra laevis","","PLWF","PLWF","9CK8N","Calliandra laevis Rose","Calliandra laevis","Rose","accepted","Calliandra laevis Rose","GENUS:Calliandra Benth.|FAMILY:Fabaceae|ORDER:Fabales Bromhead|CLASS:Magnoliopsida|PHYLUM:Tracheophyta|SUBKINGDOM:Pteridobiotina Britton & Brown|KINGDOM:Plantae|DOMAIN:Eukaryota (Chatton, 1925) Whittaker & Margulis, 1978","Plantae","Tracheophyta","Magnoliopsida","Fabales Bromhead","Fabaceae","Calliandra Benth."
"Calliandra lanata","","PLWH","PLWH","9CK8N","Calliandra lanata Benth.","Calliandra lanata","Benth.","accepted","Calliandra lanata Benth.","GENUS:Calliandra Benth.|FAMILY:Fabaceae|ORDER:Fabales Bromhead|CLASS:Magnoliopsida|PHYLUM:Tracheophyta|SUBKINGDOM:Pteridobiotina Britton & Brown|KINGDOM:Plantae|DOMAIN:Eukaryota (Chatton, 1925) Whittaker & Margulis, 1978","Plantae","Tracheophyta","Magnoliopsida","Fabales Bromhead","Fabaceae","Calliandra Benth."
"Calliandra longipes","","5WVS7","5WVS7","9CK8N","Calliandra longipes Benth.","Calliandra longipes","Benth.","accepted","Calliandra longipes Benth.","GENUS:Calliandra Benth.|FAMILY:Fabaceae|ORDER:Fabales Bromhead|CLASS:Magnoliopsida|PHYLUM:Tracheophyta|SUBKINGDOM:Pteridobiotina Britton & Brown|KINGDOM:Plantae|DOMAIN:Eukaryota (Chatton, 1925) Whittaker & Margulis, 1978","Plantae","Tracheophyta","Magnoliopsida","Fabales Bromhead","Fabaceae","Calliandra Benth."
"Calliandra luetzelburgii","","PLWX","PLWX","9CK8N","Calliandra luetzelburgii Harms","Calliandra luetzelburgii","Harms","accepted","Calliandra luetzelburgii Harms","GENUS:Calliandra Benth.|FAMILY:Fabaceae|ORDER:Fabales Bromhead|CLASS:Magnoliopsida|PHYLUM:Tracheophyta|SUBKINGDOM:Pteridobiotina Britton & Brown|KINGDOM:Plantae|DOMAIN:Eukaryota (Chatton, 1925) Whittaker & Margulis, 1978","Plantae","Tracheophyta","Magnoliopsida","Fabales Bromhead","Fabaceae","Calliandra Benth."
"Calliandra magdalenae","","PLX3","PLX3","9CK8N","Calliandra magdalenae (Bertero ex DC.) Benth.","Calliandra magdalenae","(Bertero ex DC.) Benth.","accepted","Calliandra magdalenae (Bertero ex DC.) Benth.","GENUS:Calliandra Benth.|FAMILY:Fabaceae|ORDER:Fabales Bromhead|CLASS:Magnoliopsida|PHYLUM:Tracheophyta|SUBKINGDOM:Pteridobiotina Britton & Brown|KINGDOM:Plantae|DOMAIN:Eukaryota (Chatton, 1925) Whittaker & Margulis, 1978","Plantae","Tracheophyta","Magnoliopsida","Fabales Bromhead","Fabaceae","Calliandra Benth."
"Calliandra molinae","","PLXL","PLXL","9CK8N","Calliandra molinae Standl.","Calliandra molinae","Standl.","accepted","Calliandra molinae Standl.","GENUS:Calliandra Benth.|FAMILY:Fabaceae|ORDER:Fabales Bromhead|CLASS:Magnoliopsida|PHYLUM:Tracheophyta|SUBKINGDOM:Pteridobiotina Britton & Brown|KINGDOM:Plantae|DOMAIN:Eukaryota (Chatton, 1925) Whittaker & Margulis, 1978","Plantae","Tracheophyta","Magnoliopsida","Fabales Bromhead","Fabaceae","Calliandra Benth."
"Calliandra mollissima","","PLXP","PLXP","9CK8N","Calliandra mollissima (Humb. & Bonpl. ex Willd.) Benth.","Calliandra mollissima","(Humb. & Bonpl. ex Willd.) Benth.","accepted","Calliandra mollissima (Humb. & Bonpl. ex Willd.) Benth.","GENUS:Calliandra Benth.|FAMILY:Fabaceae|ORDER:Fabales Bromhead|CLASS:Magnoliopsida|PHYLUM:Tracheophyta|SUBKINGDOM:Pteridobiotina Britton & Brown|KINGDOM:Plantae|DOMAIN:Eukaryota (Chatton, 1925) Whittaker & Margulis, 1978","Plantae","Tracheophyta","Magnoliopsida","Fabales Bromhead","Fabaceae","Calliandra Benth."
"Calliandra obesifolia","","","","","","","","","","","","","","","",""
"Calliandra palmeri","","PLYB","PLYB","9CK8N","Calliandra palmeri S.Watson","Calliandra palmeri","S.Watson","accepted","Calliandra palmeri S.Watson","GENUS:Calliandra Benth.|FAMILY:Fabaceae|ORDER:Fabales Bromhead|CLASS:Magnoliopsida|PHYLUM:Tracheophyta|SUBKINGDOM:Pteridobiotina Britton & Brown|KINGDOM:Plantae|DOMAIN:Eukaryota (Chatton, 1925) Whittaker & Margulis, 1978","Plantae","Tracheophyta","Magnoliopsida","Fabales Bromhead","Fabaceae","Calliandra Benth."
"Calliandra pedicellata","","PLYL","PLYL","9CK8N","Calliandra pedicellata Benth.","Calliandra pedicellata","Benth.","accepted","Calliandra pedicellata Benth.","GENUS:Calliandra Benth.|FAMILY:Fabaceae|ORDER:Fabales Bromhead|CLASS:Magnoliopsida|PHYLUM:Tracheophyta|SUBKINGDOM:Pteridobiotina Britton & Brown|KINGDOM:Plantae|DOMAIN:Eukaryota (Chatton, 1925) Whittaker & Margulis, 1978","Plantae","Tracheophyta","Magnoliopsida","Fabales Bromhead","Fabaceae","Calliandra Benth."
"Calliandra pilosa","","PLYV","5MR2N","5MR2N","Calliandra pilosa (Bertero ex DC.) Urb.","Calliandra pilosa","(Bertero ex DC.) Urb.","synonym","Calliandra haematomma var. glabrata Griseb.","VARIETY:Calliandra haematomma var. glabrata Griseb.|SPECIES:Calliandra haematomma (Bertero ex DC.) Benth.|GENUS:Calliandra Benth.|FAMILY:Fabaceae|ORDER:Fabales Bromhead|CLASS:Magnoliopsida|PHYLUM:Tracheophyta|SUBKINGDOM:Pteridobiotina Britton & Brown|KINGDOM:Plantae|DOMAIN:Eukaryota (Chatton, 1925) Whittaker & Margulis, 1978","Plantae","Tracheophyta","Magnoliopsida","Fabales Bromhead","Fabaceae","Calliandra Benth."
"Calliandra pittieri","","PLYY","PLYY","9CK8N","Calliandra pittieri Standl.","Calliandra pittieri","Standl.","accepted","Calliandra pittieri Standl.","GENUS:Calliandra Benth.|FAMILY:Fabaceae|ORDER:Fabales Bromhead|CLASS:Magnoliopsida|PHYLUM:Tracheophyta|SUBKINGDOM:Pteridobiotina Britton & Brown|KINGDOM:Plantae|DOMAIN:Eukaryota (Chatton, 1925) Whittaker & Margulis, 1978","Plantae","Tracheophyta","Magnoliopsida","Fabales Bromhead","Fabaceae","Calliandra Benth."
"Calliandra quetzal","","PLZC","PLZC","9CK8N","Calliandra quetzal (Donn.Sm.) Donn.Sm.","Calliandra quetzal","(Donn.Sm.) Donn.Sm.","accepted","Calliandra quetzal (Donn.Sm.) Donn.Sm.","GENUS:Calliandra Benth.|FAMILY:Fabaceae|ORDER:Fabales Bromhead|CLASS:Magnoliopsida|PHYLUM:Tracheophyta|SUBKINGDOM:Pteridobiotina Britton & Brown|KINGDOM:Plantae|DOMAIN:Eukaryota (Chatton, 1925) Whittaker & Margulis, 1978","Plantae","Tracheophyta","Magnoliopsida","Fabales Bromhead","Fabaceae","Calliandra Benth."
"Calliandra rhodocephala","","PLZJ","PLZJ","9CK8N","Calliandra rhodocephala Donn.Sm.","Calliandra rhodocephala","Donn.Sm.","accepted","Calliandra rhodocephala Donn.Sm.","GENUS:Calliandra Benth.|FAMILY:Fabaceae|ORDER:Fabales Bromhead|CLASS:Magnoliopsida|PHYLUM:Tracheophyta|SUBKINGDOM:Pteridobiotina Britton & Brown|KINGDOM:Plantae|DOMAIN:Eukaryota (Chatton, 1925) Whittaker & Margulis, 1978","Plantae","Tracheophyta","Magnoliopsida","Fabales Bromhead","Fabaceae","Calliandra Benth."
"Calliandra rubescens","","PLZS","PLZS","9CK8N","Calliandra rubescens (M.Martens & Galeotti) Standl.","Calliandra rubescens","(M.Martens & Galeotti) Standl.","accepted","Calliandra rubescens (M.Martens & Galeotti) Standl.","GENUS:Calliandra Benth.|FAMILY:Fabaceae|ORDER:Fabales Bromhead|CLASS:Magnoliopsida|PHYLUM:Tracheophyta|SUBKINGDOM:Pteridobiotina Britton & Brown|KINGDOM:Plantae|DOMAIN:Eukaryota (Chatton, 1925) Whittaker & Margulis, 1978","Plantae","Tracheophyta","Magnoliopsida","Fabales Bromhead","Fabaceae","Calliandra Benth."
"Calliandra stipulacea","","PM32","5MR3B","5MR3B","Calliandra stipulacea Benth.","Calliandra stipulacea","Benth.","synonym","Calliandra laxa var. stipulacea (Benth.) Barneby","VARIETY:Calliandra laxa var. stipulacea (Benth.) Barneby|SPECIES:Calliandra laxa (Willd.) Benth.|GENUS:Calliandra Benth.|FAMILY:Fabaceae|ORDER:Fabales Bromhead|CLASS:Magnoliopsida|PHYLUM:Tracheophyta|SUBKINGDOM:Pteridobiotina Britton & Brown|KINGDOM:Plantae|DOMAIN:Eukaryota (Chatton, 1925) Whittaker & Margulis, 1978","Plantae","Tracheophyta","Magnoliopsida","Fabales Bromhead","Fabaceae","Calliandra Benth."
"Calliandra surinamensis","","PM38","PM38","9CK8N","Calliandra surinamensis Benth.","Calliandra surinamensis","Benth.","accepted","Calliandra surinamensis Benth.","GENUS:Calliandra Benth.|FAMILY:Fabaceae|ORDER:Fabales Bromhead|CLASS:Magnoliopsida|PHYLUM:Tracheophyta|SUBKINGDOM:Pteridobiotina Britton & Brown|KINGDOM:Plantae|DOMAIN:Eukaryota (Chatton, 1925) Whittaker & Margulis, 1978","Plantae","Tracheophyta","Magnoliopsida","Fabales Bromhead","Fabaceae","Calliandra Benth."
"Calliandra tergemina","","PM3C","PM3C","9CK8N","Calliandra tergemina (L.) Benth.","Calliandra tergemina","(L.) Benth.","accepted","Calliandra tergemina (L.) Benth.","GENUS:Calliandra Benth.|FAMILY:Fabaceae|ORDER:Fabales Bromhead|CLASS:Magnoliopsida|PHYLUM:Tracheophyta|SUBKINGDOM:Pteridobiotina Britton & Brown|KINGDOM:Plantae|DOMAIN:Eukaryota (Chatton, 1925) Whittaker & Margulis, 1978","Plantae","Tracheophyta","Magnoliopsida","Fabales Bromhead","Fabaceae","Calliandra Benth."
"Calliandra trinervia","","PM3Q","PM3Q","9CK8N","Calliandra trinervia Benth.","Calliandra trinervia","Benth.","accepted","Calliandra trinervia Benth.","GENUS:Calliandra Benth.|FAMILY:Fabaceae|ORDER:Fabales Bromhead|CLASS:Magnoliopsida|PHYLUM:Tracheophyta|SUBKINGDOM:Pteridobiotina Britton & Brown|KINGDOM:Plantae|DOMAIN:Eukaryota (Chatton, 1925) Whittaker & Margulis, 1978","Plantae","Tracheophyta","Magnoliopsida","Fabales Bromhead","Fabaceae","Calliandra Benth."
"Calliandra tsugoides","","PM3R","PM3R","9CK8N","Calliandra tsugoides R.S.Cowan","Calliandra tsugoides","R.S.Cowan","accepted","Calliandra tsugoides R.S.Cowan","GENUS:Calliandra Benth.|FAMILY:Fabaceae|ORDER:Fabales Bromhead|CLASS:Magnoliopsida|PHYLUM:Tracheophyta|SUBKINGDOM:Pteridobiotina Britton & Brown|KINGDOM:Plantae|DOMAIN:Eukaryota (Chatton, 1925) Whittaker & Margulis, 1978","Plantae","Tracheophyta","Magnoliopsida","Fabales Bromhead","Fabaceae","Calliandra Benth."
"Calliandra tweedii","","","","","","","","","","","","","","","",""
"Calliandra viscidula","","PM49","PM49","9CK8N","Calliandra viscidula Benth.","Calliandra viscidula","Benth.","accepted","Calliandra viscidula Benth.","GENUS:Calliandra Benth.|FAMILY:Fabaceae|ORDER:Fabales Bromhead|CLASS:Magnoliopsida|PHYLUM:Tracheophyta|SUBKINGDOM:Pteridobiotina Britton & Brown|KINGDOM:Plantae|DOMAIN:Eukaryota (Chatton, 1925) Whittaker & Margulis, 1978","Plantae","Tracheophyta","Magnoliopsida","Fabales Bromhead","Fabaceae","Calliandra Benth."
"Calpocalyx aubrevillei","","Q4KV","Q4KV","9CK96","Calpocalyx aubrevillei Pellegr.","Calpocalyx aubrevillei","Pellegr.","accepted","Calpocalyx aubrevillei Pellegr.","GENUS:Calpocalyx Harms|FAMILY:Fabaceae|ORDER:Fabales Bromhead|CLASS:Magnoliopsida|PHYLUM:Tracheophyta|SUBKINGDOM:Pteridobiotina Britton & Brown|KINGDOM:Plantae|DOMAIN:Eukaryota (Chatton, 1925) Whittaker & Margulis, 1978","Plantae","Tracheophyta","Magnoliopsida","Fabales Bromhead","Fabaceae","Calpocalyx Harms"
"Calpocalyx brevibracteatus","","Q4KX","Q4KX","9CK96","Calpocalyx brevibracteatus Harms","Calpocalyx brevibracteatus","Harms","accepted","Calpocalyx brevibracteatus Harms","GENUS:Calpocalyx Harms|FAMILY:Fabaceae|ORDER:Fabales Bromhead|CLASS:Magnoliopsida|PHYLUM:Tracheophyta|SUBKINGDOM:Pteridobiotina Britton & Brown|KINGDOM:Plantae|DOMAIN:Eukaryota (Chatton, 1925) Whittaker & Margulis, 1978","Plantae","Tracheophyta","Magnoliopsida","Fabales Bromhead","Fabaceae","Calpocalyx Harms"
"Calpocalyx cauliflorus","","Q4KZ","Q4KZ","9CK96","Calpocalyx cauliflorus Hoyle","Calpocalyx cauliflorus","Hoyle","accepted","Calpocalyx cauliflorus Hoyle","GENUS:Calpocalyx Harms|FAMILY:Fabaceae|ORDER:Fabales Bromhead|CLASS:Magnoliopsida|PHYLUM:Tracheophyta|SUBKINGDOM:Pteridobiotina Britton & Brown|KINGDOM:Plantae|DOMAIN:Eukaryota (Chatton, 1925) Whittaker & Margulis, 1978","Plantae","Tracheophyta","Magnoliopsida","Fabales Bromhead","Fabaceae","Calpocalyx Harms"
"Calpocalyx dinklagei","","Q4L3","Q4L3","9CK96","Calpocalyx dinklagei Harms","Calpocalyx dinklagei","Harms","accepted","Calpocalyx dinklagei Harms","GENUS:Calpocalyx Harms|FAMILY:Fabaceae|ORDER:Fabales Bromhead|CLASS:Magnoliopsida|PHYLUM:Tracheophyta|SUBKINGDOM:Pteridobiotina Britton & Brown|KINGDOM:Plantae|DOMAIN:Eukaryota (Chatton, 1925) Whittaker & Margulis, 1978","Plantae","Tracheophyta","Magnoliopsida","Fabales Bromhead","Fabaceae","Calpocalyx Harms"
"Cathormion altissimum","","69FTT","BTRX8","BTRX8","Cathormion altissimum (Hook.f.) Hutch. & Dandy","Cathormion altissimum","(Hook.f.) Hutch. & Dandy","synonym","Osodendron altissimum (Hook.f.) E.J.M.Koenen","SPECIES:Osodendron altissimum (Hook.f.) E.J.M.Koenen|GENUS:Osodendron E.J.M.Koenen|FAMILY:Fabaceae|ORDER:Fabales Bromhead|CLASS:Magnoliopsida|PHYLUM:Tracheophyta|SUBKINGDOM:Pteridobiotina Britton & Brown|KINGDOM:Plantae|DOMAIN:Eukaryota (Chatton, 1925) Whittaker & Margulis, 1978","Plantae","Tracheophyta","Magnoliopsida","Fabales Bromhead","Fabaceae","Osodendron E.J.M.Koenen"
"Chidlowia sanguinea","","TZJL","TZJL","9CKC6","Chidlowia sanguinea Hoyle","Chidlowia sanguinea","Hoyle","accepted","Chidlowia sanguinea Hoyle","GENUS:Chidlowia Hoyle|FAMILY:Fabaceae|ORDER:Fabales Bromhead|CLASS:Magnoliopsida|PHYLUM:Tracheophyta|SUBKINGDOM:Pteridobiotina Britton & Brown|KINGDOM:Plantae|DOMAIN:Eukaryota (Chatton, 1925) Whittaker & Margulis, 1978","Plantae","Tracheophyta","Magnoliopsida","Fabales Bromhead","Fabaceae","Chidlowia Hoyle"
"Chloroleucon foliolosum","","5Y9VB","5Y9VB","9CKC9","Chloroleucon foliolosum (Benth.) G.P.Lewis","Chloroleucon foliolosum","(Benth.) G.P.Lewis","accepted","Chloroleucon foliolosum (Benth.) G.P.Lewis","GENUS:Chloroleucon (Benth.) Record|FAMILY:Fabaceae|ORDER:Fabales Bromhead|CLASS:Magnoliopsida|PHYLUM:Tracheophyta|SUBKINGDOM:Pteridobiotina Britton & Brown|KINGDOM:Plantae|DOMAIN:Eukaryota (Chatton, 1925) Whittaker & Margulis, 1978","Plantae","Tracheophyta","Magnoliopsida","Fabales Bromhead","Fabaceae","Chloroleucon (Benth.) Record"
"Chloroleucon mangense","","69Y7C","69Y7C","9CKC9","Chloroleucon mangense (Jacq.) Britton & Rose","Chloroleucon mangense","(Jacq.) Britton & Rose","accepted","Chloroleucon mangense (Jacq.) Britton & Rose","GENUS:Chloroleucon (Benth.) Record|FAMILY:Fabaceae|ORDER:Fabales Bromhead|CLASS:Magnoliopsida|PHYLUM:Tracheophyta|SUBKINGDOM:Pteridobiotina Britton & Brown|KINGDOM:Plantae|DOMAIN:Eukaryota (Chatton, 1925) Whittaker & Margulis, 1978","Plantae","Tracheophyta","Magnoliopsida","Fabales Bromhead","Fabaceae","Chloroleucon (Benth.) Record"
"Chloroleucon tenuiflorum","","5XXVD","5XXVD","9CKC9","Chloroleucon tenuiflorum (Benth.) Barneby & J.W.Grimes","Chloroleucon tenuiflorum","(Benth.) Barneby & J.W.Grimes","accepted","Chloroleucon tenuiflorum (Benth.) Barneby & J.W.Grimes","GENUS:Chloroleucon (Benth.) Record|FAMILY:Fabaceae|ORDER:Fabales Bromhead|CLASS:Magnoliopsida|PHYLUM:Tracheophyta|SUBKINGDOM:Pteridobiotina Britton & Brown|KINGDOM:Plantae|DOMAIN:Eukaryota (Chatton, 1925) Whittaker & Margulis, 1978","Plantae","Tracheophyta","Magnoliopsida","Fabales Bromhead","Fabaceae","Chloroleucon (Benth.) Record"
"Cojoba arborea","","WWQ7","WWQ7","9CKDW","Cojoba arborea (L.) Britton & Rose","Cojoba arborea","(L.) Britton & Rose","accepted","Cojoba arborea (L.) Britton & Rose","GENUS:Cojoba Britton & Rose|FAMILY:Fabaceae|ORDER:Fabales Bromhead|CLASS:Magnoliopsida|PHYLUM:Tracheophyta|SUBKINGDOM:Pteridobiotina Britton & Brown|KINGDOM:Plantae|DOMAIN:Eukaryota (Chatton, 1925) Whittaker & Margulis, 1978","Plantae","Tracheophyta","Magnoliopsida","Fabales Bromhead","Fabaceae","Cojoba Britton & Rose"
"Cojoba catenata","","WWQB","WWQB","9CKDW","Cojoba catenata (Donn.Sm.) Britton & Rose","Cojoba catenata","(Donn.Sm.) Britton & Rose","accepted","Cojoba catenata (Donn.Sm.) Britton & Rose","GENUS:Cojoba Britton & Rose|FAMILY:Fabaceae|ORDER:Fabales Bromhead|CLASS:Magnoliopsida|PHYLUM:Tracheophyta|SUBKINGDOM:Pteridobiotina Britton & Brown|KINGDOM:Plantae|DOMAIN:Eukaryota (Chatton, 1925) Whittaker & Margulis, 1978","Plantae","Tracheophyta","Magnoliopsida","Fabales Bromhead","Fabaceae","Cojoba Britton & Rose"
"Cojoba costaricensis","","5ZKRD","5ZKRD","9CKDW","Cojoba costaricensis Britton & Rose","Cojoba costaricensis","Britton & Rose","accepted","Cojoba costaricensis Britton & Rose","GENUS:Cojoba Britton & Rose|FAMILY:Fabaceae|ORDER:Fabales Bromhead|CLASS:Magnoliopsida|PHYLUM:Tracheophyta|SUBKINGDOM:Pteridobiotina Britton & Brown|KINGDOM:Plantae|DOMAIN:Eukaryota (Chatton, 1925) Whittaker & Margulis, 1978","Plantae","Tracheophyta","Magnoliopsida","Fabales Bromhead","Fabaceae","Cojoba Britton & Rose"
"Cojoba escuintlensis","","WWQH","WWQH","9CKDW","Cojoba escuintlensis (Lundell) L.Rico","Cojoba escuintlensis","(Lundell) L.Rico","accepted","Cojoba escuintlensis (Lundell) L.Rico","GENUS:Cojoba Britton & Rose|FAMILY:Fabaceae|ORDER:Fabales Bromhead|CLASS:Magnoliopsida|PHYLUM:Tracheophyta|SUBKINGDOM:Pteridobiotina Britton & Brown|KINGDOM:Plantae|DOMAIN:Eukaryota (Chatton, 1925) Whittaker & Margulis, 1978","Plantae","Tracheophyta","Magnoliopsida","Fabales Bromhead","Fabaceae","Cojoba Britton & Rose"
"Cojoba graciliflora","","WWQL","WWQL","9CKDW","Cojoba graciliflora (S.F.Blake) Britton & Rose","Cojoba graciliflora","(S.F.Blake) Britton & Rose","accepted","Cojoba graciliflora (S.F.Blake) Britton & Rose","GENUS:Cojoba Britton & Rose|FAMILY:Fabaceae|ORDER:Fabales Bromhead|CLASS:Magnoliopsida|PHYLUM:Tracheophyta|SUBKINGDOM:Pteridobiotina Britton & Brown|KINGDOM:Plantae|DOMAIN:Eukaryota (Chatton, 1925) Whittaker & Margulis, 1978","Plantae","Tracheophyta","Magnoliopsida","Fabales Bromhead","Fabaceae","Cojoba Britton & Rose"
"Cojoba matudae","","9CZ67","5N74W","5N74W","Cojoba matudae (Lundell) L.Rico","Cojoba matudae","(Lundell) L.Rico","synonym","Cojoba arborea var. arborea","VARIETY:Cojoba arborea var. arborea|SPECIES:Cojoba arborea (L.) Britton & Rose|GENUS:Cojoba Britton & Rose|FAMILY:Fabaceae|ORDER:Fabales Bromhead|CLASS:Magnoliopsida|PHYLUM:Tracheophyta|SUBKINGDOM:Pteridobiotina Britton & Brown|KINGDOM:Plantae|DOMAIN:Eukaryota (Chatton, 1925) Whittaker & Margulis, 1978","Plantae","Tracheophyta","Magnoliopsida","Fabales Bromhead","Fabaceae","Cojoba Britton & Rose"
"Cojoba rufescens","","WWQT","WWQT","9CKDW","Cojoba rufescens (Benth.) Britton & Rose","Cojoba rufescens","(Benth.) Britton & Rose","accepted","Cojoba rufescens (Benth.) Britton & Rose","GENUS:Cojoba Britton & Rose|FAMILY:Fabaceae|ORDER:Fabales Bromhead|CLASS:Magnoliopsida|PHYLUM:Tracheophyta|SUBKINGDOM:Pteridobiotina Britton & Brown|KINGDOM:Plantae|DOMAIN:Eukaryota (Chatton, 1925) Whittaker & Margulis, 1978","Plantae","Tracheophyta","Magnoliopsida","Fabales Bromhead","Fabaceae","Cojoba Britton & Rose"
"Cojoba sophorocarpa","","WWQV","WWQV","9CKDW","Cojoba sophorocarpa (Benth.) Britton & Rose","Cojoba sophorocarpa","(Benth.) Britton & Rose","accepted","Cojoba sophorocarpa (Benth.) Britton & Rose","GENUS:Cojoba Britton & Rose|FAMILY:Fabaceae|ORDER:Fabales Bromhead|CLASS:Magnoliopsida|PHYLUM:Tracheophyta|SUBKINGDOM:Pteridobiotina Britton & Brown|KINGDOM:Plantae|DOMAIN:Eukaryota (Chatton, 1925) Whittaker & Margulis, 1978","Plantae","Tracheophyta","Magnoliopsida","Fabales Bromhead","Fabaceae","Cojoba Britton & Rose"
"Cojoba valerioi","","WWR4","WWQB","WWQB","Cojoba valerioi Britton & Rose","Cojoba valerioi","Britton & Rose","synonym","Cojoba catenata (Donn.Sm.) Britton & Rose","SPECIES:Cojoba catenata (Donn.Sm.) Britton & Rose|GENUS:Cojoba Britton & Rose|FAMILY:Fabaceae|ORDER:Fabales Bromhead|CLASS:Magnoliopsida|PHYLUM:Tracheophyta|SUBKINGDOM:Pteridobiotina Britton & Brown|KINGDOM:Plantae|DOMAIN:Eukaryota (Chatton, 1925) Whittaker & Margulis, 1978","Plantae","Tracheophyta","Magnoliopsida","Fabales Bromhead","Fabaceae","Cojoba Britton & Rose"
"Cylicodiscus gabunensis","","3322C","3322C","9CKH9","Cylicodiscus gabunensis Harms","Cylicodiscus gabunensis","Harms","accepted","Cylicodiscus gabunensis Harms","GENUS:Cylicodiscus Harms|FAMILY:Fabaceae|ORDER:Fabales Bromhead|CLASS:Magnoliopsida|PHYLUM:Tracheophyta|SUBKINGDOM:Pteridobiotina Britton & Brown|KINGDOM:Plantae|DOMAIN:Eukaryota (Chatton, 1925) Whittaker & Margulis, 1978","Plantae","Tracheophyta","Magnoliopsida","Fabales Bromhead","Fabaceae","Cylicodiscus Harms"
"Desmanthus balsensis","","34ZWM","BTRL2","BTRL2","Desmanthus balsensis J.L.Contr.","Desmanthus balsensis","J.L.Contr.","synonym","Mezcala balsensis (J.L.Contr.) C.E.Hughes & J.L.Contr.","SPECIES:Mezcala balsensis (J.L.Contr.) C.E.Hughes & J.L.Contr.|GENUS:Mezcala C.E.Hughes & J.L.Contr.|FAMILY:Fabaceae|ORDER:Fabales Bromhead|CLASS:Magnoliopsida|PHYLUM:Tracheophyta|SUBKINGDOM:Pteridobiotina Britton & Brown|KINGDOM:Plantae|DOMAIN:Eukaryota (Chatton, 1925) Whittaker & Margulis, 1978","Plantae","Tracheophyta","Magnoliopsida","Fabales Bromhead","Fabaceae","Mezcala C.E.Hughes & J.L.Contr."
"Desmanthus bicornutus","","34ZWP","34ZWP","9CKK5","Desmanthus bicornutus S.Watson","Desmanthus bicornutus","S.Watson","accepted","Desmanthus bicornutus S.Watson","GENUS:Desmanthus Willd.|FAMILY:Fabaceae|ORDER:Fabales Bromhead|CLASS:Magnoliopsida|PHYLUM:Tracheophyta|SUBKINGDOM:Pteridobiotina Britton & Brown|KINGDOM:Plantae|DOMAIN:Eukaryota (Chatton, 1925) Whittaker & Margulis, 1978","Plantae","Tracheophyta","Magnoliopsida","Fabales Bromhead","Fabaceae","Desmanthus Willd."
"Desmanthus covillei","","9CRGQ","9CRGQ","9CKK5","Desmanthus covillei (Britton & Rose) Wiggins","Desmanthus covillei","(Britton & Rose) Wiggins","accepted","Desmanthus covillei (Britton & Rose) Wiggins","GENUS:Desmanthus Willd.|FAMILY:Fabaceae|ORDER:Fabales Bromhead|CLASS:Magnoliopsida|PHYLUM:Tracheophyta|SUBKINGDOM:Pteridobiotina Britton & Brown|KINGDOM:Plantae|DOMAIN:Eukaryota (Chatton, 1925) Whittaker & Margulis, 1978","Plantae","Tracheophyta","Magnoliopsida","Fabales Bromhead","Fabaceae","Desmanthus Willd."
"Desmanthus fruticosus","","34ZX6","34ZX6","9CKK5","Desmanthus fruticosus Rose","Desmanthus fruticosus","Rose","accepted","Desmanthus fruticosus Rose","GENUS:Desmanthus Willd.|FAMILY:Fabaceae|ORDER:Fabales Bromhead|CLASS:Magnoliopsida|PHYLUM:Tracheophyta|SUBKINGDOM:Pteridobiotina Britton & Brown|KINGDOM:Plantae|DOMAIN:Eukaryota (Chatton, 1925) Whittaker & Margulis, 1978","Plantae","Tracheophyta","Magnoliopsida","Fabales Bromhead","Fabaceae","Desmanthus Willd."
"Desmanthus leptophyllus","","34ZXL","34ZXL","9CKK5","Desmanthus leptophyllus Kunth","Desmanthus leptophyllus","Kunth","accepted","Desmanthus leptophyllus Kunth","GENUS:Desmanthus Willd.|FAMILY:Fabaceae|ORDER:Fabales Bromhead|CLASS:Magnoliopsida|PHYLUM:Tracheophyta|SUBKINGDOM:Pteridobiotina Britton & Brown|KINGDOM:Plantae|DOMAIN:Eukaryota (Chatton, 1925) Whittaker & Margulis, 1978","Plantae","Tracheophyta","Magnoliopsida","Fabales Bromhead","Fabaceae","Desmanthus Willd."
"Desmanthus oligospermus","","34ZXX","34ZXX","9CKK5","Desmanthus oligospermus Brandegee","Desmanthus oligospermus","Brandegee","accepted","Desmanthus oligospermus Brandegee","GENUS:Desmanthus Willd.|FAMILY:Fabaceae|ORDER:Fabales Bromhead|CLASS:Magnoliopsida|PHYLUM:Tracheophyta|SUBKINGDOM:Pteridobiotina Britton & Brown|KINGDOM:Plantae|DOMAIN:Eukaryota (Chatton, 1925) Whittaker & Margulis, 1978","Plantae","Tracheophyta","Magnoliopsida","Fabales Bromhead","Fabaceae","Desmanthus Willd."
"Desmanthus painteri","","34ZXY","34ZXY","9CKK5","Desmanthus painteri (Britton & Rose) Standl.","Desmanthus painteri","(Britton & Rose) Standl.","accepted","Desmanthus painteri (Britton & Rose) Standl.","GENUS:Desmanthus Willd.|FAMILY:Fabaceae|ORDER:Fabales Bromhead|CLASS:Magnoliopsida|PHYLUM:Tracheophyta|SUBKINGDOM:Pteridobiotina Britton & Brown|KINGDOM:Plantae|DOMAIN:Eukaryota (Chatton, 1925) Whittaker & Margulis, 1978","Plantae","Tracheophyta","Magnoliopsida","Fabales Bromhead","Fabaceae","Desmanthus Willd."
"Desmanthus pumilus","","34ZYD","34ZYD","9CKK5","Desmanthus pumilus (Schltdl.) J.F.Macbr.","Desmanthus pumilus","(Schltdl.) J.F.Macbr.","accepted","Desmanthus pumilus (Schltdl.) J.F.Macbr.","GENUS:Desmanthus Willd.|FAMILY:Fabaceae|ORDER:Fabales Bromhead|CLASS:Magnoliopsida|PHYLUM:Tracheophyta|SUBKINGDOM:Pteridobiotina Britton & Brown|KINGDOM:Plantae|DOMAIN:Eukaryota (Chatton, 1925) Whittaker & Margulis, 1978","Plantae","Tracheophyta","Magnoliopsida","Fabales Bromhead","Fabaceae","Desmanthus Willd."
"Desmanthus subulatus","","9CRGS","34ZWP","34ZWP","Desmanthus subulatus (Britton & Rose) Wiggins","Desmanthus subulatus","(Britton & Rose) Wiggins","synonym","Desmanthus bicornutus S.Watson","SPECIES:Desmanthus bicornutus S.Watson|GENUS:Desmanthus Willd.|FAMILY:Fabaceae|ORDER:Fabales Bromhead|CLASS:Magnoliopsida|PHYLUM:Tracheophyta|SUBKINGDOM:Pteridobiotina Britton & Brown|KINGDOM:Plantae|DOMAIN:Eukaryota (Chatton, 1925) Whittaker & Margulis, 1978","Plantae","Tracheophyta","Magnoliopsida","Fabales Bromhead","Fabaceae","Desmanthus Willd."
"Desmanthus virgatus","","34ZYY","34ZYY","9CKK5","Desmanthus virgatus (L.) Willd.","Desmanthus virgatus","(L.) Willd.","accepted","Desmanthus virgatus (L.) Willd.","GENUS:Desmanthus Willd.|FAMILY:Fabaceae|ORDER:Fabales Bromhead|CLASS:Magnoliopsida|PHYLUM:Tracheophyta|SUBKINGDOM:Pteridobiotina Britton & Brown|KINGDOM:Plantae|DOMAIN:Eukaryota (Chatton, 1925) Whittaker & Margulis, 1978","Plantae","Tracheophyta","Magnoliopsida","Fabales Bromhead","Fabaceae","Desmanthus Willd."
"Dichrostachys cinerea","","35PD3","35PD3","9CKKL","Dichrostachys cinerea (L.) Wight & Arn.","Dichrostachys cinerea","(L.) Wight & Arn.","accepted","Dichrostachys cinerea (L.) Wight & Arn.","GENUS:Dichrostachys (A.DC.) Wight & Arn.|FAMILY:Fabaceae|ORDER:Fabales Bromhead|CLASS:Magnoliopsida|PHYLUM:Tracheophyta|SUBKINGDOM:Pteridobiotina Britton & Brown|KINGDOM:Plantae|DOMAIN:Eukaryota (Chatton, 1925) Whittaker & Margulis, 1978","Plantae","Tracheophyta","Magnoliopsida","Fabales Bromhead","Fabaceae","Dichrostachys (A.DC.) Wight & Arn."
"Dichrostachys spicata","","35PDT","35PDT","9CKKL","Dichrostachys spicata (F.Muell.) Domin","Dichrostachys spicata","(F.Muell.) Domin","accepted","Dichrostachys spicata (F.Muell.) Domin","GENUS:Dichrostachys (A.DC.) Wight & Arn.|FAMILY:Fabaceae|ORDER:Fabales Bromhead|CLASS:Magnoliopsida|PHYLUM:Tracheophyta|SUBKINGDOM:Pteridobiotina Britton & Brown|KINGDOM:Plantae|DOMAIN:Eukaryota (Chatton, 1925) Whittaker & Margulis, 1978","Plantae","Tracheophyta","Magnoliopsida","Fabales Bromhead","Fabaceae","Dichrostachys (A.DC.) Wight & Arn."
"Ebenopsis confinis","","9CRR2","9CRR2","9CKN3","Ebenopsis confinis (Standl.) Britton & Rose","Ebenopsis confinis","(Standl.) Britton & Rose","accepted","Ebenopsis confinis (Standl.) Britton & Rose","GENUS:Ebenopsis Britton & Rose|FAMILY:Fabaceae|ORDER:Fabales Bromhead|CLASS:Magnoliopsida|PHYLUM:Tracheophyta|SUBKINGDOM:Pteridobiotina Britton & Brown|KINGDOM:Plantae|DOMAIN:Eukaryota (Chatton, 1925) Whittaker & Margulis, 1978","Plantae","Tracheophyta","Magnoliopsida","Fabales Bromhead","Fabaceae","Ebenopsis Britton & Rose"
"Ebenopsis ebano","","38C97","38C97","9CKN3","Ebenopsis ebano (Berland.) Barneby & J.W.Grimes","Ebenopsis ebano","(Berland.) Barneby & J.W.Grimes","accepted","Ebenopsis ebano (Berland.) Barneby & J.W.Grimes","GENUS:Ebenopsis Britton & Rose|FAMILY:Fabaceae|ORDER:Fabales Bromhead|CLASS:Magnoliopsida|PHYLUM:Tracheophyta|SUBKINGDOM:Pteridobiotina Britton & Brown|KINGDOM:Plantae|DOMAIN:Eukaryota (Chatton, 1925) Whittaker & Margulis, 1978","Plantae","Tracheophyta","Magnoliopsida","Fabales Bromhead","Fabaceae","Ebenopsis Britton & Rose"
"Elephantorrhiza elephantina","","398CF","BT225","BT225","Elephantorrhiza elephantina (Burch.) Skeels","Elephantorrhiza elephantina","(Burch.) Skeels","synonym","Entada elephantina (Burch.) S.A.O’Donnell & G.P.Lewis","SPECIES:Entada elephantina (Burch.) S.A.O’Donnell & G.P.Lewis|GENUS:Entada Adans.|FAMILY:Fabaceae|ORDER:Fabales Bromhead|CLASS:Magnoliopsida|PHYLUM:Tracheophyta|SUBKINGDOM:Pteridobiotina Britton & Brown|KINGDOM:Plantae|DOMAIN:Eukaryota (Chatton, 1925) Whittaker & Margulis, 1978","Plantae","Tracheophyta","Magnoliopsida","Fabales Bromhead","Fabaceae","Entada Adans."
"Elephantorrhiza goetzei","","398CG","BT226","BT226","Elephantorrhiza goetzei (Harms) Harms","Elephantorrhiza goetzei","(Harms) Harms","synonym","Entada goetzei (Harms) S.A.O’Donnell & G.P.Lewis","SPECIES:Entada goetzei (Harms) S.A.O’Donnell & G.P.Lewis|GENUS:Entada Adans.|FAMILY:Fabaceae|ORDER:Fabales Bromhead|CLASS:Magnoliopsida|PHYLUM:Tracheophyta|SUBKINGDOM:Pteridobiotina Britton & Brown|KINGDOM:Plantae|DOMAIN:Eukaryota (Chatton, 1925) Whittaker & Margulis, 1978","Plantae","Tracheophyta","Magnoliopsida","Fabales Bromhead","Fabaceae","Entada Adans."
"Entada abyssinica","","39X4H","39X4H","9CKPZ","Entada abyssinica Steud. ex A.Rich.","Entada abyssinica","Steud. ex A.Rich.","accepted","Entada abyssinica Steud. ex A.Rich.","GENUS:Entada Adans.|FAMILY:Fabaceae|ORDER:Fabales Bromhead|CLASS:Magnoliopsida|PHYLUM:Tracheophyta|SUBKINGDOM:Pteridobiotina Britton & Brown|KINGDOM:Plantae|DOMAIN:Eukaryota (Chatton, 1925) Whittaker & Margulis, 1978","Plantae","Tracheophyta","Magnoliopsida","Fabales Bromhead","Fabaceae","Entada Adans."
"Entada gigas","","39X4Y","39X4Y","9CKPZ","Entada gigas (L.) Fawc. & Rendle","Entada gigas","(L.) Fawc. & Rendle","accepted","Entada gigas (L.) Fawc. & Rendle","GENUS:Entada Adans.|FAMILY:Fabaceae|ORDER:Fabales Bromhead|CLASS:Magnoliopsida|PHYLUM:Tracheophyta|SUBKINGDOM:Pteridobiotina Britton & Brown|KINGDOM:Plantae|DOMAIN:Eukaryota (Chatton, 1925) Whittaker & Margulis, 1978","Plantae","Tracheophyta","Magnoliopsida","Fabales Bromhead","Fabaceae","Entada Adans."
"Entada glandulosa","","39X4Z","39X4Z","9CKPZ","Entada glandulosa Pierre ex Gagnep.","Entada glandulosa","Pierre ex Gagnep.","accepted","Entada glandulosa Pierre ex Gagnep.","GENUS:Entada Adans.|FAMILY:Fabaceae|ORDER:Fabales Bromhead|CLASS:Magnoliopsida|PHYLUM:Tracheophyta|SUBKINGDOM:Pteridobiotina Britton & Brown|KINGDOM:Plantae|DOMAIN:Eukaryota (Chatton, 1925) Whittaker & Margulis, 1978","Plantae","Tracheophyta","Magnoliopsida","Fabales Bromhead","Fabaceae","Entada Adans."
"Entada mannii","","39X5B","39X5B","9CKPZ","Entada mannii (Oliv.) Tisser.","Entada mannii","(Oliv.) Tisser.","accepted","Entada mannii (Oliv.) Tisser.","GENUS:Entada Adans.|FAMILY:Fabaceae|ORDER:Fabales Bromhead|CLASS:Magnoliopsida|PHYLUM:Tracheophyta|SUBKINGDOM:Pteridobiotina Britton & Brown|KINGDOM:Plantae|DOMAIN:Eukaryota (Chatton, 1925) Whittaker & Margulis, 1978","Plantae","Tracheophyta","Magnoliopsida","Fabales Bromhead","Fabaceae","Entada Adans."
"Entada polyphylla","","39X5S","39X5S","9CKPZ","Entada polyphylla Benth.","Entada polyphylla","Benth.","accepted","Entada polyphylla Benth.","GENUS:Entada Adans.|FAMILY:Fabaceae|ORDER:Fabales Bromhead|CLASS:Magnoliopsida|PHYLUM:Tracheophyta|SUBKINGDOM:Pteridobiotina Britton & Brown|KINGDOM:Plantae|DOMAIN:Eukaryota (Chatton, 1925) Whittaker & Margulis, 1978","Plantae","Tracheophyta","Magnoliopsida","Fabales Bromhead","Fabaceae","Entada Adans."
"Entada polystachya","","39X5T","39X5T","9CKPZ","Entada polystachya (L.) DC.","Entada polystachya","(L.) DC.","accepted","Entada polystachya (L.) DC.","GENUS:Entada Adans.|FAMILY:Fabaceae|ORDER:Fabales Bromhead|CLASS:Magnoliopsida|PHYLUM:Tracheophyta|SUBKINGDOM:Pteridobiotina Britton & Brown|KINGDOM:Plantae|DOMAIN:Eukaryota (Chatton, 1925) Whittaker & Margulis, 1978","Plantae","Tracheophyta","Magnoliopsida","Fabales Bromhead","Fabaceae","Entada Adans."
"Entada rheedii","","39X5X","39X5X","9CKPZ","Entada rheedei Spreng.","Entada rheedei","Spreng.","accepted","Entada rheedei Spreng.","GENUS:Entada Adans.|FAMILY:Fabaceae|ORDER:Fabales Bromhead|CLASS:Magnoliopsida|PHYLUM:Tracheophyta|SUBKINGDOM:Pteridobiotina Britton & Brown|KINGDOM:Plantae|DOMAIN:Eukaryota (Chatton, 1925) Whittaker & Margulis, 1978","Plantae","Tracheophyta","Magnoliopsida","Fabales Bromhead","Fabaceae","Entada Adans."
"Entada stuhlmannii","","39X6F","39X6F","9CKPZ","Entada stuhlmannii (Taub.) Harms","Entada stuhlmannii","(Taub.) Harms","accepted","Entada stuhlmannii (Taub.) Harms","GENUS:Entada Adans.|FAMILY:Fabaceae|ORDER:Fabales Bromhead|CLASS:Magnoliopsida|PHYLUM:Tracheophyta|SUBKINGDOM:Pteridobiotina Britton & Brown|KINGDOM:Plantae|DOMAIN:Eukaryota (Chatton, 1925) Whittaker & Margulis, 1978","Plantae","Tracheophyta","Magnoliopsida","Fabales Bromhead","Fabaceae","Entada Adans."
"Enterolobium barnebianum","","39Y8B","39Y8B","9CKQ2","Enterolobium barnebianum Mesquita & M.F.Silva","Enterolobium barnebianum","Mesquita & M.F.Silva","accepted","Enterolobium barnebianum Mesquita & M.F.Silva","GENUS:Enterolobium Mart.|FAMILY:Fabaceae|ORDER:Fabales Bromhead|CLASS:Magnoliopsida|PHYLUM:Tracheophyta|SUBKINGDOM:Pteridobiotina Britton & Brown|KINGDOM:Plantae|DOMAIN:Eukaryota (Chatton, 1925) Whittaker & Margulis, 1978","Plantae","Tracheophyta","Magnoliopsida","Fabales Bromhead","Fabaceae","Enterolobium Mart."
"Enterolobium contortisiliquum","","6FDB6","6FDB6","9CKQ2","Enterolobium contortisiliquum (Vell.) Morong","Enterolobium contortisiliquum","(Vell.) Morong","accepted","Enterolobium contortisiliquum (Vell.) Morong","GENUS:Enterolobium Mart.|FAMILY:Fabaceae|ORDER:Fabales Bromhead|CLASS:Magnoliopsida|PHYLUM:Tracheophyta|SUBKINGDOM:Pteridobiotina Britton & Brown|KINGDOM:Plantae|DOMAIN:Eukaryota (Chatton, 1925) Whittaker & Margulis, 1978","Plantae","Tracheophyta","Magnoliopsida","Fabales Bromhead","Fabaceae","Enterolobium Mart."
"Enterolobium cyclocarpum","","39Y8F","39Y8F","9CKQ2","Enterolobium cyclocarpum (Jacq.) Griseb.","Enterolobium cyclocarpum","(Jacq.) Griseb.","accepted","Enterolobium cyclocarpum (Jacq.) Griseb.","GENUS:Enterolobium Mart.|FAMILY:Fabaceae|ORDER:Fabales Bromhead|CLASS:Magnoliopsida|PHYLUM:Tracheophyta|SUBKINGDOM:Pteridobiotina Britton & Brown|KINGDOM:Plantae|DOMAIN:Eukaryota (Chatton, 1925) Whittaker & Margulis, 1978","Plantae","Tracheophyta","Magnoliopsida","Fabales Bromhead","Fabaceae","Enterolobium Mart."
"Enterolobium ellipticum","","39Y8H","39Y8K","39Y8K","Enterolobium ellipticum Benth.","Enterolobium ellipticum","Benth.","synonym","Enterolobium gummiferum (Mart.) J.F.Macbr.","SPECIES:Enterolobium gummiferum (Mart.) J.F.Macbr.|GENUS:Enterolobium Mart.|FAMILY:Fabaceae|ORDER:Fabales Bromhead|CLASS:Magnoliopsida|PHYLUM:Tracheophyta|SUBKINGDOM:Pteridobiotina Britton & Brown|KINGDOM:Plantae|DOMAIN:Eukaryota (Chatton, 1925) Whittaker & Margulis, 1978","Plantae","Tracheophyta","Magnoliopsida","Fabales Bromhead","Fabaceae","Enterolobium Mart."
"Enterolobium gummiferum","","39Y8K","39Y8K","9CKQ2","Enterolobium gummiferum (Mart.) J.F.Macbr.","Enterolobium gummiferum","(Mart.) J.F.Macbr.","accepted","Enterolobium gummiferum (Mart.) J.F.Macbr.","GENUS:Enterolobium Mart.|FAMILY:Fabaceae|ORDER:Fabales Bromhead|CLASS:Magnoliopsida|PHYLUM:Tracheophyta|SUBKINGDOM:Pteridobiotina Britton & Brown|KINGDOM:Plantae|DOMAIN:Eukaryota (Chatton, 1925) Whittaker & Margulis, 1978","Plantae","Tracheophyta","Magnoliopsida","Fabales Bromhead","Fabaceae","Enterolobium Mart."
"Enterolobium schomburgkii","","39Y8S","BTSL8","BTSL8","Enterolobium schomburgkii (Benth.) Benth.","Enterolobium schomburgkii","(Benth.) Benth.","synonym","Robrichia schomburgkii (Benth.) A.R.M.Luz & E.R.Souza","SPECIES:Robrichia schomburgkii (Benth.) A.R.M.Luz & E.R.Souza|GENUS:Robrichia (Barneby & J.W.Grimes) A.R.M.Luz & E.R.Souza|FAMILY:Fabaceae|ORDER:Fabales Bromhead|CLASS:Magnoliopsida|PHYLUM:Tracheophyta|SUBKINGDOM:Pteridobiotina Britton & Brown|KINGDOM:Plantae|DOMAIN:Eukaryota (Chatton, 1925) Whittaker & Margulis, 1978","Plantae","Tracheophyta","Magnoliopsida","Fabales Bromhead","Fabaceae","Robrichia (Barneby & J.W.Grimes) A.R.M.Luz & E.R.Souza"
"Enterolobium timbouva","","39Y8T","39Y8T","9CKQ2","Enterolobium timbouva Mart.","Enterolobium timbouva","Mart.","accepted","Enterolobium timbouva Mart.","GENUS:Enterolobium Mart.|FAMILY:Fabaceae|ORDER:Fabales Bromhead|CLASS:Magnoliopsida|PHYLUM:Tracheophyta|SUBKINGDOM:Pteridobiotina Britton & Brown|KINGDOM:Plantae|DOMAIN:Eukaryota (Chatton, 1925) Whittaker & Margulis, 1978","Plantae","Tracheophyta","Magnoliopsida","Fabales Bromhead","Fabaceae","Enterolobium Mart."
"Faidherbia albida","","BT2L3","BT2L3","C9T6M","Faidherbia albida (Delile) A.Chev.","Faidherbia albida","(Delile) A.Chev.","accepted","Faidherbia albida (Delile) A.Chev.","GENUS:Faidherbia|FAMILY:Fabaceae|ORDER:Fabales Bromhead|CLASS:Magnoliopsida|PHYLUM:Tracheophyta|SUBKINGDOM:Pteridobiotina Britton & Brown|KINGDOM:Plantae|DOMAIN:Eukaryota (Chatton, 1925) Whittaker & Margulis, 1978","Plantae","Tracheophyta","Magnoliopsida","Fabales Bromhead","Fabaceae","Faidherbia"
"Falcataria moluccana","","3DT5J","9D4VJ","9D4VJ","Falcataria moluccana (Miq.) Barneby & J.W.Grimes","Falcataria moluccana","(Miq.) Barneby & J.W.Grimes","synonym","Falcataria falcata (L.) Greuter & R.Rankin","SPECIES:Falcataria falcata (L.) Greuter & R.Rankin|GENUS:Falcataria (I.C.Nielsen) Barneby & J.W.Grimes|FAMILY:Fabaceae|ORDER:Fabales Bromhead|CLASS:Magnoliopsida|PHYLUM:Tracheophyta|SUBKINGDOM:Pteridobiotina Britton & Brown|KINGDOM:Plantae|DOMAIN:Eukaryota (Chatton, 1925) Whittaker & Margulis, 1978","Plantae","Tracheophyta","Magnoliopsida","Fabales Bromhead","Fabaceae","Falcataria (I.C.Nielsen) Barneby & J.W.Grimes"
"Gagnebina commersoniana","","6JVYP","6JVYP","9CKV7","Gagnebina commersoniana (Baill.) R.Vig.","Gagnebina commersoniana","(Baill.) R.Vig.","accepted","Gagnebina commersoniana (Baill.) R.Vig.","GENUS:Gagnebina Neck. ex DC.|FAMILY:Fabaceae|ORDER:Fabales Bromhead|CLASS:Magnoliopsida|PHYLUM:Tracheophyta|SUBKINGDOM:Pteridobiotina Britton & Brown|KINGDOM:Plantae|DOMAIN:Eukaryota (Chatton, 1925) Whittaker & Margulis, 1978","Plantae","Tracheophyta","Magnoliopsida","Fabales Bromhead","Fabaceae","Gagnebina Neck. ex DC."
"Gagnebina microcephala","","6K7YP","6K7YP","9CKV7","Gagnebina microcephala (Renvoize) Villiers","Gagnebina microcephala","(Renvoize) Villiers","accepted","Gagnebina microcephala (Renvoize) Villiers","GENUS:Gagnebina Neck. ex DC.|FAMILY:Fabaceae|ORDER:Fabales Bromhead|CLASS:Magnoliopsida|PHYLUM:Tracheophyta|SUBKINGDOM:Pteridobiotina Britton & Brown|KINGDOM:Plantae|DOMAIN:Eukaryota (Chatton, 1925) Whittaker & Margulis, 1978","Plantae","Tracheophyta","Magnoliopsida","Fabales Bromhead","Fabaceae","Gagnebina Neck. ex DC."
"Gagnebina pterocarpa","","6K7YV","6K7YV","9CKV7","Gagnebina pterocarpa (Lam.) Baill.","Gagnebina pterocarpa","(Lam.) Baill.","accepted","Gagnebina pterocarpa (Lam.) Baill.","GENUS:Gagnebina Neck. ex DC.|FAMILY:Fabaceae|ORDER:Fabales Bromhead|CLASS:Magnoliopsida|PHYLUM:Tracheophyta|SUBKINGDOM:Pteridobiotina Britton & Brown|KINGDOM:Plantae|DOMAIN:Eukaryota (Chatton, 1925) Whittaker & Margulis, 1978","Plantae","Tracheophyta","Magnoliopsida","Fabales Bromhead","Fabaceae","Gagnebina Neck. ex DC."
"Havardia albicans","","3JWKH","3JWKH","9CKYF","Havardia albicans (Kunth) Britton & Rose","Havardia albicans","(Kunth) Britton & Rose","accepted","Havardia albicans (Kunth) Britton & Rose","GENUS:Havardia Small|FAMILY:Fabaceae|ORDER:Fabales Bromhead|CLASS:Magnoliopsida|PHYLUM:Tracheophyta|SUBKINGDOM:Pteridobiotina Britton & Brown|KINGDOM:Plantae|DOMAIN:Eukaryota (Chatton, 1925) Whittaker & Margulis, 1978","Plantae","Tracheophyta","Magnoliopsida","Fabales Bromhead","Fabaceae","Havardia Small"
"Havardia campylacanthus","","3JWKK","BTR23","BTR23","Havardia campylacantha (L.Rico & M.Sousa) Barneby & J.W.Grimes","Havardia campylacantha","(L.Rico & M.Sousa) Barneby & J.W.Grimes","synonym","Gretheria campylacantha (L.Rico & M.Sousa) Duno & Torke","SPECIES:Gretheria campylacantha (L.Rico & M.Sousa) Duno & Torke|GENUS:Gretheria Duno & Torke|FAMILY:Fabaceae|ORDER:Fabales Bromhead|CLASS:Magnoliopsida|PHYLUM:Tracheophyta|SUBKINGDOM:Pteridobiotina Britton & Brown|KINGDOM:Plantae|DOMAIN:Eukaryota (Chatton, 1925) Whittaker & Margulis, 1978","Plantae","Tracheophyta","Magnoliopsida","Fabales Bromhead","Fabaceae","Gretheria Duno & Torke"
"Havardia mexicana","","3JWKN","3JWKN","9CKYF","Havardia mexicana (Rose) Britton & Rose","Havardia mexicana","(Rose) Britton & Rose","accepted","Havardia mexicana (Rose) Britton & Rose","GENUS:Havardia Small|FAMILY:Fabaceae|ORDER:Fabales Bromhead|CLASS:Magnoliopsida|PHYLUM:Tracheophyta|SUBKINGDOM:Pteridobiotina Britton & Brown|KINGDOM:Plantae|DOMAIN:Eukaryota (Chatton, 1925) Whittaker & Margulis, 1978","Plantae","Tracheophyta","Magnoliopsida","Fabales Bromhead","Fabaceae","Havardia Small"
"Havardia pallens","","3JWKQ","3JWKQ","9CKYF","Havardia pallens (Benth.) Britton & Rose","Havardia pallens","(Benth.) Britton & Rose","accepted","Havardia pallens (Benth.) Britton & Rose","GENUS:Havardia Small|FAMILY:Fabaceae|ORDER:Fabales Bromhead|CLASS:Magnoliopsida|PHYLUM:Tracheophyta|SUBKINGDOM:Pteridobiotina Britton & Brown|KINGDOM:Plantae|DOMAIN:Eukaryota (Chatton, 1925) Whittaker & Margulis, 1978","Plantae","Tracheophyta","Magnoliopsida","Fabales Bromhead","Fabaceae","Havardia Small"
"Hesperalbizia occidentalis","","3L42D","3L42D","9CKYY","Hesperalbizia occidentalis (Brandegee) Barneby & J.W.Grimes","Hesperalbizia occidentalis","(Brandegee) Barneby & J.W.Grimes","accepted","Hesperalbizia occidentalis (Brandegee) Barneby & J.W.Grimes","GENUS:Hesperalbizia Barneby & J.W.Grimes|FAMILY:Fabaceae|ORDER:Fabales Bromhead|CLASS:Magnoliopsida|PHYLUM:Tracheophyta|SUBKINGDOM:Pteridobiotina Britton & Brown|KINGDOM:Plantae|DOMAIN:Eukaryota (Chatton, 1925) Whittaker & Margulis, 1978","Plantae","Tracheophyta","Magnoliopsida","Fabales Bromhead","Fabaceae","Hesperalbizia Barneby & J.W.Grimes"
"Hydrochorea corymbosa","","3N64H","3N64H","9CKZY","Hydrochorea corymbosa (Rich.) Barneby & J.W.Grimes","Hydrochorea corymbosa","(Rich.) Barneby & J.W.Grimes","accepted","Hydrochorea corymbosa (Rich.) Barneby & J.W.Grimes","GENUS:Hydrochorea Barneby & J.W.Grimes|FAMILY:Fabaceae|ORDER:Fabales Bromhead|CLASS:Magnoliopsida|PHYLUM:Tracheophyta|SUBKINGDOM:Pteridobiotina Britton & Brown|KINGDOM:Plantae|DOMAIN:Eukaryota (Chatton, 1925) Whittaker & Margulis, 1978","Plantae","Tracheophyta","Magnoliopsida","Fabales Bromhead","Fabaceae","Hydrochorea Barneby & J.W.Grimes"
"Hydrochorea gonggrijpii","","3N64J","3N64J","9CKZY","Hydrochorea gonggrijpii (Kleinhoonte) Barneby & J.W.Grimes","Hydrochorea gonggrijpii","(Kleinhoonte) Barneby & J.W.Grimes","accepted","Hydrochorea gonggrijpii (Kleinhoonte) Barneby & J.W.Grimes","GENUS:Hydrochorea Barneby & J.W.Grimes|FAMILY:Fabaceae|ORDER:Fabales Bromhead|CLASS:Magnoliopsida|PHYLUM:Tracheophyta|SUBKINGDOM:Pteridobiotina Britton & Brown|KINGDOM:Plantae|DOMAIN:Eukaryota (Chatton, 1925) Whittaker & Margulis, 1978","Plantae","Tracheophyta","Magnoliopsida","Fabales Bromhead","Fabaceae","Hydrochorea Barneby & J.W.Grimes"
"Inga acreana","","6MVL6","6MVL6","9CL35","Inga acreana Harms","Inga acreana","Harms","accepted","Inga acreana Harms","GENUS:Inga Mill.|FAMILY:Fabaceae|ORDER:Fabales Bromhead|CLASS:Magnoliopsida|PHYLUM:Tracheophyta|SUBKINGDOM:Pteridobiotina Britton & Brown|KINGDOM:Plantae|DOMAIN:Eukaryota (Chatton, 1925) Whittaker & Margulis, 1978","Plantae","Tracheophyta","Magnoliopsida","Fabales Bromhead","Fabaceae","Inga Mill."
"Inga acrocephala","","3PPCF","3PPCF","9CL35","Inga acrocephala Steud.","Inga acrocephala","Steud.","accepted","Inga acrocephala Steud.","GENUS:Inga Mill.|FAMILY:Fabaceae|ORDER:Fabales Bromhead|CLASS:Magnoliopsida|PHYLUM:Tracheophyta|SUBKINGDOM:Pteridobiotina Britton & Brown|KINGDOM:Plantae|DOMAIN:Eukaryota (Chatton, 1925) Whittaker & Margulis, 1978","Plantae","Tracheophyta","Magnoliopsida","Fabales Bromhead","Fabaceae","Inga Mill."
"Inga acuminata","","3PPCG","3PPCG","9CL35","Inga acuminata Benth.","Inga acuminata","Benth.","accepted","Inga acuminata Benth.","GENUS:Inga Mill.|FAMILY:Fabaceae|ORDER:Fabales Bromhead|CLASS:Magnoliopsida|PHYLUM:Tracheophyta|SUBKINGDOM:Pteridobiotina Britton & Brown|KINGDOM:Plantae|DOMAIN:Eukaryota (Chatton, 1925) Whittaker & Margulis, 1978","Plantae","Tracheophyta","Magnoliopsida","Fabales Bromhead","Fabaceae","Inga Mill."
"Inga adenophylla","","3PPCK","3PPCK","9CL35","Inga adenophylla Pittier","Inga adenophylla","Pittier","accepted","Inga adenophylla Pittier","GENUS:Inga Mill.|FAMILY:Fabaceae|ORDER:Fabales Bromhead|CLASS:Magnoliopsida|PHYLUM:Tracheophyta|SUBKINGDOM:Pteridobiotina Britton & Brown|KINGDOM:Plantae|DOMAIN:Eukaryota (Chatton, 1925) Whittaker & Margulis, 1978","Plantae","Tracheophyta","Magnoliopsida","Fabales Bromhead","Fabaceae","Inga Mill."
"Inga affinis","","3PPCP","3PPCP","9CL35","Inga affinis DC.","Inga affinis","DC.","accepted","Inga affinis DC.","GENUS:Inga Mill.|FAMILY:Fabaceae|ORDER:Fabales Bromhead|CLASS:Magnoliopsida|PHYLUM:Tracheophyta|SUBKINGDOM:Pteridobiotina Britton & Brown|KINGDOM:Plantae|DOMAIN:Eukaryota (Chatton, 1925) Whittaker & Margulis, 1978","Plantae","Tracheophyta","Magnoliopsida","Fabales Bromhead","Fabaceae","Inga Mill."
"Inga aggregata","","3PPCQ","6N7L6","6N7L6","Inga aggregata G.Don","Inga aggregata","G.Don","synonym","Inga alba (Sw.) Willd.","SPECIES:Inga alba (Sw.) Willd.|GENUS:Inga Mill.|FAMILY:Fabaceae|ORDER:Fabales Bromhead|CLASS:Magnoliopsida|PHYLUM:Tracheophyta|SUBKINGDOM:Pteridobiotina Britton & Brown|KINGDOM:Plantae|DOMAIN:Eukaryota (Chatton, 1925) Whittaker & Margulis, 1978","Plantae","Tracheophyta","Magnoliopsida","Fabales Bromhead","Fabaceae","Inga Mill."
"Inga alata","","3PPCR","3PPCR","9CL35","Inga alata Benoist","Inga alata","Benoist","accepted","Inga alata Benoist","GENUS:Inga Mill.|FAMILY:Fabaceae|ORDER:Fabales Bromhead|CLASS:Magnoliopsida|PHYLUM:Tracheophyta|SUBKINGDOM:Pteridobiotina Britton & Brown|KINGDOM:Plantae|DOMAIN:Eukaryota (Chatton, 1925) Whittaker & Margulis, 1978","Plantae","Tracheophyta","Magnoliopsida","Fabales Bromhead","Fabaceae","Inga Mill."
"Inga alba","","6N7L6","6N7L6","9CL35","Inga alba (Sw.) Willd.","Inga alba","(Sw.) Willd.","accepted","Inga alba (Sw.) Willd.","GENUS:Inga Mill.|FAMILY:Fabaceae|ORDER:Fabales Bromhead|CLASS:Magnoliopsida|PHYLUM:Tracheophyta|SUBKINGDOM:Pteridobiotina Britton & Brown|KINGDOM:Plantae|DOMAIN:Eukaryota (Chatton, 1925) Whittaker & Margulis, 1978","Plantae","Tracheophyta","Magnoliopsida","Fabales Bromhead","Fabaceae","Inga Mill."
"Inga altissima","","9D55Z","BTRX8","BTRX8","Inga altissima (Hook.f.) Roberty","Inga altissima","(Hook.f.) Roberty","ambiguous synonym","Osodendron altissimum (Hook.f.) E.J.M.Koenen","SPECIES:Osodendron altissimum (Hook.f.) E.J.M.Koenen|GENUS:Osodendron E.J.M.Koenen|FAMILY:Fabaceae|ORDER:Fabales Bromhead|CLASS:Magnoliopsida|PHYLUM:Tracheophyta|SUBKINGDOM:Pteridobiotina Britton & Brown|KINGDOM:Plantae|DOMAIN:Eukaryota (Chatton, 1925) Whittaker & Margulis, 1978","Plantae","Tracheophyta","Magnoliopsida","Fabales Bromhead","Fabaceae","Osodendron E.J.M.Koenen"
"Inga arenicola","","3PPDC","3PPDC","9CL35","Inga arenicola T.D.Penn.","Inga arenicola","T.D.Penn.","accepted","Inga arenicola T.D.Penn.","GENUS:Inga Mill.|FAMILY:Fabaceae|ORDER:Fabales Bromhead|CLASS:Magnoliopsida|PHYLUM:Tracheophyta|SUBKINGDOM:Pteridobiotina Britton & Brown|KINGDOM:Plantae|DOMAIN:Eukaryota (Chatton, 1925) Whittaker & Margulis, 1978","Plantae","Tracheophyta","Magnoliopsida","Fabales Bromhead","Fabaceae","Inga Mill."
"Inga auristellae","","3PPDJ","3PPDJ","9CL35","Inga auristellae Harms","Inga auristellae","Harms","accepted","Inga auristellae Harms","GENUS:Inga Mill.|FAMILY:Fabaceae|ORDER:Fabales Bromhead|CLASS:Magnoliopsida|PHYLUM:Tracheophyta|SUBKINGDOM:Pteridobiotina Britton & Brown|KINGDOM:Plantae|DOMAIN:Eukaryota (Chatton, 1925) Whittaker & Margulis, 1978","Plantae","Tracheophyta","Magnoliopsida","Fabales Bromhead","Fabaceae","Inga Mill."
"Inga barbata","","3PPDP","3PPDP","9CL35","Inga barbata Benth.","Inga barbata","Benth.","accepted","Inga barbata Benth.","GENUS:Inga Mill.|FAMILY:Fabaceae|ORDER:Fabales Bromhead|CLASS:Magnoliopsida|PHYLUM:Tracheophyta|SUBKINGDOM:Pteridobiotina Britton & Brown|KINGDOM:Plantae|DOMAIN:Eukaryota (Chatton, 1925) Whittaker & Margulis, 1978","Plantae","Tracheophyta","Magnoliopsida","Fabales Bromhead","Fabaceae","Inga Mill."
"Inga barbourii","","3PPDQ","3PPDQ","9CL35","Inga barbourii Standl.","Inga barbourii","Standl.","accepted","Inga barbourii Standl.","GENUS:Inga Mill.|FAMILY:Fabaceae|ORDER:Fabales Bromhead|CLASS:Magnoliopsida|PHYLUM:Tracheophyta|SUBKINGDOM:Pteridobiotina Britton & Brown|KINGDOM:Plantae|DOMAIN:Eukaryota (Chatton, 1925) Whittaker & Margulis, 1978","Plantae","Tracheophyta","Magnoliopsida","Fabales Bromhead","Fabaceae","Inga Mill."
"Inga belizensis","","3PPDS","3PPDS","9CL35","Inga belizensis Standl.","Inga belizensis","Standl.","accepted","Inga belizensis Standl.","GENUS:Inga Mill.|FAMILY:Fabaceae|ORDER:Fabales Bromhead|CLASS:Magnoliopsida|PHYLUM:Tracheophyta|SUBKINGDOM:Pteridobiotina Britton & Brown|KINGDOM:Plantae|DOMAIN:Eukaryota (Chatton, 1925) Whittaker & Margulis, 1978","Plantae","Tracheophyta","Magnoliopsida","Fabales Bromhead","Fabaceae","Inga Mill."
"Inga bella","","3PPDT","3PPDT","9CL35","Inga bella M.Sousa","Inga bella","M.Sousa","accepted","Inga bella M.Sousa","GENUS:Inga Mill.|FAMILY:Fabaceae|ORDER:Fabales Bromhead|CLASS:Magnoliopsida|PHYLUM:Tracheophyta|SUBKINGDOM:Pteridobiotina Britton & Brown|KINGDOM:Plantae|DOMAIN:Eukaryota (Chatton, 1925) Whittaker & Margulis, 1978","Plantae","Tracheophyta","Magnoliopsida","Fabales Bromhead","Fabaceae","Inga Mill."
"Inga blanchetiana","","6MVL8","6MVL8","9CL35","Inga blanchetiana Benth.","Inga blanchetiana","Benth.","accepted","Inga blanchetiana Benth.","GENUS:Inga Mill.|FAMILY:Fabaceae|ORDER:Fabales Bromhead|CLASS:Magnoliopsida|PHYLUM:Tracheophyta|SUBKINGDOM:Pteridobiotina Britton & Brown|KINGDOM:Plantae|DOMAIN:Eukaryota (Chatton, 1925) Whittaker & Margulis, 1978","Plantae","Tracheophyta","Magnoliopsida","Fabales Bromhead","Fabaceae","Inga Mill."
"Inga bourgonii","","6MVKQ","6MVKQ","9CL35","Inga bourgoni (Aubl.) DC.","Inga bourgoni","(Aubl.) DC.","accepted","Inga bourgoni (Aubl.) DC.","GENUS:Inga Mill.|FAMILY:Fabaceae|ORDER:Fabales Bromhead|CLASS:Magnoliopsida|PHYLUM:Tracheophyta|SUBKINGDOM:Pteridobiotina Britton & Brown|KINGDOM:Plantae|DOMAIN:Eukaryota (Chatton, 1925) Whittaker & Margulis, 1978","Plantae","Tracheophyta","Magnoliopsida","Fabales Bromhead","Fabaceae","Inga Mill."
"Inga brachyrhachis","","6N7KQ","6N7KQ","9CL35","Inga brachyrhachis Harms","Inga brachyrhachis","Harms","accepted","Inga brachyrhachis Harms","GENUS:Inga Mill.|FAMILY:Fabaceae|ORDER:Fabales Bromhead|CLASS:Magnoliopsida|PHYLUM:Tracheophyta|SUBKINGDOM:Pteridobiotina Britton & Brown|KINGDOM:Plantae|DOMAIN:Eukaryota (Chatton, 1925) Whittaker & Margulis, 1978","Plantae","Tracheophyta","Magnoliopsida","Fabales Bromhead","Fabaceae","Inga Mill."
"Inga brachystachya","","6MVKP","9DZT6","9DZT6","Inga brachystachya DC.","Inga brachystachya","DC.","ambiguous synonym","Jupunba brachystachya (DC.) M.V.B.Soares, M.P.Morim & Iganci","SPECIES:Jupunba brachystachya (DC.) M.V.B.Soares, M.P.Morim & Iganci|GENUS:Jupunba Britton & Rose|FAMILY:Fabaceae|ORDER:Fabales Bromhead|CLASS:Magnoliopsida|PHYLUM:Tracheophyta|SUBKINGDOM:Pteridobiotina Britton & Brown|KINGDOM:Plantae|DOMAIN:Eukaryota (Chatton, 1925) Whittaker & Margulis, 1978","Plantae","Tracheophyta","Magnoliopsida","Fabales Bromhead","Fabaceae","Jupunba Britton & Rose"
"Inga bracteifera","","6MVKS","6MVKS","9CL35","Inga bracteifera N.Zamora & T.D.Penn.","Inga bracteifera","N.Zamora & T.D.Penn.","accepted","Inga bracteifera N.Zamora & T.D.Penn.","GENUS:Inga Mill.|FAMILY:Fabaceae|ORDER:Fabales Bromhead|CLASS:Magnoliopsida|PHYLUM:Tracheophyta|SUBKINGDOM:Pteridobiotina Britton & Brown|KINGDOM:Plantae|DOMAIN:Eukaryota (Chatton, 1925) Whittaker & Margulis, 1978","Plantae","Tracheophyta","Magnoliopsida","Fabales Bromhead","Fabaceae","Inga Mill."
"Inga bracteosa","","6MVL4","3PPRH","3PPRH","Inga bracteosa Benth.","Inga bracteosa","Benth.","synonym","Inga macrophylla Humb. & Bonpl. ex Willd.","SPECIES:Inga macrophylla Humb. & Bonpl. ex Willd.|GENUS:Inga Mill.|FAMILY:Fabaceae|ORDER:Fabales Bromhead|CLASS:Magnoliopsida|PHYLUM:Tracheophyta|SUBKINGDOM:Pteridobiotina Britton & Brown|KINGDOM:Plantae|DOMAIN:Eukaryota (Chatton, 1925) Whittaker & Margulis, 1978","Plantae","Tracheophyta","Magnoliopsida","Fabales Bromhead","Fabaceae","Inga Mill."
"Inga brevipedicellata","","6MVKR","3PPCF","3PPCF","Inga brevipedicellata Harms","Inga brevipedicellata","Harms","synonym","Inga acrocephala Steud.","SPECIES:Inga acrocephala Steud.|GENUS:Inga Mill.|FAMILY:Fabaceae|ORDER:Fabales Bromhead|CLASS:Magnoliopsida|PHYLUM:Tracheophyta|SUBKINGDOM:Pteridobiotina Britton & Brown|KINGDOM:Plantae|DOMAIN:Eukaryota (Chatton, 1925) Whittaker & Margulis, 1978","Plantae","Tracheophyta","Magnoliopsida","Fabales Bromhead","Fabaceae","Inga Mill."
"Inga brevipes","","6MVL3","6MVL3","9CL35","Inga brevipes Benth.","Inga brevipes","Benth.","accepted","Inga brevipes Benth.","GENUS:Inga Mill.|FAMILY:Fabaceae|ORDER:Fabales Bromhead|CLASS:Magnoliopsida|PHYLUM:Tracheophyta|SUBKINGDOM:Pteridobiotina Britton & Brown|KINGDOM:Plantae|DOMAIN:Eukaryota (Chatton, 1925) Whittaker & Margulis, 1978","Plantae","Tracheophyta","Magnoliopsida","Fabales Bromhead","Fabaceae","Inga Mill."
"Inga bullatorugosa","","6MVKN","6MVKN","9CL35","Inga bullatorugosa Ducke","Inga bullatorugosa","Ducke","accepted","Inga bullatorugosa Ducke","GENUS:Inga Mill.|FAMILY:Fabaceae|ORDER:Fabales Bromhead|CLASS:Magnoliopsida|PHYLUM:Tracheophyta|SUBKINGDOM:Pteridobiotina Britton & Brown|KINGDOM:Plantae|DOMAIN:Eukaryota (Chatton, 1925) Whittaker & Margulis, 1978","Plantae","Tracheophyta","Magnoliopsida","Fabales Bromhead","Fabaceae","Inga Mill."
"Inga calcicola","","3PPF3","3PPF3","9CL35","Inga calcicola M.Sousa","Inga calcicola","M.Sousa","accepted","Inga calcicola M.Sousa","GENUS:Inga Mill.|FAMILY:Fabaceae|ORDER:Fabales Bromhead|CLASS:Magnoliopsida|PHYLUM:Tracheophyta|SUBKINGDOM:Pteridobiotina Britton & Brown|KINGDOM:Plantae|DOMAIN:Eukaryota (Chatton, 1925) Whittaker & Margulis, 1978","Plantae","Tracheophyta","Magnoliopsida","Fabales Bromhead","Fabaceae","Inga Mill."
"Inga calderonii","","3PPF5","3PPF5","9CL35","Inga calderonii Standl.","Inga calderonii","Standl.","accepted","Inga calderonii Standl.","GENUS:Inga Mill.|FAMILY:Fabaceae|ORDER:Fabales Bromhead|CLASS:Magnoliopsida|PHYLUM:Tracheophyta|SUBKINGDOM:Pteridobiotina Britton & Brown|KINGDOM:Plantae|DOMAIN:Eukaryota (Chatton, 1925) Whittaker & Margulis, 1978","Plantae","Tracheophyta","Magnoliopsida","Fabales Bromhead","Fabaceae","Inga Mill."
"Inga carinata","","3PPFT","3PPFT","9CL35","Inga carinata T.D.Penn.","Inga carinata","T.D.Penn.","accepted","Inga carinata T.D.Penn.","GENUS:Inga Mill.|FAMILY:Fabaceae|ORDER:Fabales Bromhead|CLASS:Magnoliopsida|PHYLUM:Tracheophyta|SUBKINGDOM:Pteridobiotina Britton & Brown|KINGDOM:Plantae|DOMAIN:Eukaryota (Chatton, 1925) Whittaker & Margulis, 1978","Plantae","Tracheophyta","Magnoliopsida","Fabales Bromhead","Fabaceae","Inga Mill."
"Inga cecropietorum","","3PPG7","3PPG7","9CL35","Inga cecropietorum Ducke","Inga cecropietorum","Ducke","accepted","Inga cecropietorum Ducke","GENUS:Inga Mill.|FAMILY:Fabaceae|ORDER:Fabales Bromhead|CLASS:Magnoliopsida|PHYLUM:Tracheophyta|SUBKINGDOM:Pteridobiotina Britton & Brown|KINGDOM:Plantae|DOMAIN:Eukaryota (Chatton, 1925) Whittaker & Margulis, 1978","Plantae","Tracheophyta","Magnoliopsida","Fabales Bromhead","Fabaceae","Inga Mill."
"Inga chocoensis","","3PPGH","3PPGH","9CL35","Inga chocoensis Killip ex T.S.Elias","Inga chocoensis","Killip ex T.S.Elias","accepted","Inga chocoensis Killip ex T.S.Elias","GENUS:Inga Mill.|FAMILY:Fabaceae|ORDER:Fabales Bromhead|CLASS:Magnoliopsida|PHYLUM:Tracheophyta|SUBKINGDOM:Pteridobiotina Britton & Brown|KINGDOM:Plantae|DOMAIN:Eukaryota (Chatton, 1925) Whittaker & Margulis, 1978","Plantae","Tracheophyta","Magnoliopsida","Fabales Bromhead","Fabaceae","Inga Mill."
"Inga ciliata","","3PPGN","3PPGN","9CL35","Inga ciliata C.Presl","Inga ciliata","C.Presl","accepted","Inga ciliata C.Presl","GENUS:Inga Mill.|FAMILY:Fabaceae|ORDER:Fabales Bromhead|CLASS:Magnoliopsida|PHYLUM:Tracheophyta|SUBKINGDOM:Pteridobiotina Britton & Brown|KINGDOM:Plantae|DOMAIN:Eukaryota (Chatton, 1925) Whittaker & Margulis, 1978","Plantae","Tracheophyta","Magnoliopsida","Fabales Bromhead","Fabaceae","Inga Mill."
"Inga cocleensis","","3PPGY","3PPGY","9CL35","Inga cocleensis Pittier","Inga cocleensis","Pittier","accepted","Inga cocleensis Pittier","GENUS:Inga Mill.|FAMILY:Fabaceae|ORDER:Fabales Bromhead|CLASS:Magnoliopsida|PHYLUM:Tracheophyta|SUBKINGDOM:Pteridobiotina Britton & Brown|KINGDOM:Plantae|DOMAIN:Eukaryota (Chatton, 1925) Whittaker & Margulis, 1978","Plantae","Tracheophyta","Magnoliopsida","Fabales Bromhead","Fabaceae","Inga Mill."
"Inga codonantha","","3PPGZ","6N7M2","6N7M2","Inga codonantha Pittier","Inga codonantha","Pittier","synonym","Inga ornata Kunth","SPECIES:Inga ornata Kunth|GENUS:Inga Mill.|FAMILY:Fabaceae|ORDER:Fabales Bromhead|CLASS:Magnoliopsida|PHYLUM:Tracheophyta|SUBKINGDOM:Pteridobiotina Britton & Brown|KINGDOM:Plantae|DOMAIN:Eukaryota (Chatton, 1925) Whittaker & Margulis, 1978","Plantae","Tracheophyta","Magnoliopsida","Fabales Bromhead","Fabaceae","Inga Mill."
"Inga cookii","","3PPHG","3PPHG","9CL35","Inga cookii Pittier","Inga cookii","Pittier","accepted","Inga cookii Pittier","GENUS:Inga Mill.|FAMILY:Fabaceae|ORDER:Fabales Bromhead|CLASS:Magnoliopsida|PHYLUM:Tracheophyta|SUBKINGDOM:Pteridobiotina Britton & Brown|KINGDOM:Plantae|DOMAIN:Eukaryota (Chatton, 1925) Whittaker & Margulis, 1978","Plantae","Tracheophyta","Magnoliopsida","Fabales Bromhead","Fabaceae","Inga Mill."
"Inga cordatoalata","","3PPHJ","3PPHJ","9CL35","Inga cordatoalata Ducke","Inga cordatoalata","Ducke","accepted","Inga cordatoalata Ducke","GENUS:Inga Mill.|FAMILY:Fabaceae|ORDER:Fabales Bromhead|CLASS:Magnoliopsida|PHYLUM:Tracheophyta|SUBKINGDOM:Pteridobiotina Britton & Brown|KINGDOM:Plantae|DOMAIN:Eukaryota (Chatton, 1925) Whittaker & Margulis, 1978","Plantae","Tracheophyta","Magnoliopsida","Fabales Bromhead","Fabaceae","Inga Mill."
"Inga cordistipula","","3PPHK","3PPHK","9CL35","Inga cordistipula Mart.","Inga cordistipula","Mart.","accepted","Inga cordistipula Mart.","GENUS:Inga Mill.|FAMILY:Fabaceae|ORDER:Fabales Bromhead|CLASS:Magnoliopsida|PHYLUM:Tracheophyta|SUBKINGDOM:Pteridobiotina Britton & Brown|KINGDOM:Plantae|DOMAIN:Eukaryota (Chatton, 1925) Whittaker & Margulis, 1978","Plantae","Tracheophyta","Magnoliopsida","Fabales Bromhead","Fabaceae","Inga Mill."
"Inga coruscans","","3PPHN","3PPHN","9CL35","Inga coruscans Humb. & Bonpl. ex Willd.","Inga coruscans","Humb. & Bonpl. ex Willd.","accepted","Inga coruscans Humb. & Bonpl. ex Willd.","GENUS:Inga Mill.|FAMILY:Fabaceae|ORDER:Fabales Bromhead|CLASS:Magnoliopsida|PHYLUM:Tracheophyta|SUBKINGDOM:Pteridobiotina Britton & Brown|KINGDOM:Plantae|DOMAIN:Eukaryota (Chatton, 1925) Whittaker & Margulis, 1978","Plantae","Tracheophyta","Magnoliopsida","Fabales Bromhead","Fabaceae","Inga Mill."
"Inga crassiflora","","3PPHR","3PPHR","9CL35","Inga crassiflora Ducke","Inga crassiflora","Ducke","accepted","Inga crassiflora Ducke","GENUS:Inga Mill.|FAMILY:Fabaceae|ORDER:Fabales Bromhead|CLASS:Magnoliopsida|PHYLUM:Tracheophyta|SUBKINGDOM:Pteridobiotina Britton & Brown|KINGDOM:Plantae|DOMAIN:Eukaryota (Chatton, 1925) Whittaker & Margulis, 1978","Plantae","Tracheophyta","Magnoliopsida","Fabales Bromhead","Fabaceae","Inga Mill."
"Inga cyclocarpa","","3PPJ2","39Y8F","39Y8F","Inga cyclocarpa (Jacq.) Willd.","Inga cyclocarpa","(Jacq.) Willd.","ambiguous synonym","Enterolobium cyclocarpum (Jacq.) Griseb.","SPECIES:Enterolobium cyclocarpum (Jacq.) Griseb.|GENUS:Enterolobium Mart.|FAMILY:Fabaceae|ORDER:Fabales Bromhead|CLASS:Magnoliopsida|PHYLUM:Tracheophyta|SUBKINGDOM:Pteridobiotina Britton & Brown|KINGDOM:Plantae|DOMAIN:Eukaryota (Chatton, 1925) Whittaker & Margulis, 1978","Plantae","Tracheophyta","Magnoliopsida","Fabales Bromhead","Fabaceae","Enterolobium Mart."
"Inga davidsei","","6MVMH","6MVMH","9CL35","Inga davidsei M.Sousa","Inga davidsei","M.Sousa","accepted","Inga davidsei M.Sousa","GENUS:Inga Mill.|FAMILY:Fabaceae|ORDER:Fabales Bromhead|CLASS:Magnoliopsida|PHYLUM:Tracheophyta|SUBKINGDOM:Pteridobiotina Britton & Brown|KINGDOM:Plantae|DOMAIN:Eukaryota (Chatton, 1925) Whittaker & Margulis, 1978","Plantae","Tracheophyta","Magnoliopsida","Fabales Bromhead","Fabaceae","Inga Mill."
"Inga densiflora","","3PPJD","3PPJD","9CL35","Inga densiflora Benth.","Inga densiflora","Benth.","accepted","Inga densiflora Benth.","GENUS:Inga Mill.|FAMILY:Fabaceae|ORDER:Fabales Bromhead|CLASS:Magnoliopsida|PHYLUM:Tracheophyta|SUBKINGDOM:Pteridobiotina Britton & Brown|KINGDOM:Plantae|DOMAIN:Eukaryota (Chatton, 1925) Whittaker & Margulis, 1978","Plantae","Tracheophyta","Magnoliopsida","Fabales Bromhead","Fabaceae","Inga Mill."
"Inga disticha","","3PPJJ","3PPJJ","9CL35","Inga disticha Benth.","Inga disticha","Benth.","accepted","Inga disticha Benth.","GENUS:Inga Mill.|FAMILY:Fabaceae|ORDER:Fabales Bromhead|CLASS:Magnoliopsida|PHYLUM:Tracheophyta|SUBKINGDOM:Pteridobiotina Britton & Brown|KINGDOM:Plantae|DOMAIN:Eukaryota (Chatton, 1925) Whittaker & Margulis, 1978","Plantae","Tracheophyta","Magnoliopsida","Fabales Bromhead","Fabaceae","Inga Mill."
"Inga duckei","","3PPJQ","3PPJQ","9CL35","Inga duckei Huber","Inga duckei","Huber","accepted","Inga duckei Huber","GENUS:Inga Mill.|FAMILY:Fabaceae|ORDER:Fabales Bromhead|CLASS:Magnoliopsida|PHYLUM:Tracheophyta|SUBKINGDOM:Pteridobiotina Britton & Brown|KINGDOM:Plantae|DOMAIN:Eukaryota (Chatton, 1925) Whittaker & Margulis, 1978","Plantae","Tracheophyta","Magnoliopsida","Fabales Bromhead","Fabaceae","Inga Mill."
"Inga edulis","","3PPJX","3PPJX","9CL35","Inga edulis Mart.","Inga edulis","Mart.","accepted","Inga edulis Mart.","GENUS:Inga Mill.|FAMILY:Fabaceae|ORDER:Fabales Bromhead|CLASS:Magnoliopsida|PHYLUM:Tracheophyta|SUBKINGDOM:Pteridobiotina Britton & Brown|KINGDOM:Plantae|DOMAIN:Eukaryota (Chatton, 1925) Whittaker & Margulis, 1978","Plantae","Tracheophyta","Magnoliopsida","Fabales Bromhead","Fabaceae","Inga Mill."
"Inga endlicheri","","6N7MC","3PPTZ","3PPTZ","Inga endlicheri (Kuntze) J.F.Macbr.","Inga endlicheri","(Kuntze) J.F.Macbr.","synonym","Inga oerstediana Benth.","SPECIES:Inga oerstediana Benth.|GENUS:Inga Mill.|FAMILY:Fabaceae|ORDER:Fabales Bromhead|CLASS:Magnoliopsida|PHYLUM:Tracheophyta|SUBKINGDOM:Pteridobiotina Britton & Brown|KINGDOM:Plantae|DOMAIN:Eukaryota (Chatton, 1925) Whittaker & Margulis, 1978","Plantae","Tracheophyta","Magnoliopsida","Fabales Bromhead","Fabaceae","Inga Mill."
"Inga exalata","","3PPKN","3PPKN","9CL35","Inga exalata T.S.Elias","Inga exalata","T.S.Elias","accepted","Inga exalata T.S.Elias","GENUS:Inga Mill.|FAMILY:Fabaceae|ORDER:Fabales Bromhead|CLASS:Magnoliopsida|PHYLUM:Tracheophyta|SUBKINGDOM:Pteridobiotina Britton & Brown|KINGDOM:Plantae|DOMAIN:Eukaryota (Chatton, 1925) Whittaker & Margulis, 1978","Plantae","Tracheophyta","Magnoliopsida","Fabales Bromhead","Fabaceae","Inga Mill."
"Inga fendleriana","","6MVMD","6MVMD","9CL35","Inga fendleriana Benth.","Inga fendleriana","Benth.","accepted","Inga fendleriana Benth.","GENUS:Inga Mill.|FAMILY:Fabaceae|ORDER:Fabales Bromhead|CLASS:Magnoliopsida|PHYLUM:Tracheophyta|SUBKINGDOM:Pteridobiotina Britton & Brown|KINGDOM:Plantae|DOMAIN:Eukaryota (Chatton, 1925) Whittaker & Margulis, 1978","Plantae","Tracheophyta","Magnoliopsida","Fabales Bromhead","Fabaceae","Inga Mill."
"Inga feuilleei","","","","","","","","","","","","","","","",""
"Inga filiformis","","6N7MD","6N7MD","9CL35","Inga filiformis N.Zamora","Inga filiformis","N.Zamora","accepted","Inga filiformis N.Zamora","GENUS:Inga Mill.|FAMILY:Fabaceae|ORDER:Fabales Bromhead|CLASS:Magnoliopsida|PHYLUM:Tracheophyta|SUBKINGDOM:Pteridobiotina Britton & Brown|KINGDOM:Plantae|DOMAIN:Eukaryota (Chatton, 1925) Whittaker & Margulis, 1978","Plantae","Tracheophyta","Magnoliopsida","Fabales Bromhead","Fabaceae","Inga Mill."
"Inga flagelliformis","","3PPLJ","3PPLJ","9CL35","Inga flagelliformis (Vell.) Mart.","Inga flagelliformis","(Vell.) Mart.","accepted","Inga flagelliformis (Vell.) Mart.","GENUS:Inga Mill.|FAMILY:Fabaceae|ORDER:Fabales Bromhead|CLASS:Magnoliopsida|PHYLUM:Tracheophyta|SUBKINGDOM:Pteridobiotina Britton & Brown|KINGDOM:Plantae|DOMAIN:Eukaryota (Chatton, 1925) Whittaker & Margulis, 1978","Plantae","Tracheophyta","Magnoliopsida","Fabales Bromhead","Fabaceae","Inga Mill."
"Inga gereauana","","3PPM3","3PPM3","9CL35","Inga gereauana (Pipoly & R.Vásquez) T.D.Penn.","Inga gereauana","(Pipoly & R.Vásquez) T.D.Penn.","accepted","Inga gereauana (Pipoly & R.Vásquez) T.D.Penn.","GENUS:Inga Mill.|FAMILY:Fabaceae|ORDER:Fabales Bromhead|CLASS:Magnoliopsida|PHYLUM:Tracheophyta|SUBKINGDOM:Pteridobiotina Britton & Brown|KINGDOM:Plantae|DOMAIN:Eukaryota (Chatton, 1925) Whittaker & Margulis, 1978","Plantae","Tracheophyta","Magnoliopsida","Fabales Bromhead","Fabaceae","Inga Mill."
"Inga golfodulcensis","","6MVLY","6MVLY","9CL35","Inga golfodulcensis N.Zamora","Inga golfodulcensis","N.Zamora","accepted","Inga golfodulcensis N.Zamora","GENUS:Inga Mill.|FAMILY:Fabaceae|ORDER:Fabales Bromhead|CLASS:Magnoliopsida|PHYLUM:Tracheophyta|SUBKINGDOM:Pteridobiotina Britton & Brown|KINGDOM:Plantae|DOMAIN:Eukaryota (Chatton, 1925) Whittaker & Margulis, 1978","Plantae","Tracheophyta","Magnoliopsida","Fabales Bromhead","Fabaceae","Inga Mill."
"Inga gracilifolia","","3PPMH","3PPMH","9CL35","Inga gracilifolia Ducke","Inga gracilifolia","Ducke","accepted","Inga gracilifolia Ducke","GENUS:Inga Mill.|FAMILY:Fabaceae|ORDER:Fabales Bromhead|CLASS:Magnoliopsida|PHYLUM:Tracheophyta|SUBKINGDOM:Pteridobiotina Britton & Brown|KINGDOM:Plantae|DOMAIN:Eukaryota (Chatton, 1925) Whittaker & Margulis, 1978","Plantae","Tracheophyta","Magnoliopsida","Fabales Bromhead","Fabaceae","Inga Mill."
"Inga gracilior","","3PPMJ","3PPMJ","9CL35","Inga gracilior Sprague","Inga gracilior","Sprague","accepted","Inga gracilior Sprague","GENUS:Inga Mill.|FAMILY:Fabaceae|ORDER:Fabales Bromhead|CLASS:Magnoliopsida|PHYLUM:Tracheophyta|SUBKINGDOM:Pteridobiotina Britton & Brown|KINGDOM:Plantae|DOMAIN:Eukaryota (Chatton, 1925) Whittaker & Margulis, 1978","Plantae","Tracheophyta","Magnoliopsida","Fabales Bromhead","Fabaceae","Inga Mill."
"Inga grandis","","3PPMP","3PPMP","9CL35","Inga grandis T.D.Penn.","Inga grandis","T.D.Penn.","accepted","Inga grandis T.D.Penn.","GENUS:Inga Mill.|FAMILY:Fabaceae|ORDER:Fabales Bromhead|CLASS:Magnoliopsida|PHYLUM:Tracheophyta|SUBKINGDOM:Pteridobiotina Britton & Brown|KINGDOM:Plantae|DOMAIN:Eukaryota (Chatton, 1925) Whittaker & Margulis, 1978","Plantae","Tracheophyta","Magnoliopsida","Fabales Bromhead","Fabaceae","Inga Mill."
"Inga hayesii","","3PPN3","3PPN3","9CL35","Inga hayesii Benth.","Inga hayesii","Benth.","accepted","Inga hayesii Benth.","GENUS:Inga Mill.|FAMILY:Fabaceae|ORDER:Fabales Bromhead|CLASS:Magnoliopsida|PHYLUM:Tracheophyta|SUBKINGDOM:Pteridobiotina Britton & Brown|KINGDOM:Plantae|DOMAIN:Eukaryota (Chatton, 1925) Whittaker & Margulis, 1978","Plantae","Tracheophyta","Magnoliopsida","Fabales Bromhead","Fabaceae","Inga Mill."
"Inga herrerae","","3PPN7","3PPN7","9CL35","Inga herrerae N.Zamora","Inga herrerae","N.Zamora","accepted","Inga herrerae N.Zamora","GENUS:Inga Mill.|FAMILY:Fabaceae|ORDER:Fabales Bromhead|CLASS:Magnoliopsida|PHYLUM:Tracheophyta|SUBKINGDOM:Pteridobiotina Britton & Brown|KINGDOM:Plantae|DOMAIN:Eukaryota (Chatton, 1925) Whittaker & Margulis, 1978","Plantae","Tracheophyta","Magnoliopsida","Fabales Bromhead","Fabaceae","Inga Mill."
"Inga heterophylla","","3PPN9","3PPN9","9CL35","Inga heterophylla Willd.","Inga heterophylla","Willd.","accepted","Inga heterophylla Willd.","GENUS:Inga Mill.|FAMILY:Fabaceae|ORDER:Fabales Bromhead|CLASS:Magnoliopsida|PHYLUM:Tracheophyta|SUBKINGDOM:Pteridobiotina Britton & Brown|KINGDOM:Plantae|DOMAIN:Eukaryota (Chatton, 1925) Whittaker & Margulis, 1978","Plantae","Tracheophyta","Magnoliopsida","Fabales Bromhead","Fabaceae","Inga Mill."
"Inga hintonii","","3PPNB","3PPLK","3PPLK","Inga hintonii Sandwith","Inga hintonii","Sandwith","synonym","Inga flexuosa Schltdl.","SPECIES:Inga flexuosa Schltdl.|GENUS:Inga Mill.|FAMILY:Fabaceae|ORDER:Fabales Bromhead|CLASS:Magnoliopsida|PHYLUM:Tracheophyta|SUBKINGDOM:Pteridobiotina Britton & Brown|KINGDOM:Plantae|DOMAIN:Eukaryota (Chatton, 1925) Whittaker & Margulis, 1978","Plantae","Tracheophyta","Magnoliopsida","Fabales Bromhead","Fabaceae","Inga Mill."
"Inga ilta","","6N7LV","6N7LV","9CL35","Inga ilta T.D.Penn.","Inga ilta","T.D.Penn.","accepted","Inga ilta T.D.Penn.","GENUS:Inga Mill.|FAMILY:Fabaceae|ORDER:Fabales Bromhead|CLASS:Magnoliopsida|PHYLUM:Tracheophyta|SUBKINGDOM:Pteridobiotina Britton & Brown|KINGDOM:Plantae|DOMAIN:Eukaryota (Chatton, 1925) Whittaker & Margulis, 1978","Plantae","Tracheophyta","Magnoliopsida","Fabales Bromhead","Fabaceae","Inga Mill."
"Inga inflata","","3PPNX","3PPNX","9CL35","Inga inflata Ducke","Inga inflata","Ducke","accepted","Inga inflata Ducke","GENUS:Inga Mill.|FAMILY:Fabaceae|ORDER:Fabales Bromhead|CLASS:Magnoliopsida|PHYLUM:Tracheophyta|SUBKINGDOM:Pteridobiotina Britton & Brown|KINGDOM:Plantae|DOMAIN:Eukaryota (Chatton, 1925) Whittaker & Margulis, 1978","Plantae","Tracheophyta","Magnoliopsida","Fabales Bromhead","Fabaceae","Inga Mill."
"Inga ingoides","","3PPNZ","3PPNZ","9CL35","Inga ingoides (Rich.) Willd.","Inga ingoides","(Rich.) Willd.","accepted","Inga ingoides (Rich.) Willd.","GENUS:Inga Mill.|FAMILY:Fabaceae|ORDER:Fabales Bromhead|CLASS:Magnoliopsida|PHYLUM:Tracheophyta|SUBKINGDOM:Pteridobiotina Britton & Brown|KINGDOM:Plantae|DOMAIN:Eukaryota (Chatton, 1925) Whittaker & Margulis, 1978","Plantae","Tracheophyta","Magnoliopsida","Fabales Bromhead","Fabaceae","Inga Mill."
"Inga interrupta","","3PPP4","3PPP4","9CL35","Inga interrupta L.Cárdenas & De Martino","Inga interrupta","L.Cárdenas & De Martino","accepted","Inga interrupta L.Cárdenas & De Martino","GENUS:Inga Mill.|FAMILY:Fabaceae|ORDER:Fabales Bromhead|CLASS:Magnoliopsida|PHYLUM:Tracheophyta|SUBKINGDOM:Pteridobiotina Britton & Brown|KINGDOM:Plantae|DOMAIN:Eukaryota (Chatton, 1925) Whittaker & Margulis, 1978","Plantae","Tracheophyta","Magnoliopsida","Fabales Bromhead","Fabaceae","Inga Mill."
"Inga ismaelis","","3PPP8","3PPP8","9CL35","Inga ismaelis M.Sousa","Inga ismaelis","M.Sousa","accepted","Inga ismaelis M.Sousa","GENUS:Inga Mill.|FAMILY:Fabaceae|ORDER:Fabales Bromhead|CLASS:Magnoliopsida|PHYLUM:Tracheophyta|SUBKINGDOM:Pteridobiotina Britton & Brown|KINGDOM:Plantae|DOMAIN:Eukaryota (Chatton, 1925) Whittaker & Margulis, 1978","Plantae","Tracheophyta","Magnoliopsida","Fabales Bromhead","Fabaceae","Inga Mill."
"Inga jinicuil","","3PPPJ","CG2JH","CG2JH","Inga jinicuil Schltdl.","Inga jinicuil","Schltdl.","synonym","Inga inicuil Schltdl. & Cham. ex G.Don","SPECIES:Inga inicuil Schltdl. & Cham. ex G.Don|GENUS:Inga Mill.|FAMILY:Fabaceae|ORDER:Fabales Bromhead|CLASS:Magnoliopsida|PHYLUM:Tracheophyta|SUBKINGDOM:Pteridobiotina Britton & Brown|KINGDOM:Plantae|DOMAIN:Eukaryota (Chatton, 1925) Whittaker & Margulis, 1978","Plantae","Tracheophyta","Magnoliopsida","Fabales Bromhead","Fabaceae","Inga Mill."
"Inga klugii","","3PPPS","3PPHN","3PPHN","Inga klugii Standl. ex J.F.Macbr.","Inga klugii","Standl. ex J.F.Macbr.","synonym","Inga coruscans Humb. & Bonpl. ex Willd.","SPECIES:Inga coruscans Humb. & Bonpl. ex Willd.|GENUS:Inga Mill.|FAMILY:Fabaceae|ORDER:Fabales Bromhead|CLASS:Magnoliopsida|PHYLUM:Tracheophyta|SUBKINGDOM:Pteridobiotina Britton & Brown|KINGDOM:Plantae|DOMAIN:Eukaryota (Chatton, 1925) Whittaker & Margulis, 1978","Plantae","Tracheophyta","Magnoliopsida","Fabales Bromhead","Fabaceae","Inga Mill."
"Inga lallensis","","3PPPX","3PPPX","9CL35","Inga lallensis Spruce ex Benth.","Inga lallensis","Spruce ex Benth.","accepted","Inga lallensis Spruce ex Benth.","GENUS:Inga Mill.|FAMILY:Fabaceae|ORDER:Fabales Bromhead|CLASS:Magnoliopsida|PHYLUM:Tracheophyta|SUBKINGDOM:Pteridobiotina Britton & Brown|KINGDOM:Plantae|DOMAIN:Eukaryota (Chatton, 1925) Whittaker & Margulis, 1978","Plantae","Tracheophyta","Magnoliopsida","Fabales Bromhead","Fabaceae","Inga Mill."
"Inga latipes","","3PPQ8","3PPQ8","9CL35","Inga latipes Pittier","Inga latipes","Pittier","accepted","Inga latipes Pittier","GENUS:Inga Mill.|FAMILY:Fabaceae|ORDER:Fabales Bromhead|CLASS:Magnoliopsida|PHYLUM:Tracheophyta|SUBKINGDOM:Pteridobiotina Britton & Brown|KINGDOM:Plantae|DOMAIN:Eukaryota (Chatton, 1925) Whittaker & Margulis, 1978","Plantae","Tracheophyta","Magnoliopsida","Fabales Bromhead","Fabaceae","Inga Mill."
"Inga laurina","","6MVLX","6MVLX","9CL35","Inga laurina (Sw.) Willd.","Inga laurina","(Sw.) Willd.","accepted","Inga laurina (Sw.) Willd.","GENUS:Inga Mill.|FAMILY:Fabaceae|ORDER:Fabales Bromhead|CLASS:Magnoliopsida|PHYLUM:Tracheophyta|SUBKINGDOM:Pteridobiotina Britton & Brown|KINGDOM:Plantae|DOMAIN:Eukaryota (Chatton, 1925) Whittaker & Margulis, 1978","Plantae","Tracheophyta","Magnoliopsida","Fabales Bromhead","Fabaceae","Inga Mill."
"Inga lentiscifolia","","3PPQF","3PPQF","9CL35","Inga lentiscifolia Benth.","Inga lentiscifolia","Benth.","accepted","Inga lentiscifolia Benth.","GENUS:Inga Mill.|FAMILY:Fabaceae|ORDER:Fabales Bromhead|CLASS:Magnoliopsida|PHYLUM:Tracheophyta|SUBKINGDOM:Pteridobiotina Britton & Brown|KINGDOM:Plantae|DOMAIN:Eukaryota (Chatton, 1925) Whittaker & Margulis, 1978","Plantae","Tracheophyta","Magnoliopsida","Fabales Bromhead","Fabaceae","Inga Mill."
"Inga lineata","","3PPQX","3PPQX","9CL35","Inga lineata Benth.","Inga lineata","Benth.","accepted","Inga lineata Benth.","GENUS:Inga Mill.|FAMILY:Fabaceae|ORDER:Fabales Bromhead|CLASS:Magnoliopsida|PHYLUM:Tracheophyta|SUBKINGDOM:Pteridobiotina Britton & Brown|KINGDOM:Plantae|DOMAIN:Eukaryota (Chatton, 1925) Whittaker & Margulis, 1978","Plantae","Tracheophyta","Magnoliopsida","Fabales Bromhead","Fabaceae","Inga Mill."
"Inga litoralis","","3PPQY","3PPQY","9CL35","Inga litoralis N.Zamora","Inga litoralis","N.Zamora","accepted","Inga litoralis N.Zamora","GENUS:Inga Mill.|FAMILY:Fabaceae|ORDER:Fabales Bromhead|CLASS:Magnoliopsida|PHYLUM:Tracheophyta|SUBKINGDOM:Pteridobiotina Britton & Brown|KINGDOM:Plantae|DOMAIN:Eukaryota (Chatton, 1925) Whittaker & Margulis, 1978","Plantae","Tracheophyta","Magnoliopsida","Fabales Bromhead","Fabaceae","Inga Mill."
"Inga longipes","","3PPR6","3PPR6","9CL35","Inga longipes Benth.","Inga longipes","Benth.","accepted","Inga longipes Benth.","GENUS:Inga Mill.|FAMILY:Fabaceae|ORDER:Fabales Bromhead|CLASS:Magnoliopsida|PHYLUM:Tracheophyta|SUBKINGDOM:Pteridobiotina Britton & Brown|KINGDOM:Plantae|DOMAIN:Eukaryota (Chatton, 1925) Whittaker & Margulis, 1978","Plantae","Tracheophyta","Magnoliopsida","Fabales Bromhead","Fabaceae","Inga Mill."
"Inga longispica","","3PPR7","3PPR7","9CL35","Inga longispica Standl.","Inga longispica","Standl.","accepted","Inga longispica Standl.","GENUS:Inga Mill.|FAMILY:Fabaceae|ORDER:Fabales Bromhead|CLASS:Magnoliopsida|PHYLUM:Tracheophyta|SUBKINGDOM:Pteridobiotina Britton & Brown|KINGDOM:Plantae|DOMAIN:Eukaryota (Chatton, 1925) Whittaker & Margulis, 1978","Plantae","Tracheophyta","Magnoliopsida","Fabales Bromhead","Fabaceae","Inga Mill."
"Inga macrophylla","","3PPRH","3PPRH","9CL35","Inga macrophylla Humb. & Bonpl. ex Willd.","Inga macrophylla","Humb. & Bonpl. ex Willd.","accepted","Inga macrophylla Humb. & Bonpl. ex Willd.","GENUS:Inga Mill.|FAMILY:Fabaceae|ORDER:Fabales Bromhead|CLASS:Magnoliopsida|PHYLUM:Tracheophyta|SUBKINGDOM:Pteridobiotina Britton & Brown|KINGDOM:Plantae|DOMAIN:Eukaryota (Chatton, 1925) Whittaker & Margulis, 1978","Plantae","Tracheophyta","Magnoliopsida","Fabales Bromhead","Fabaceae","Inga Mill."
"Inga maritima","","3PPRR","3PPRR","9CL35","Inga maritima Benth.","Inga maritima","Benth.","accepted","Inga maritima Benth.","GENUS:Inga Mill.|FAMILY:Fabaceae|ORDER:Fabales Bromhead|CLASS:Magnoliopsida|PHYLUM:Tracheophyta|SUBKINGDOM:Pteridobiotina Britton & Brown|KINGDOM:Plantae|DOMAIN:Eukaryota (Chatton, 1925) Whittaker & Margulis, 1978","Plantae","Tracheophyta","Magnoliopsida","Fabales Bromhead","Fabaceae","Inga Mill."
"Inga maynensis","","3PPRW","3PPRW","9CL35","Inga maynensis Benth.","Inga maynensis","Benth.","accepted","Inga maynensis Benth.","GENUS:Inga Mill.|FAMILY:Fabaceae|ORDER:Fabales Bromhead|CLASS:Magnoliopsida|PHYLUM:Tracheophyta|SUBKINGDOM:Pteridobiotina Britton & Brown|KINGDOM:Plantae|DOMAIN:Eukaryota (Chatton, 1925) Whittaker & Margulis, 1978","Plantae","Tracheophyta","Magnoliopsida","Fabales Bromhead","Fabaceae","Inga Mill."
"Inga megaphylla","","3PPS2","3PPS2","9CL35","Inga megaphylla Poncy & Vester","Inga megaphylla","Poncy & Vester","accepted","Inga megaphylla Poncy & Vester","GENUS:Inga Mill.|FAMILY:Fabaceae|ORDER:Fabales Bromhead|CLASS:Magnoliopsida|PHYLUM:Tracheophyta|SUBKINGDOM:Pteridobiotina Britton & Brown|KINGDOM:Plantae|DOMAIN:Eukaryota (Chatton, 1925) Whittaker & Margulis, 1978","Plantae","Tracheophyta","Magnoliopsida","Fabales Bromhead","Fabaceae","Inga Mill."
"Inga micheliana","","3PPSB","3PPLK","3PPLK","Inga micheliana Harms","Inga micheliana","Harms","synonym","Inga flexuosa Schltdl.","SPECIES:Inga flexuosa Schltdl.|GENUS:Inga Mill.|FAMILY:Fabaceae|ORDER:Fabales Bromhead|CLASS:Magnoliopsida|PHYLUM:Tracheophyta|SUBKINGDOM:Pteridobiotina Britton & Brown|KINGDOM:Plantae|DOMAIN:Eukaryota (Chatton, 1925) Whittaker & Margulis, 1978","Plantae","Tracheophyta","Magnoliopsida","Fabales Bromhead","Fabaceae","Inga Mill."
"Inga microcalyx","","3PPSD","3PPSD","9CL35","Inga microcalyx Spruce ex Benth.","Inga microcalyx","Spruce ex Benth.","accepted","Inga microcalyx Spruce ex Benth.","GENUS:Inga Mill.|FAMILY:Fabaceae|ORDER:Fabales Bromhead|CLASS:Magnoliopsida|PHYLUM:Tracheophyta|SUBKINGDOM:Pteridobiotina Britton & Brown|KINGDOM:Plantae|DOMAIN:Eukaryota (Chatton, 1925) Whittaker & Margulis, 1978","Plantae","Tracheophyta","Magnoliopsida","Fabales Bromhead","Fabaceae","Inga Mill."
"Inga mortoniana","","3PPSZ","3PPSZ","9CL35","Inga mortoniana J.León","Inga mortoniana","J.León","accepted","Inga mortoniana J.León","GENUS:Inga Mill.|FAMILY:Fabaceae|ORDER:Fabales Bromhead|CLASS:Magnoliopsida|PHYLUM:Tracheophyta|SUBKINGDOM:Pteridobiotina Britton & Brown|KINGDOM:Plantae|DOMAIN:Eukaryota (Chatton, 1925) Whittaker & Margulis, 1978","Plantae","Tracheophyta","Magnoliopsida","Fabales Bromhead","Fabaceae","Inga Mill."
"Inga mucuna","","3PPT2","3PPT2","9CL35","Inga mucuna Walp.","Inga mucuna","Walp.","accepted","Inga mucuna Walp.","GENUS:Inga Mill.|FAMILY:Fabaceae|ORDER:Fabales Bromhead|CLASS:Magnoliopsida|PHYLUM:Tracheophyta|SUBKINGDOM:Pteridobiotina Britton & Brown|KINGDOM:Plantae|DOMAIN:Eukaryota (Chatton, 1925) Whittaker & Margulis, 1978","Plantae","Tracheophyta","Magnoliopsida","Fabales Bromhead","Fabaceae","Inga Mill."
"Inga multijuga","","3PPT5","3PPT5","9CL35","Inga multijuga Benth.","Inga multijuga","Benth.","accepted","Inga multijuga Benth.","GENUS:Inga Mill.|FAMILY:Fabaceae|ORDER:Fabales Bromhead|CLASS:Magnoliopsida|PHYLUM:Tracheophyta|SUBKINGDOM:Pteridobiotina Britton & Brown|KINGDOM:Plantae|DOMAIN:Eukaryota (Chatton, 1925) Whittaker & Margulis, 1978","Plantae","Tracheophyta","Magnoliopsida","Fabales Bromhead","Fabaceae","Inga Mill."
"Inga multinervis","","3PPT6","3PPT6","9CL35","Inga multinervis T.D.Penn.","Inga multinervis","T.D.Penn.","accepted","Inga multinervis T.D.Penn.","GENUS:Inga Mill.|FAMILY:Fabaceae|ORDER:Fabales Bromhead|CLASS:Magnoliopsida|PHYLUM:Tracheophyta|SUBKINGDOM:Pteridobiotina Britton & Brown|KINGDOM:Plantae|DOMAIN:Eukaryota (Chatton, 1925) Whittaker & Margulis, 1978","Plantae","Tracheophyta","Magnoliopsida","Fabales Bromhead","Fabaceae","Inga Mill."
"Inga nobilis","","3PPTH","3PPTH","9CL35","Inga nobilis Willd.","Inga nobilis","Willd.","accepted","Inga nobilis Willd.","GENUS:Inga Mill.|FAMILY:Fabaceae|ORDER:Fabales Bromhead|CLASS:Magnoliopsida|PHYLUM:Tracheophyta|SUBKINGDOM:Pteridobiotina Britton & Brown|KINGDOM:Plantae|DOMAIN:Eukaryota (Chatton, 1925) Whittaker & Margulis, 1978","Plantae","Tracheophyta","Magnoliopsida","Fabales Bromhead","Fabaceae","Inga Mill."
"Inga obidensis","","3PPTN","3PPTN","9CL35","Inga obidensis Ducke","Inga obidensis","Ducke","accepted","Inga obidensis Ducke","GENUS:Inga Mill.|FAMILY:Fabaceae|ORDER:Fabales Bromhead|CLASS:Magnoliopsida|PHYLUM:Tracheophyta|SUBKINGDOM:Pteridobiotina Britton & Brown|KINGDOM:Plantae|DOMAIN:Eukaryota (Chatton, 1925) Whittaker & Margulis, 1978","Plantae","Tracheophyta","Magnoliopsida","Fabales Bromhead","Fabaceae","Inga Mill."
"Inga oerstediana","","3PPTZ","3PPTZ","9CL35","Inga oerstediana Benth.","Inga oerstediana","Benth.","accepted","Inga oerstediana Benth.","GENUS:Inga Mill.|FAMILY:Fabaceae|ORDER:Fabales Bromhead|CLASS:Magnoliopsida|PHYLUM:Tracheophyta|SUBKINGDOM:Pteridobiotina Britton & Brown|KINGDOM:Plantae|DOMAIN:Eukaryota (Chatton, 1925) Whittaker & Margulis, 1978","Plantae","Tracheophyta","Magnoliopsida","Fabales Bromhead","Fabaceae","Inga Mill."
"Inga paterno","","6MVNN","6MVNN","9CL35","Inga paterno Harms","Inga paterno","Harms","accepted","Inga paterno Harms","GENUS:Inga Mill.|FAMILY:Fabaceae|ORDER:Fabales Bromhead|CLASS:Magnoliopsida|PHYLUM:Tracheophyta|SUBKINGDOM:Pteridobiotina Britton & Brown|KINGDOM:Plantae|DOMAIN:Eukaryota (Chatton, 1925) Whittaker & Margulis, 1978","Plantae","Tracheophyta","Magnoliopsida","Fabales Bromhead","Fabaceae","Inga Mill."
"Inga pauciflora","","6N7NN","6N7NN","9CL35","Inga pauciflora Walp. & Duchass.","Inga pauciflora","Walp. & Duchass.","accepted","Inga pauciflora Walp. & Duchass.","GENUS:Inga Mill.|FAMILY:Fabaceae|ORDER:Fabales Bromhead|CLASS:Magnoliopsida|PHYLUM:Tracheophyta|SUBKINGDOM:Pteridobiotina Britton & Brown|KINGDOM:Plantae|DOMAIN:Eukaryota (Chatton, 1925) Whittaker & Margulis, 1978","Plantae","Tracheophyta","Magnoliopsida","Fabales Bromhead","Fabaceae","Inga Mill."
"Inga pavoniana","","6MVNM","5J4S2","5J4S2","Inga pavoniana Benth.","Inga pavoniana","Benth.","ambiguous synonym","Inga nobilis subsp. nobilis","SUBSPECIES:Inga nobilis subsp. nobilis|SPECIES:Inga nobilis Willd.|GENUS:Inga Mill.|FAMILY:Fabaceae|ORDER:Fabales Bromhead|CLASS:Magnoliopsida|PHYLUM:Tracheophyta|SUBKINGDOM:Pteridobiotina Britton & Brown|KINGDOM:Plantae|DOMAIN:Eukaryota (Chatton, 1925) Whittaker & Margulis, 1978","Plantae","Tracheophyta","Magnoliopsida","Fabales Bromhead","Fabaceae","Inga Mill."
"Inga pezizifera","","3PPV7","3PPV7","9CL35","Inga pezizifera Benth.","Inga pezizifera","Benth.","accepted","Inga pezizifera Benth.","GENUS:Inga Mill.|FAMILY:Fabaceae|ORDER:Fabales Bromhead|CLASS:Magnoliopsida|PHYLUM:Tracheophyta|SUBKINGDOM:Pteridobiotina Britton & Brown|KINGDOM:Plantae|DOMAIN:Eukaryota (Chatton, 1925) Whittaker & Margulis, 1978","Plantae","Tracheophyta","Magnoliopsida","Fabales Bromhead","Fabaceae","Inga Mill."
"Inga pilosula","","3PPVC","3PPVC","9CL35","Inga pilosula (Rich.) J.F.Macbr.","Inga pilosula","(Rich.) J.F.Macbr.","accepted","Inga pilosula (Rich.) J.F.Macbr.","GENUS:Inga Mill.|FAMILY:Fabaceae|ORDER:Fabales Bromhead|CLASS:Magnoliopsida|PHYLUM:Tracheophyta|SUBKINGDOM:Pteridobiotina Britton & Brown|KINGDOM:Plantae|DOMAIN:Eukaryota (Chatton, 1925) Whittaker & Margulis, 1978","Plantae","Tracheophyta","Magnoliopsida","Fabales Bromhead","Fabaceae","Inga Mill."
"Inga pinetorum","","3PPVD","3PPVD","9CL35","Inga pinetorum Pittier","Inga pinetorum","Pittier","accepted","Inga pinetorum Pittier","GENUS:Inga Mill.|FAMILY:Fabaceae|ORDER:Fabales Bromhead|CLASS:Magnoliopsida|PHYLUM:Tracheophyta|SUBKINGDOM:Pteridobiotina Britton & Brown|KINGDOM:Plantae|DOMAIN:Eukaryota (Chatton, 1925) Whittaker & Margulis, 1978","Plantae","Tracheophyta","Magnoliopsida","Fabales Bromhead","Fabaceae","Inga Mill."
"Inga polita","","3PPVP","3PPVP","9CL35","Inga polita Killip","Inga polita","Killip","accepted","Inga polita Killip","GENUS:Inga Mill.|FAMILY:Fabaceae|ORDER:Fabales Bromhead|CLASS:Magnoliopsida|PHYLUM:Tracheophyta|SUBKINGDOM:Pteridobiotina Britton & Brown|KINGDOM:Plantae|DOMAIN:Eukaryota (Chatton, 1925) Whittaker & Margulis, 1978","Plantae","Tracheophyta","Magnoliopsida","Fabales Bromhead","Fabaceae","Inga Mill."
"Inga pseudoinvolucrata","","3PPW8","3PPW8","9CL35","Inga pseudoinvolucrata M.Sousa","Inga pseudoinvolucrata","M.Sousa","accepted","Inga pseudoinvolucrata M.Sousa","GENUS:Inga Mill.|FAMILY:Fabaceae|ORDER:Fabales Bromhead|CLASS:Magnoliopsida|PHYLUM:Tracheophyta|SUBKINGDOM:Pteridobiotina Britton & Brown|KINGDOM:Plantae|DOMAIN:Eukaryota (Chatton, 1925) Whittaker & Margulis, 1978","Plantae","Tracheophyta","Magnoliopsida","Fabales Bromhead","Fabaceae","Inga Mill."
"Inga punctata","","3PPWK","3PPWK","9CL35","Inga punctata Willd.","Inga punctata","Willd.","accepted","Inga punctata Willd.","GENUS:Inga Mill.|FAMILY:Fabaceae|ORDER:Fabales Bromhead|CLASS:Magnoliopsida|PHYLUM:Tracheophyta|SUBKINGDOM:Pteridobiotina Britton & Brown|KINGDOM:Plantae|DOMAIN:Eukaryota (Chatton, 1925) Whittaker & Margulis, 1978","Plantae","Tracheophyta","Magnoliopsida","Fabales Bromhead","Fabaceae","Inga Mill."
"Inga quaternata","","3PPWV","5J4S3","5J4S3","Inga quaternata Poepp.","Inga quaternata","Poepp.","synonym","Inga nobilis subsp. quaternata (Poepp.) T.D.Penn.","SUBSPECIES:Inga nobilis subsp. quaternata (Poepp.) T.D.Penn.|SPECIES:Inga nobilis Willd.|GENUS:Inga Mill.|FAMILY:Fabaceae|ORDER:Fabales Bromhead|CLASS:Magnoliopsida|PHYLUM:Tracheophyta|SUBKINGDOM:Pteridobiotina Britton & Brown|KINGDOM:Plantae|DOMAIN:Eukaryota (Chatton, 1925) Whittaker & Margulis, 1978","Plantae","Tracheophyta","Magnoliopsida","Fabales Bromhead","Fabaceae","Inga Mill."
"Inga ricardorum","","3PPXB","3PPGK","3PPGK","Inga ricardorum Bernardi & Spichiger","Inga ricardorum","Bernardi & Spichiger","synonym","Inga chrysantha Ducke","SPECIES:Inga chrysantha Ducke|GENUS:Inga Mill.|FAMILY:Fabaceae|ORDER:Fabales Bromhead|CLASS:Magnoliopsida|PHYLUM:Tracheophyta|SUBKINGDOM:Pteridobiotina Britton & Brown|KINGDOM:Plantae|DOMAIN:Eukaryota (Chatton, 1925) Whittaker & Margulis, 1978","Plantae","Tracheophyta","Magnoliopsida","Fabales Bromhead","Fabaceae","Inga Mill."
"Inga rubiginosa","","3PPXM","3PPXM","9CL35","Inga rubiginosa (Rich.) DC.","Inga rubiginosa","(Rich.) DC.","accepted","Inga rubiginosa (Rich.) DC.","GENUS:Inga Mill.|FAMILY:Fabaceae|ORDER:Fabales Bromhead|CLASS:Magnoliopsida|PHYLUM:Tracheophyta|SUBKINGDOM:Pteridobiotina Britton & Brown|KINGDOM:Plantae|DOMAIN:Eukaryota (Chatton, 1925) Whittaker & Margulis, 1978","Plantae","Tracheophyta","Magnoliopsida","Fabales Bromhead","Fabaceae","Inga Mill."
"Inga ruiziana","","3PPXS","3PPXS","9CL35","Inga ruiziana G.Don","Inga ruiziana","G.Don","accepted","Inga ruiziana G.Don","GENUS:Inga Mill.|FAMILY:Fabaceae|ORDER:Fabales Bromhead|CLASS:Magnoliopsida|PHYLUM:Tracheophyta|SUBKINGDOM:Pteridobiotina Britton & Brown|KINGDOM:Plantae|DOMAIN:Eukaryota (Chatton, 1925) Whittaker & Margulis, 1978","Plantae","Tracheophyta","Magnoliopsida","Fabales Bromhead","Fabaceae","Inga Mill."
"Inga saltensis","","3PPXZ","3PPXZ","9CL35","Inga saltensis Burkart","Inga saltensis","Burkart","accepted","Inga saltensis Burkart","GENUS:Inga Mill.|FAMILY:Fabaceae|ORDER:Fabales Bromhead|CLASS:Magnoliopsida|PHYLUM:Tracheophyta|SUBKINGDOM:Pteridobiotina Britton & Brown|KINGDOM:Plantae|DOMAIN:Eukaryota (Chatton, 1925) Whittaker & Margulis, 1978","Plantae","Tracheophyta","Magnoliopsida","Fabales Bromhead","Fabaceae","Inga Mill."
"Inga samanensis","","3PPY6","3PPY6","9CL35","Inga samanensis L.Uribe","Inga samanensis","L.Uribe","accepted","Inga samanensis L.Uribe","GENUS:Inga Mill.|FAMILY:Fabaceae|ORDER:Fabales Bromhead|CLASS:Magnoliopsida|PHYLUM:Tracheophyta|SUBKINGDOM:Pteridobiotina Britton & Brown|KINGDOM:Plantae|DOMAIN:Eukaryota (Chatton, 1925) Whittaker & Margulis, 1978","Plantae","Tracheophyta","Magnoliopsida","Fabales Bromhead","Fabaceae","Inga Mill."
"Inga schiedeana","","3PPYH","3PPLK","3PPLK","Inga schiedeana Steud.","Inga schiedeana","Steud.","synonym","Inga flexuosa Schltdl.","SPECIES:Inga flexuosa Schltdl.|GENUS:Inga Mill.|FAMILY:Fabaceae|ORDER:Fabales Bromhead|CLASS:Magnoliopsida|PHYLUM:Tracheophyta|SUBKINGDOM:Pteridobiotina Britton & Brown|KINGDOM:Plantae|DOMAIN:Eukaryota (Chatton, 1925) Whittaker & Margulis, 1978","Plantae","Tracheophyta","Magnoliopsida","Fabales Bromhead","Fabaceae","Inga Mill."
"Inga sellowiana","","3PPYQ","3PPYQ","9CL35","Inga sellowiana Benth.","Inga sellowiana","Benth.","accepted","Inga sellowiana Benth.","GENUS:Inga Mill.|FAMILY:Fabaceae|ORDER:Fabales Bromhead|CLASS:Magnoliopsida|PHYLUM:Tracheophyta|SUBKINGDOM:Pteridobiotina Britton & Brown|KINGDOM:Plantae|DOMAIN:Eukaryota (Chatton, 1925) Whittaker & Margulis, 1978","Plantae","Tracheophyta","Magnoliopsida","Fabales Bromhead","Fabaceae","Inga Mill."
"Inga semialata","","3PPYR","3PPRQ","3PPRQ","Inga semialata (Vell.) Mart.","Inga semialata","(Vell.) Mart.","synonym","Inga marginata Willd.","SPECIES:Inga marginata Willd.|GENUS:Inga Mill.|FAMILY:Fabaceae|ORDER:Fabales Bromhead|CLASS:Magnoliopsida|PHYLUM:Tracheophyta|SUBKINGDOM:Pteridobiotina Britton & Brown|KINGDOM:Plantae|DOMAIN:Eukaryota (Chatton, 1925) Whittaker & Margulis, 1978","Plantae","Tracheophyta","Magnoliopsida","Fabales Bromhead","Fabaceae","Inga Mill."
"Inga sertulifera","","3PPYX","3PPYX","9CL35","Inga sertulifera DC.","Inga sertulifera","DC.","accepted","Inga sertulifera DC.","GENUS:Inga Mill.|FAMILY:Fabaceae|ORDER:Fabales Bromhead|CLASS:Magnoliopsida|PHYLUM:Tracheophyta|SUBKINGDOM:Pteridobiotina Britton & Brown|KINGDOM:Plantae|DOMAIN:Eukaryota (Chatton, 1925) Whittaker & Margulis, 1978","Plantae","Tracheophyta","Magnoliopsida","Fabales Bromhead","Fabaceae","Inga Mill."
"Inga sessilis","","3PPYY","3PPYY","9CL35","Inga sessilis Mart.","Inga sessilis","Mart.","accepted","Inga sessilis Mart.","GENUS:Inga Mill.|FAMILY:Fabaceae|ORDER:Fabales Bromhead|CLASS:Magnoliopsida|PHYLUM:Tracheophyta|SUBKINGDOM:Pteridobiotina Britton & Brown|KINGDOM:Plantae|DOMAIN:Eukaryota (Chatton, 1925) Whittaker & Margulis, 1978","Plantae","Tracheophyta","Magnoliopsida","Fabales Bromhead","Fabaceae","Inga Mill."
"Inga sierrae","","3PPZ4","3PPZ4","9CL35","Inga sierrae Britton & Killip","Inga sierrae","Britton & Killip","accepted","Inga sierrae Britton & Killip","GENUS:Inga Mill.|FAMILY:Fabaceae|ORDER:Fabales Bromhead|CLASS:Magnoliopsida|PHYLUM:Tracheophyta|SUBKINGDOM:Pteridobiotina Britton & Brown|KINGDOM:Plantae|DOMAIN:Eukaryota (Chatton, 1925) Whittaker & Margulis, 1978","Plantae","Tracheophyta","Magnoliopsida","Fabales Bromhead","Fabaceae","Inga Mill."
"Inga sinacae","","3PPZ8","3PPZ8","9CL35","Inga sinacae M.Sousa & Ibarra-Manr.","Inga sinacae","M.Sousa & Ibarra-Manr.","accepted","Inga sinacae M.Sousa & Ibarra-Manr.","GENUS:Inga Mill.|FAMILY:Fabaceae|ORDER:Fabales Bromhead|CLASS:Magnoliopsida|PHYLUM:Tracheophyta|SUBKINGDOM:Pteridobiotina Britton & Brown|KINGDOM:Plantae|DOMAIN:Eukaryota (Chatton, 1925) Whittaker & Margulis, 1978","Plantae","Tracheophyta","Magnoliopsida","Fabales Bromhead","Fabaceae","Inga Mill."
"Inga skutchii","","3PPZ9","3PPZ9","9CL35","Inga skutchii Standl.","Inga skutchii","Standl.","accepted","Inga skutchii Standl.","GENUS:Inga Mill.|FAMILY:Fabaceae|ORDER:Fabales Bromhead|CLASS:Magnoliopsida|PHYLUM:Tracheophyta|SUBKINGDOM:Pteridobiotina Britton & Brown|KINGDOM:Plantae|DOMAIN:Eukaryota (Chatton, 1925) Whittaker & Margulis, 1978","Plantae","Tracheophyta","Magnoliopsida","Fabales Bromhead","Fabaceae","Inga Mill."
"Inga stenoptera","","3PPZX","3PPZX","9CL35","Inga stenoptera Benth.","Inga stenoptera","Benth.","accepted","Inga stenoptera Benth.","GENUS:Inga Mill.|FAMILY:Fabaceae|ORDER:Fabales Bromhead|CLASS:Magnoliopsida|PHYLUM:Tracheophyta|SUBKINGDOM:Pteridobiotina Britton & Brown|KINGDOM:Plantae|DOMAIN:Eukaryota (Chatton, 1925) Whittaker & Margulis, 1978","Plantae","Tracheophyta","Magnoliopsida","Fabales Bromhead","Fabaceae","Inga Mill."
"Inga stipulacea","","3PQ22","3PQ22","9CL35","Inga stipulacea G.Don","Inga stipulacea","G.Don","accepted","Inga stipulacea G.Don","GENUS:Inga Mill.|FAMILY:Fabaceae|ORDER:Fabales Bromhead|CLASS:Magnoliopsida|PHYLUM:Tracheophyta|SUBKINGDOM:Pteridobiotina Britton & Brown|KINGDOM:Plantae|DOMAIN:Eukaryota (Chatton, 1925) Whittaker & Margulis, 1978","Plantae","Tracheophyta","Magnoliopsida","Fabales Bromhead","Fabaceae","Inga Mill."
"Inga stipularis","","3PQ23","3PQ23","9CL35","Inga stipularis DC.","Inga stipularis","DC.","accepted","Inga stipularis DC.","GENUS:Inga Mill.|FAMILY:Fabaceae|ORDER:Fabales Bromhead|CLASS:Magnoliopsida|PHYLUM:Tracheophyta|SUBKINGDOM:Pteridobiotina Britton & Brown|KINGDOM:Plantae|DOMAIN:Eukaryota (Chatton, 1925) Whittaker & Margulis, 1978","Plantae","Tracheophyta","Magnoliopsida","Fabales Bromhead","Fabaceae","Inga Mill."
"Inga tenuicalyx","","3PQ2N","3PQ2N","9CL35","Inga tenuicalyx T.D.Penn.","Inga tenuicalyx","T.D.Penn.","accepted","Inga tenuicalyx T.D.Penn.","GENUS:Inga Mill.|FAMILY:Fabaceae|ORDER:Fabales Bromhead|CLASS:Magnoliopsida|PHYLUM:Tracheophyta|SUBKINGDOM:Pteridobiotina Britton & Brown|KINGDOM:Plantae|DOMAIN:Eukaryota (Chatton, 1925) Whittaker & Margulis, 1978","Plantae","Tracheophyta","Magnoliopsida","Fabales Bromhead","Fabaceae","Inga Mill."
"Inga tenuipedunculata","","3PQ2S","3PPDQ","3PPDQ","Inga tenuipedunculata J.León","Inga tenuipedunculata","J.León","synonym","Inga barbourii Standl.","SPECIES:Inga barbourii Standl.|GENUS:Inga Mill.|FAMILY:Fabaceae|ORDER:Fabales Bromhead|CLASS:Magnoliopsida|PHYLUM:Tracheophyta|SUBKINGDOM:Pteridobiotina Britton & Brown|KINGDOM:Plantae|DOMAIN:Eukaryota (Chatton, 1925) Whittaker & Margulis, 1978","Plantae","Tracheophyta","Magnoliopsida","Fabales Bromhead","Fabaceae","Inga Mill."
"Inga tenuistipula","","6N7N7","6N7N7","9CL35","Inga tenuistipula Ducke","Inga tenuistipula","Ducke","accepted","Inga tenuistipula Ducke","GENUS:Inga Mill.|FAMILY:Fabaceae|ORDER:Fabales Bromhead|CLASS:Magnoliopsida|PHYLUM:Tracheophyta|SUBKINGDOM:Pteridobiotina Britton & Brown|KINGDOM:Plantae|DOMAIN:Eukaryota (Chatton, 1925) Whittaker & Margulis, 1978","Plantae","Tracheophyta","Magnoliopsida","Fabales Bromhead","Fabaceae","Inga Mill."
"Inga tocacheana","","3PQ36","3PQ36","9CL35","Inga tocacheana D.R.Simpson","Inga tocacheana","D.R.Simpson","accepted","Inga tocacheana D.R.Simpson","GENUS:Inga Mill.|FAMILY:Fabaceae|ORDER:Fabales Bromhead|CLASS:Magnoliopsida|PHYLUM:Tracheophyta|SUBKINGDOM:Pteridobiotina Britton & Brown|KINGDOM:Plantae|DOMAIN:Eukaryota (Chatton, 1925) Whittaker & Margulis, 1978","Plantae","Tracheophyta","Magnoliopsida","Fabales Bromhead","Fabaceae","Inga Mill."
"Inga tomentosa","","3PQ37","3PQ37","9CL35","Inga tomentosa Benth.","Inga tomentosa","Benth.","accepted","Inga tomentosa Benth.","GENUS:Inga Mill.|FAMILY:Fabaceae|ORDER:Fabales Bromhead|CLASS:Magnoliopsida|PHYLUM:Tracheophyta|SUBKINGDOM:Pteridobiotina Britton & Brown|KINGDOM:Plantae|DOMAIN:Eukaryota (Chatton, 1925) Whittaker & Margulis, 1978","Plantae","Tracheophyta","Magnoliopsida","Fabales Bromhead","Fabaceae","Inga Mill."
"Inga tonduzii","","3PQ38","3PQ38","9CL35","Inga tonduzii Donn.Sm.","Inga tonduzii","Donn.Sm.","accepted","Inga tonduzii Donn.Sm.","GENUS:Inga Mill.|FAMILY:Fabaceae|ORDER:Fabales Bromhead|CLASS:Magnoliopsida|PHYLUM:Tracheophyta|SUBKINGDOM:Pteridobiotina Britton & Brown|KINGDOM:Plantae|DOMAIN:Eukaryota (Chatton, 1925) Whittaker & Margulis, 1978","Plantae","Tracheophyta","Magnoliopsida","Fabales Bromhead","Fabaceae","Inga Mill."
"Inga umbellifera","","CG2K3","CG2K3","9CL35","Inga umbellifera (Vahl) Steud.","Inga umbellifera","(Vahl) Steud.","accepted","Inga umbellifera (Vahl) Steud.","GENUS:Inga Mill.|FAMILY:Fabaceae|ORDER:Fabales Bromhead|CLASS:Magnoliopsida|PHYLUM:Tracheophyta|SUBKINGDOM:Pteridobiotina Britton & Brown|KINGDOM:Plantae|DOMAIN:Eukaryota (Chatton, 1925) Whittaker & Margulis, 1978","Plantae","Tracheophyta","Magnoliopsida","Fabales Bromhead","Fabaceae","Inga Mill."
"Inga umbratica","","3PQ3P","3PQ3P","9CL35","Inga umbratica Poepp.","Inga umbratica","Poepp.","accepted","Inga umbratica Poepp.","GENUS:Inga Mill.|FAMILY:Fabaceae|ORDER:Fabales Bromhead|CLASS:Magnoliopsida|PHYLUM:Tracheophyta|SUBKINGDOM:Pteridobiotina Britton & Brown|KINGDOM:Plantae|DOMAIN:Eukaryota (Chatton, 1925) Whittaker & Margulis, 1978","Plantae","Tracheophyta","Magnoliopsida","Fabales Bromhead","Fabaceae","Inga Mill."
"Inga uraguensis","","6MVMX","6MVMX","9CL35","Inga uraguensis Hook. & Arn.","Inga uraguensis","Hook. & Arn.","accepted","Inga uraguensis Hook. & Arn.","GENUS:Inga Mill.|FAMILY:Fabaceae|ORDER:Fabales Bromhead|CLASS:Magnoliopsida|PHYLUM:Tracheophyta|SUBKINGDOM:Pteridobiotina Britton & Brown|KINGDOM:Plantae|DOMAIN:Eukaryota (Chatton, 1925) Whittaker & Margulis, 1978","Plantae","Tracheophyta","Magnoliopsida","Fabales Bromhead","Fabaceae","Inga Mill."
"Inga uruguensis","","","","","","","","","","","","","","","",""
"Inga venusta","","3PQ45","3PQ45","9CL35","Inga venusta Standl.","Inga venusta","Standl.","accepted","Inga venusta Standl.","GENUS:Inga Mill.|FAMILY:Fabaceae|ORDER:Fabales Bromhead|CLASS:Magnoliopsida|PHYLUM:Tracheophyta|SUBKINGDOM:Pteridobiotina Britton & Brown|KINGDOM:Plantae|DOMAIN:Eukaryota (Chatton, 1925) Whittaker & Margulis, 1978","Plantae","Tracheophyta","Magnoliopsida","Fabales Bromhead","Fabaceae","Inga Mill."
"Inga vera","","3PQ47","3PQ47","9CL35","Inga vera Willd.","Inga vera","Willd.","accepted","Inga vera Willd.","GENUS:Inga Mill.|FAMILY:Fabaceae|ORDER:Fabales Bromhead|CLASS:Magnoliopsida|PHYLUM:Tracheophyta|SUBKINGDOM:Pteridobiotina Britton & Brown|KINGDOM:Plantae|DOMAIN:Eukaryota (Chatton, 1925) Whittaker & Margulis, 1978","Plantae","Tracheophyta","Magnoliopsida","Fabales Bromhead","Fabaceae","Inga Mill."
"Inga villosissima","","3PQ4C","3PQ4C","9CL35","Inga villosissima Benth.","Inga villosissima","Benth.","accepted","Inga villosissima Benth.","GENUS:Inga Mill.|FAMILY:Fabaceae|ORDER:Fabales Bromhead|CLASS:Magnoliopsida|PHYLUM:Tracheophyta|SUBKINGDOM:Pteridobiotina Britton & Brown|KINGDOM:Plantae|DOMAIN:Eukaryota (Chatton, 1925) Whittaker & Margulis, 1978","Plantae","Tracheophyta","Magnoliopsida","Fabales Bromhead","Fabaceae","Inga Mill."
"Inga virescens","","3PQ4D","3PQ4D","9CL35","Inga virescens Benth.","Inga virescens","Benth.","accepted","Inga virescens Benth.","GENUS:Inga Mill.|FAMILY:Fabaceae|ORDER:Fabales Bromhead|CLASS:Magnoliopsida|PHYLUM:Tracheophyta|SUBKINGDOM:Pteridobiotina Britton & Brown|KINGDOM:Plantae|DOMAIN:Eukaryota (Chatton, 1925) Whittaker & Margulis, 1978","Plantae","Tracheophyta","Magnoliopsida","Fabales Bromhead","Fabaceae","Inga Mill."
"Inga virgultosa","","6N7MX","6N7MX","9CL35","Inga virgultosa Desv.","Inga virgultosa","Desv.","accepted","Inga virgultosa Desv.","GENUS:Inga Mill.|FAMILY:Fabaceae|ORDER:Fabales Bromhead|CLASS:Magnoliopsida|PHYLUM:Tracheophyta|SUBKINGDOM:Pteridobiotina Britton & Brown|KINGDOM:Plantae|DOMAIN:Eukaryota (Chatton, 1925) Whittaker & Margulis, 1978","Plantae","Tracheophyta","Magnoliopsida","Fabales Bromhead","Fabaceae","Inga Mill."
"Inga vulpina","","3PQ4J","3PQ4J","9CL35","Inga vulpina Mart. ex Benth.","Inga vulpina","Mart. ex Benth.","accepted","Inga vulpina Mart. ex Benth.","GENUS:Inga Mill.|FAMILY:Fabaceae|ORDER:Fabales Bromhead|CLASS:Magnoliopsida|PHYLUM:Tracheophyta|SUBKINGDOM:Pteridobiotina Britton & Brown|KINGDOM:Plantae|DOMAIN:Eukaryota (Chatton, 1925) Whittaker & Margulis, 1978","Plantae","Tracheophyta","Magnoliopsida","Fabales Bromhead","Fabaceae","Inga Mill."
"Jacqueshuberia brevipes","","9D7TF","9D7TF","9CL3W","Jacqueshuberia brevipes Barneby","Jacqueshuberia brevipes","Barneby","accepted","Jacqueshuberia brevipes Barneby","GENUS:Jacqueshuberia Ducke|FAMILY:Fabaceae|ORDER:Fabales Bromhead|CLASS:Magnoliopsida|PHYLUM:Tracheophyta|SUBKINGDOM:Pteridobiotina Britton & Brown|KINGDOM:Plantae|DOMAIN:Eukaryota (Chatton, 1925) Whittaker & Margulis, 1978","Plantae","Tracheophyta","Magnoliopsida","Fabales Bromhead","Fabaceae","Jacqueshuberia Ducke"
"Jacqueshuberia loretensis","","3QJX2","3QJX2","9CL3W","Jacqueshuberia loretensis R.S.Cowan","Jacqueshuberia loretensis","R.S.Cowan","accepted","Jacqueshuberia loretensis R.S.Cowan","GENUS:Jacqueshuberia Ducke|FAMILY:Fabaceae|ORDER:Fabales Bromhead|CLASS:Magnoliopsida|PHYLUM:Tracheophyta|SUBKINGDOM:Pteridobiotina Britton & Brown|KINGDOM:Plantae|DOMAIN:Eukaryota (Chatton, 1925) Whittaker & Margulis, 1978","Plantae","Tracheophyta","Magnoliopsida","Fabales Bromhead","Fabaceae","Jacqueshuberia Ducke"
"Leucaena collinsii","","6Q4B9","6Q4B9","9CL73","Leucaena collinsii Britton & Rose","Leucaena collinsii","Britton & Rose","accepted","Leucaena collinsii Britton & Rose","GENUS:Leucaena Benth.|FAMILY:Fabaceae|ORDER:Fabales Bromhead|CLASS:Magnoliopsida|PHYLUM:Tracheophyta|SUBKINGDOM:Pteridobiotina Britton & Brown|KINGDOM:Plantae|DOMAIN:Eukaryota (Chatton, 1925) Whittaker & Margulis, 1978","Plantae","Tracheophyta","Magnoliopsida","Fabales Bromhead","Fabaceae","Leucaena Benth."
"Leucaena cuspidata","","6PSB8","6PSB8","9CL73","Leucaena cuspidata Standl.","Leucaena cuspidata","Standl.","accepted","Leucaena cuspidata Standl.","GENUS:Leucaena Benth.|FAMILY:Fabaceae|ORDER:Fabales Bromhead|CLASS:Magnoliopsida|PHYLUM:Tracheophyta|SUBKINGDOM:Pteridobiotina Britton & Brown|KINGDOM:Plantae|DOMAIN:Eukaryota (Chatton, 1925) Whittaker & Margulis, 1978","Plantae","Tracheophyta","Magnoliopsida","Fabales Bromhead","Fabaceae","Leucaena Benth."
"Leucaena diversifolia","","6Q4B8","6Q4B8","9CL73","Leucaena diversifolia (Schltdl.) Benth.","Leucaena diversifolia","(Schltdl.) Benth.","accepted","Leucaena diversifolia (Schltdl.) Benth.","GENUS:Leucaena Benth.|FAMILY:Fabaceae|ORDER:Fabales Bromhead|CLASS:Magnoliopsida|PHYLUM:Tracheophyta|SUBKINGDOM:Pteridobiotina Britton & Brown|KINGDOM:Plantae|DOMAIN:Eukaryota (Chatton, 1925) Whittaker & Margulis, 1978","Plantae","Tracheophyta","Magnoliopsida","Fabales Bromhead","Fabaceae","Leucaena Benth."
"Leucaena esculenta","","6Q4B5","6Q4B5","9CL73","Leucaena esculenta (Moc. & Sessé ex DC.) Benth.","Leucaena esculenta","(Moc. & Sessé ex DC.) Benth.","accepted","Leucaena esculenta (Moc. & Sessé ex DC.) Benth.","GENUS:Leucaena Benth.|FAMILY:Fabaceae|ORDER:Fabales Bromhead|CLASS:Magnoliopsida|PHYLUM:Tracheophyta|SUBKINGDOM:Pteridobiotina Britton & Brown|KINGDOM:Plantae|DOMAIN:Eukaryota (Chatton, 1925) Whittaker & Margulis, 1978","Plantae","Tracheophyta","Magnoliopsida","Fabales Bromhead","Fabaceae","Leucaena Benth."
"Leucaena lanceolata","","6Q4B2","6Q4B2","9CL73","Leucaena lanceolata S.Watson","Leucaena lanceolata","S.Watson","accepted","Leucaena lanceolata S.Watson","GENUS:Leucaena Benth.|FAMILY:Fabaceae|ORDER:Fabales Bromhead|CLASS:Magnoliopsida|PHYLUM:Tracheophyta|SUBKINGDOM:Pteridobiotina Britton & Brown|KINGDOM:Plantae|DOMAIN:Eukaryota (Chatton, 1925) Whittaker & Margulis, 1978","Plantae","Tracheophyta","Magnoliopsida","Fabales Bromhead","Fabaceae","Leucaena Benth."
"Leucaena mixtec","","724CG","724CG","9CL73","Leucaena × mixtec C.E.Hughes & S.A.Harris","Leucaena × mixtec","C.E.Hughes & S.A.Harris","accepted","Leucaena × mixtec C.E.Hughes & S.A.Harris","GENUS:Leucaena Benth.|FAMILY:Fabaceae|ORDER:Fabales Bromhead|CLASS:Magnoliopsida|PHYLUM:Tracheophyta|SUBKINGDOM:Pteridobiotina Britton & Brown|KINGDOM:Plantae|DOMAIN:Eukaryota (Chatton, 1925) Whittaker & Margulis, 1978","Plantae","Tracheophyta","Magnoliopsida","Fabales Bromhead","Fabaceae","Leucaena Benth."
"Leucaena pueblana","","6Q4BY","6Q4BY","9CL73","Leucaena pueblana Britton & Rose","Leucaena pueblana","Britton & Rose","accepted","Leucaena pueblana Britton & Rose","GENUS:Leucaena Benth.|FAMILY:Fabaceae|ORDER:Fabales Bromhead|CLASS:Magnoliopsida|PHYLUM:Tracheophyta|SUBKINGDOM:Pteridobiotina Britton & Brown|KINGDOM:Plantae|DOMAIN:Eukaryota (Chatton, 1925) Whittaker & Margulis, 1978","Plantae","Tracheophyta","Magnoliopsida","Fabales Bromhead","Fabaceae","Leucaena Benth."
"Leucaena pulverulenta","","724BY","724BY","9CL73","Leucaena pulverulenta (Schltdl.) Benth.","Leucaena pulverulenta","(Schltdl.) Benth.","accepted","Leucaena pulverulenta (Schltdl.) Benth.","GENUS:Leucaena Benth.|FAMILY:Fabaceae|ORDER:Fabales Bromhead|CLASS:Magnoliopsida|PHYLUM:Tracheophyta|SUBKINGDOM:Pteridobiotina Britton & Brown|KINGDOM:Plantae|DOMAIN:Eukaryota (Chatton, 1925) Whittaker & Margulis, 1978","Plantae","Tracheophyta","Magnoliopsida","Fabales Bromhead","Fabaceae","Leucaena Benth."
"Leucaena retusa","","724BZ","724BZ","9CL73","Leucaena retusa Benth.","Leucaena retusa","Benth.","accepted","Leucaena retusa Benth.","GENUS:Leucaena Benth.|FAMILY:Fabaceae|ORDER:Fabales Bromhead|CLASS:Magnoliopsida|PHYLUM:Tracheophyta|SUBKINGDOM:Pteridobiotina Britton & Brown|KINGDOM:Plantae|DOMAIN:Eukaryota (Chatton, 1925) Whittaker & Margulis, 1978","Plantae","Tracheophyta","Magnoliopsida","Fabales Bromhead","Fabaceae","Leucaena Benth."
"Leucaena trichodes","","6Q4C9","6Q4C9","9CL73","Leucaena trichodes (Jacq.) Benth.","Leucaena trichodes","(Jacq.) Benth.","accepted","Leucaena trichodes (Jacq.) Benth.","GENUS:Leucaena Benth.|FAMILY:Fabaceae|ORDER:Fabales Bromhead|CLASS:Magnoliopsida|PHYLUM:Tracheophyta|SUBKINGDOM:Pteridobiotina Britton & Brown|KINGDOM:Plantae|DOMAIN:Eukaryota (Chatton, 1925) Whittaker & Margulis, 1978","Plantae","Tracheophyta","Magnoliopsida","Fabales Bromhead","Fabaceae","Leucaena Benth."
"Lysiloma candida","","6R2ZG","6R2ZG","9CL8V","Lysiloma candidum Brandegee","Lysiloma candidum","Brandegee","accepted","Lysiloma candidum Brandegee","GENUS:Lysiloma Benth.|FAMILY:Fabaceae|ORDER:Fabales Bromhead|CLASS:Magnoliopsida|PHYLUM:Tracheophyta|SUBKINGDOM:Pteridobiotina Britton & Brown|KINGDOM:Plantae|DOMAIN:Eukaryota (Chatton, 1925) Whittaker & Margulis, 1978","Plantae","Tracheophyta","Magnoliopsida","Fabales Bromhead","Fabaceae","Lysiloma Benth."
"Lysiloma divaricatum","","6QQNW","6QQNW","9CL8V","Lysiloma divaricatum (Jacq.) J.F.Macbr.","Lysiloma divaricatum","(Jacq.) J.F.Macbr.","accepted","Lysiloma divaricatum (Jacq.) J.F.Macbr.","GENUS:Lysiloma Benth.|FAMILY:Fabaceae|ORDER:Fabales Bromhead|CLASS:Magnoliopsida|PHYLUM:Tracheophyta|SUBKINGDOM:Pteridobiotina Britton & Brown|KINGDOM:Plantae|DOMAIN:Eukaryota (Chatton, 1925) Whittaker & Margulis, 1978","Plantae","Tracheophyta","Magnoliopsida","Fabales Bromhead","Fabaceae","Lysiloma Benth."
"Lysiloma latisiliquum","","732NT","732NT","9CL8V","Lysiloma latisiliquum (L.) Benth.","Lysiloma latisiliquum","(L.) Benth.","accepted","Lysiloma latisiliquum (L.) Benth.","GENUS:Lysiloma Benth.|FAMILY:Fabaceae|ORDER:Fabales Bromhead|CLASS:Magnoliopsida|PHYLUM:Tracheophyta|SUBKINGDOM:Pteridobiotina Britton & Brown|KINGDOM:Plantae|DOMAIN:Eukaryota (Chatton, 1925) Whittaker & Margulis, 1978","Plantae","Tracheophyta","Magnoliopsida","Fabales Bromhead","Fabaceae","Lysiloma Benth."
"Lysiloma microphylla","","72QNS","6QQNW","6QQNW","Lysiloma microphyllum Benth.","Lysiloma microphyllum","Benth.","synonym","Lysiloma divaricatum (Jacq.) J.F.Macbr.","SPECIES:Lysiloma divaricatum (Jacq.) J.F.Macbr.|GENUS:Lysiloma Benth.|FAMILY:Fabaceae|ORDER:Fabales Bromhead|CLASS:Magnoliopsida|PHYLUM:Tracheophyta|SUBKINGDOM:Pteridobiotina Britton & Brown|KINGDOM:Plantae|DOMAIN:Eukaryota (Chatton, 1925) Whittaker & Margulis, 1978","Plantae","Tracheophyta","Magnoliopsida","Fabales Bromhead","Fabaceae","Lysiloma Benth."
"Lysiloma tergemina","","72QNM","72QNM","9CL8V","Lysiloma tergeminum Benth.","Lysiloma tergeminum","Benth.","accepted","Lysiloma tergeminum Benth.","GENUS:Lysiloma Benth.|FAMILY:Fabaceae|ORDER:Fabales Bromhead|CLASS:Magnoliopsida|PHYLUM:Tracheophyta|SUBKINGDOM:Pteridobiotina Britton & Brown|KINGDOM:Plantae|DOMAIN:Eukaryota (Chatton, 1925) Whittaker & Margulis, 1978","Plantae","Tracheophyta","Magnoliopsida","Fabales Bromhead","Fabaceae","Lysiloma Benth."
"Lysiloma watsonii","","6R2NL","6R2NL","9CL8V","Lysiloma watsonii Rose","Lysiloma watsonii","Rose","accepted","Lysiloma watsonii Rose","GENUS:Lysiloma Benth.|FAMILY:Fabaceae|ORDER:Fabales Bromhead|CLASS:Magnoliopsida|PHYLUM:Tracheophyta|SUBKINGDOM:Pteridobiotina Britton & Brown|KINGDOM:Plantae|DOMAIN:Eukaryota (Chatton, 1925) Whittaker & Margulis, 1978","Plantae","Tracheophyta","Magnoliopsida","Fabales Bromhead","Fabaceae","Lysiloma Benth."
"Macrosamanea simabifolia","","3X9DP","3X9DP","9CL96","Macrosamanea simabifolia (Spruce ex Benth.) Pittier","Macrosamanea simabifolia","(Spruce ex Benth.) Pittier","accepted","Macrosamanea simabifolia (Spruce ex Benth.) Pittier","GENUS:Macrosamanea Britton & Rose|FAMILY:Fabaceae|ORDER:Fabales Bromhead|CLASS:Magnoliopsida|PHYLUM:Tracheophyta|SUBKINGDOM:Pteridobiotina Britton & Brown|KINGDOM:Plantae|DOMAIN:Eukaryota (Chatton, 1925) Whittaker & Margulis, 1978","Plantae","Tracheophyta","Magnoliopsida","Fabales Bromhead","Fabaceae","Macrosamanea Britton & Rose"
"Macrosamanea spruceana","","3X9DQ","3X9DQ","9CL96","Macrosamanea spruceana (Benth.) Killip ex Record","Macrosamanea spruceana","(Benth.) Killip ex Record","accepted","Macrosamanea spruceana (Benth.) Killip ex Record","GENUS:Macrosamanea Britton & Rose|FAMILY:Fabaceae|ORDER:Fabales Bromhead|CLASS:Magnoliopsida|PHYLUM:Tracheophyta|SUBKINGDOM:Pteridobiotina Britton & Brown|KINGDOM:Plantae|DOMAIN:Eukaryota (Chatton, 1925) Whittaker & Margulis, 1978","Plantae","Tracheophyta","Magnoliopsida","Fabales Bromhead","Fabaceae","Macrosamanea Britton & Rose"
"Microlobius foetidus","","6RH3H","6RH3H","9CLCF","Microlobius foetidus (Jacq.) M.Sousa & G.Andrade","Microlobius foetidus","(Jacq.) M.Sousa & G.Andrade","accepted","Microlobius foetidus (Jacq.) M.Sousa & G.Andrade","GENUS:Microlobius C.Presl|FAMILY:Fabaceae|ORDER:Fabales Bromhead|CLASS:Magnoliopsida|PHYLUM:Tracheophyta|SUBKINGDOM:Pteridobiotina Britton & Brown|KINGDOM:Plantae|DOMAIN:Eukaryota (Chatton, 1925) Whittaker & Margulis, 1978","Plantae","Tracheophyta","Magnoliopsida","Fabales Bromhead","Fabaceae","Microlobius C.Presl"
"Mimosa acantholoba","","43G22","43G22","9CLCS","Mimosa acantholoba (Humb. & Bonpl. ex Willd.) Poir.","Mimosa acantholoba","(Humb. & Bonpl. ex Willd.) Poir.","accepted","Mimosa acantholoba (Humb. & Bonpl. ex Willd.) Poir.","GENUS:Mimosa L.|FAMILY:Fabaceae|ORDER:Fabales Bromhead|CLASS:Magnoliopsida|PHYLUM:Tracheophyta|SUBKINGDOM:Pteridobiotina Britton & Brown|KINGDOM:Plantae|DOMAIN:Eukaryota (Chatton, 1925) Whittaker & Margulis, 1978","Plantae","Tracheophyta","Magnoliopsida","Fabales Bromhead","Fabaceae","Mimosa L."
"Mimosa acapulcensis","","43G24","43G24","9CLCS","Mimosa acapulcensis B.L.Rob.","Mimosa acapulcensis","B.L.Rob.","accepted","Mimosa acapulcensis B.L.Rob.","GENUS:Mimosa L.|FAMILY:Fabaceae|ORDER:Fabales Bromhead|CLASS:Magnoliopsida|PHYLUM:Tracheophyta|SUBKINGDOM:Pteridobiotina Britton & Brown|KINGDOM:Plantae|DOMAIN:Eukaryota (Chatton, 1925) Whittaker & Margulis, 1978","Plantae","Tracheophyta","Magnoliopsida","Fabales Bromhead","Fabaceae","Mimosa L."
"Mimosa acerba","","43G25","9DSMX","9DSMX","Mimosa acerba Benth.","Mimosa acerba","Benth.","synonym","Mimosa dolens subsp. acerba (Benth.) Barneby","SUBSPECIES:Mimosa dolens subsp. acerba (Benth.) Barneby|SPECIES:Mimosa dolens Vell.|GENUS:Mimosa L.|FAMILY:Fabaceae|ORDER:Fabales Bromhead|CLASS:Magnoliopsida|PHYLUM:Tracheophyta|SUBKINGDOM:Pteridobiotina Britton & Brown|KINGDOM:Plantae|DOMAIN:Eukaryota (Chatton, 1925) Whittaker & Margulis, 1978","Plantae","Tracheophyta","Magnoliopsida","Fabales Bromhead","Fabaceae","Mimosa L."
"Mimosa aculeaticarpa","","43G27","43G27","9CLCS","Mimosa aculeaticarpa Ortega","Mimosa aculeaticarpa","Ortega","accepted","Mimosa aculeaticarpa Ortega","GENUS:Mimosa L.|FAMILY:Fabaceae|ORDER:Fabales Bromhead|CLASS:Magnoliopsida|PHYLUM:Tracheophyta|SUBKINGDOM:Pteridobiotina Britton & Brown|KINGDOM:Plantae|DOMAIN:Eukaryota (Chatton, 1925) Whittaker & Margulis, 1978","Plantae","Tracheophyta","Magnoliopsida","Fabales Bromhead","Fabaceae","Mimosa L."
"Mimosa adenantheroides","","43G2B","43G2B","9CLCS","Mimosa adenantheroides (M.Martens & Galeotti) Benth.","Mimosa adenantheroides","(M.Martens & Galeotti) Benth.","accepted","Mimosa adenantheroides (M.Martens & Galeotti) Benth.","GENUS:Mimosa L.|FAMILY:Fabaceae|ORDER:Fabales Bromhead|CLASS:Magnoliopsida|PHYLUM:Tracheophyta|SUBKINGDOM:Pteridobiotina Britton & Brown|KINGDOM:Plantae|DOMAIN:Eukaryota (Chatton, 1925) Whittaker & Margulis, 1978","Plantae","Tracheophyta","Magnoliopsida","Fabales Bromhead","Fabaceae","Mimosa L."
"Mimosa affinis","","43G2M","43G2M","9CLCS","Mimosa affinis B.L.Rob.","Mimosa affinis","B.L.Rob.","accepted","Mimosa affinis B.L.Rob.","GENUS:Mimosa L.|FAMILY:Fabaceae|ORDER:Fabales Bromhead|CLASS:Magnoliopsida|PHYLUM:Tracheophyta|SUBKINGDOM:Pteridobiotina Britton & Brown|KINGDOM:Plantae|DOMAIN:Eukaryota (Chatton, 1925) Whittaker & Margulis, 1978","Plantae","Tracheophyta","Magnoliopsida","Fabales Bromhead","Fabaceae","Mimosa L."
"Mimosa albida","","43G2Q","43G2Q","9CLCS","Mimosa albida Humb. & Bonpl. ex Willd.","Mimosa albida","Humb. & Bonpl. ex Willd.","accepted","Mimosa albida Humb. & Bonpl. ex Willd.","GENUS:Mimosa L.|FAMILY:Fabaceae|ORDER:Fabales Bromhead|CLASS:Magnoliopsida|PHYLUM:Tracheophyta|SUBKINGDOM:Pteridobiotina Britton & Brown|KINGDOM:Plantae|DOMAIN:Eukaryota (Chatton, 1925) Whittaker & Margulis, 1978","Plantae","Tracheophyta","Magnoliopsida","Fabales Bromhead","Fabaceae","Mimosa L."
"Mimosa albolanata","","43G2R","43G2R","9CLCS","Mimosa albolanata Taub.","Mimosa albolanata","Taub.","accepted","Mimosa albolanata Taub.","GENUS:Mimosa L.|FAMILY:Fabaceae|ORDER:Fabales Bromhead|CLASS:Magnoliopsida|PHYLUM:Tracheophyta|SUBKINGDOM:Pteridobiotina Britton & Brown|KINGDOM:Plantae|DOMAIN:Eukaryota (Chatton, 1925) Whittaker & Margulis, 1978","Plantae","Tracheophyta","Magnoliopsida","Fabales Bromhead","Fabaceae","Mimosa L."
"Mimosa annularis","","43G36","43G36","9CLCS","Mimosa annularis Spruce ex Benth.","Mimosa annularis","Spruce ex Benth.","accepted","Mimosa annularis Spruce ex Benth.","GENUS:Mimosa L.|FAMILY:Fabaceae|ORDER:Fabales Bromhead|CLASS:Magnoliopsida|PHYLUM:Tracheophyta|SUBKINGDOM:Pteridobiotina Britton & Brown|KINGDOM:Plantae|DOMAIN:Eukaryota (Chatton, 1925) Whittaker & Margulis, 1978","Plantae","Tracheophyta","Magnoliopsida","Fabales Bromhead","Fabaceae","Mimosa L."
"Mimosa antioquensis","","43G38","43G38","9CLCS","Mimosa antioquensis Killip ex Rudd","Mimosa antioquensis","Killip ex Rudd","accepted","Mimosa antioquensis Killip ex Rudd","GENUS:Mimosa L.|FAMILY:Fabaceae|ORDER:Fabales Bromhead|CLASS:Magnoliopsida|PHYLUM:Tracheophyta|SUBKINGDOM:Pteridobiotina Britton & Brown|KINGDOM:Plantae|DOMAIN:Eukaryota (Chatton, 1925) Whittaker & Margulis, 1978","Plantae","Tracheophyta","Magnoliopsida","Fabales Bromhead","Fabaceae","Mimosa L."
"Mimosa antrorsa","","43G39","43G39","9CLCS","Mimosa antrorsa Benth.","Mimosa antrorsa","Benth.","accepted","Mimosa antrorsa Benth.","GENUS:Mimosa L.|FAMILY:Fabaceae|ORDER:Fabales Bromhead|CLASS:Magnoliopsida|PHYLUM:Tracheophyta|SUBKINGDOM:Pteridobiotina Britton & Brown|KINGDOM:Plantae|DOMAIN:Eukaryota (Chatton, 1925) Whittaker & Margulis, 1978","Plantae","Tracheophyta","Magnoliopsida","Fabales Bromhead","Fabaceae","Mimosa L."
"Mimosa arenosa","","43G3G","43G3G","9CLCS","Mimosa arenosa (Willd.) Poir.","Mimosa arenosa","(Willd.) Poir.","accepted","Mimosa arenosa (Willd.) Poir.","GENUS:Mimosa L.|FAMILY:Fabaceae|ORDER:Fabales Bromhead|CLASS:Magnoliopsida|PHYLUM:Tracheophyta|SUBKINGDOM:Pteridobiotina Britton & Brown|KINGDOM:Plantae|DOMAIN:Eukaryota (Chatton, 1925) Whittaker & Margulis, 1978","Plantae","Tracheophyta","Magnoliopsida","Fabales Bromhead","Fabaceae","Mimosa L."
"Mimosa asperata","","43G3P","9DX4M","9DX4M","Mimosa asperata L.","Mimosa asperata","L.","synonym","Mimosa pigra var. asperata (L.) Zarucchi, Vincent & Gandhi","VARIETY:Mimosa pigra var. asperata (L.) Zarucchi, Vincent & Gandhi|SPECIES:Mimosa pigra L.|GENUS:Mimosa L.|FAMILY:Fabaceae|ORDER:Fabales Bromhead|CLASS:Magnoliopsida|PHYLUM:Tracheophyta|SUBKINGDOM:Pteridobiotina Britton & Brown|KINGDOM:Plantae|DOMAIN:Eukaryota (Chatton, 1925) Whittaker & Margulis, 1978","Plantae","Tracheophyta","Magnoliopsida","Fabales Bromhead","Fabaceae","Mimosa L."
"Mimosa aurivillus","","43G3T","43G3T","9CLCS","Mimosa aurivillus Mart.","Mimosa aurivillus","Mart.","accepted","Mimosa aurivillus Mart.","GENUS:Mimosa L.|FAMILY:Fabaceae|ORDER:Fabales Bromhead|CLASS:Magnoliopsida|PHYLUM:Tracheophyta|SUBKINGDOM:Pteridobiotina Britton & Brown|KINGDOM:Plantae|DOMAIN:Eukaryota (Chatton, 1925) Whittaker & Margulis, 1978","Plantae","Tracheophyta","Magnoliopsida","Fabales Bromhead","Fabaceae","Mimosa L."
"Mimosa bahamensis","","43G3W","43G3W","9CLCS","Mimosa bahamensis Benth.","Mimosa bahamensis","Benth.","accepted","Mimosa bahamensis Benth.","GENUS:Mimosa L.|FAMILY:Fabaceae|ORDER:Fabales Bromhead|CLASS:Magnoliopsida|PHYLUM:Tracheophyta|SUBKINGDOM:Pteridobiotina Britton & Brown|KINGDOM:Plantae|DOMAIN:Eukaryota (Chatton, 1925) Whittaker & Margulis, 1978","Plantae","Tracheophyta","Magnoliopsida","Fabales Bromhead","Fabaceae","Mimosa L."
"Mimosa benthamii","","43G47","43G47","9CLCS","Mimosa benthamii J.F.Macbr.","Mimosa benthamii","J.F.Macbr.","accepted","Mimosa benthamii J.F.Macbr.","GENUS:Mimosa L.|FAMILY:Fabaceae|ORDER:Fabales Bromhead|CLASS:Magnoliopsida|PHYLUM:Tracheophyta|SUBKINGDOM:Pteridobiotina Britton & Brown|KINGDOM:Plantae|DOMAIN:Eukaryota (Chatton, 1925) Whittaker & Margulis, 1978","Plantae","Tracheophyta","Magnoliopsida","Fabales Bromhead","Fabaceae","Mimosa L."
"Mimosa bimucronata","","43G4F","43G4F","9CLCS","Mimosa bimucronata (DC.) Kuntze","Mimosa bimucronata","(DC.) Kuntze","accepted","Mimosa bimucronata (DC.) Kuntze","GENUS:Mimosa L.|FAMILY:Fabaceae|ORDER:Fabales Bromhead|CLASS:Magnoliopsida|PHYLUM:Tracheophyta|SUBKINGDOM:Pteridobiotina Britton & Brown|KINGDOM:Plantae|DOMAIN:Eukaryota (Chatton, 1925) Whittaker & Margulis, 1978","Plantae","Tracheophyta","Magnoliopsida","Fabales Bromhead","Fabaceae","Mimosa L."
"Mimosa bonplandii","","43G4M","43G4M","9CLCS","Mimosa bonplandii Benth.","Mimosa bonplandii","Benth.","accepted","Mimosa bonplandii Benth.","GENUS:Mimosa L.|FAMILY:Fabaceae|ORDER:Fabales Bromhead|CLASS:Magnoliopsida|PHYLUM:Tracheophyta|SUBKINGDOM:Pteridobiotina Britton & Brown|KINGDOM:Plantae|DOMAIN:Eukaryota (Chatton, 1925) Whittaker & Margulis, 1978","Plantae","Tracheophyta","Magnoliopsida","Fabales Bromhead","Fabaceae","Mimosa L."
"Mimosa borealis","","43G4P","43G4P","9CLCS","Mimosa borealis A.Gray","Mimosa borealis","A.Gray","accepted","Mimosa borealis A.Gray","GENUS:Mimosa L.|FAMILY:Fabaceae|ORDER:Fabales Bromhead|CLASS:Magnoliopsida|PHYLUM:Tracheophyta|SUBKINGDOM:Pteridobiotina Britton & Brown|KINGDOM:Plantae|DOMAIN:Eukaryota (Chatton, 1925) Whittaker & Margulis, 1978","Plantae","Tracheophyta","Magnoliopsida","Fabales Bromhead","Fabaceae","Mimosa L."
"Mimosa brachycarpa","","43G4T","43G4T","9CLCS","Mimosa brachycarpa Benth.","Mimosa brachycarpa","Benth.","accepted","Mimosa brachycarpa Benth.","GENUS:Mimosa L.|FAMILY:Fabaceae|ORDER:Fabales Bromhead|CLASS:Magnoliopsida|PHYLUM:Tracheophyta|SUBKINGDOM:Pteridobiotina Britton & Brown|KINGDOM:Plantae|DOMAIN:Eukaryota (Chatton, 1925) Whittaker & Margulis, 1978","Plantae","Tracheophyta","Magnoliopsida","Fabales Bromhead","Fabaceae","Mimosa L."
"Mimosa brandegeei","","43G4X","9DWY6","9DWY6","Mimosa brandegeei B.L.Rob.","Mimosa brandegeei","B.L.Rob.","synonym","Mimosa distachya var. distachya","VARIETY:Mimosa distachya var. distachya|SPECIES:Mimosa distachya Cav.|GENUS:Mimosa L.|FAMILY:Fabaceae|ORDER:Fabales Bromhead|CLASS:Magnoliopsida|PHYLUM:Tracheophyta|SUBKINGDOM:Pteridobiotina Britton & Brown|KINGDOM:Plantae|DOMAIN:Eukaryota (Chatton, 1925) Whittaker & Margulis, 1978","Plantae","Tracheophyta","Magnoliopsida","Fabales Bromhead","Fabaceae","Mimosa L."
"Mimosa brandegei","","","","","","","","","","","","","","","",""
"Mimosa brevispicata","","43G56","43G56","9CLCS","Mimosa brevispicata Britton","Mimosa brevispicata","Britton","accepted","Mimosa brevispicata Britton","GENUS:Mimosa L.|FAMILY:Fabaceae|ORDER:Fabales Bromhead|CLASS:Magnoliopsida|PHYLUM:Tracheophyta|SUBKINGDOM:Pteridobiotina Britton & Brown|KINGDOM:Plantae|DOMAIN:Eukaryota (Chatton, 1925) Whittaker & Margulis, 1978","Plantae","Tracheophyta","Magnoliopsida","Fabales Bromhead","Fabaceae","Mimosa L."
"Mimosa caerulea","","6RM2J","6RM2J","9CLCS","Mimosa caerulea Rose","Mimosa caerulea","Rose","accepted","Mimosa caerulea Rose","GENUS:Mimosa L.|FAMILY:Fabaceae|ORDER:Fabales Bromhead|CLASS:Magnoliopsida|PHYLUM:Tracheophyta|SUBKINGDOM:Pteridobiotina Britton & Brown|KINGDOM:Plantae|DOMAIN:Eukaryota (Chatton, 1925) Whittaker & Margulis, 1978","Plantae","Tracheophyta","Magnoliopsida","Fabales Bromhead","Fabaceae","Mimosa L."
"Mimosa caesalpiniifolia","","43G5G","43G5G","9CLCS","Mimosa caesalpiniifolia Benth.","Mimosa caesalpiniifolia","Benth.","accepted","Mimosa caesalpiniifolia Benth.","GENUS:Mimosa L.|FAMILY:Fabaceae|ORDER:Fabales Bromhead|CLASS:Magnoliopsida|PHYLUM:Tracheophyta|SUBKINGDOM:Pteridobiotina Britton & Brown|KINGDOM:Plantae|DOMAIN:Eukaryota (Chatton, 1925) Whittaker & Margulis, 1978","Plantae","Tracheophyta","Magnoliopsida","Fabales Bromhead","Fabaceae","Mimosa L."
"Mimosa cainguensis","","43G5J","43G5J","9CLCS","Mimosa cainguensis Burkart","Mimosa cainguensis","Burkart","accepted","Mimosa cainguensis Burkart","GENUS:Mimosa L.|FAMILY:Fabaceae|ORDER:Fabales Bromhead|CLASS:Magnoliopsida|PHYLUM:Tracheophyta|SUBKINGDOM:Pteridobiotina Britton & Brown|KINGDOM:Plantae|DOMAIN:Eukaryota (Chatton, 1925) Whittaker & Margulis, 1978","Plantae","Tracheophyta","Magnoliopsida","Fabales Bromhead","Fabaceae","Mimosa L."
"Mimosa calcicola","","43G5K","43G5K","9CLCS","Mimosa calcicola B.L.Rob.","Mimosa calcicola","B.L.Rob.","accepted","Mimosa calcicola B.L.Rob.","GENUS:Mimosa L.|FAMILY:Fabaceae|ORDER:Fabales Bromhead|CLASS:Magnoliopsida|PHYLUM:Tracheophyta|SUBKINGDOM:Pteridobiotina Britton & Brown|KINGDOM:Plantae|DOMAIN:Eukaryota (Chatton, 1925) Whittaker & Margulis, 1978","Plantae","Tracheophyta","Magnoliopsida","Fabales Bromhead","Fabaceae","Mimosa L."
"Mimosa camporum","","43G5W","43G5W","9CLCS","Mimosa camporum Benth.","Mimosa camporum","Benth.","accepted","Mimosa camporum Benth.","GENUS:Mimosa L.|FAMILY:Fabaceae|ORDER:Fabales Bromhead|CLASS:Magnoliopsida|PHYLUM:Tracheophyta|SUBKINGDOM:Pteridobiotina Britton & Brown|KINGDOM:Plantae|DOMAIN:Eukaryota (Chatton, 1925) Whittaker & Margulis, 1978","Plantae","Tracheophyta","Magnoliopsida","Fabales Bromhead","Fabaceae","Mimosa L."
"Mimosa chaetocarpa","","43G6N","9DX7K","9DX7K","Mimosa chaetocarpa Brandegee","Mimosa chaetocarpa","Brandegee","synonym","Mimosa tricephala var. tricephala","VARIETY:Mimosa tricephala var. tricephala|SPECIES:Mimosa tricephala Schltdl. & Cham.|GENUS:Mimosa L.|FAMILY:Fabaceae|ORDER:Fabales Bromhead|CLASS:Magnoliopsida|PHYLUM:Tracheophyta|SUBKINGDOM:Pteridobiotina Britton & Brown|KINGDOM:Plantae|DOMAIN:Eukaryota (Chatton, 1925) Whittaker & Margulis, 1978","Plantae","Tracheophyta","Magnoliopsida","Fabales Bromhead","Fabaceae","Mimosa L."
"Mimosa claussenii","","43G73","43G73","9CLCS","Mimosa claussenii Benth.","Mimosa claussenii","Benth.","accepted","Mimosa claussenii Benth.","GENUS:Mimosa L.|FAMILY:Fabaceae|ORDER:Fabales Bromhead|CLASS:Magnoliopsida|PHYLUM:Tracheophyta|SUBKINGDOM:Pteridobiotina Britton & Brown|KINGDOM:Plantae|DOMAIN:Eukaryota (Chatton, 1925) Whittaker & Margulis, 1978","Plantae","Tracheophyta","Magnoliopsida","Fabales Bromhead","Fabaceae","Mimosa L."
"Mimosa colombiana","","43G79","43G79","9CLCS","Mimosa colombiana Britton & Killip","Mimosa colombiana","Britton & Killip","accepted","Mimosa colombiana Britton & Killip","GENUS:Mimosa L.|FAMILY:Fabaceae|ORDER:Fabales Bromhead|CLASS:Magnoliopsida|PHYLUM:Tracheophyta|SUBKINGDOM:Pteridobiotina Britton & Brown|KINGDOM:Plantae|DOMAIN:Eukaryota (Chatton, 1925) Whittaker & Margulis, 1978","Plantae","Tracheophyta","Magnoliopsida","Fabales Bromhead","Fabaceae","Mimosa L."
"Mimosa congestifolia","","43G7F","43G7F","9CLCS","Mimosa congestifolia Burkart","Mimosa congestifolia","Burkart","accepted","Mimosa congestifolia Burkart","GENUS:Mimosa L.|FAMILY:Fabaceae|ORDER:Fabales Bromhead|CLASS:Magnoliopsida|PHYLUM:Tracheophyta|SUBKINGDOM:Pteridobiotina Britton & Brown|KINGDOM:Plantae|DOMAIN:Eukaryota (Chatton, 1925) Whittaker & Margulis, 1978","Plantae","Tracheophyta","Magnoliopsida","Fabales Bromhead","Fabaceae","Mimosa L."
"Mimosa cordistipula","","43G7M","43G7M","9CLCS","Mimosa cordistipula Benth.","Mimosa cordistipula","Benth.","accepted","Mimosa cordistipula Benth.","GENUS:Mimosa L.|FAMILY:Fabaceae|ORDER:Fabales Bromhead|CLASS:Magnoliopsida|PHYLUM:Tracheophyta|SUBKINGDOM:Pteridobiotina Britton & Brown|KINGDOM:Plantae|DOMAIN:Eukaryota (Chatton, 1925) Whittaker & Margulis, 1978","Plantae","Tracheophyta","Magnoliopsida","Fabales Bromhead","Fabaceae","Mimosa L."
"Mimosa costenya","","43G7Y","43G7Y","9CLCS","Mimosa costenya McVaugh","Mimosa costenya","McVaugh","accepted","Mimosa costenya McVaugh","GENUS:Mimosa L.|FAMILY:Fabaceae|ORDER:Fabales Bromhead|CLASS:Magnoliopsida|PHYLUM:Tracheophyta|SUBKINGDOM:Pteridobiotina Britton & Brown|KINGDOM:Plantae|DOMAIN:Eukaryota (Chatton, 1925) Whittaker & Margulis, 1978","Plantae","Tracheophyta","Magnoliopsida","Fabales Bromhead","Fabaceae","Mimosa L."
"Mimosa cruenta","","43G82","43G82","9CLCS","Mimosa cruenta Benth.","Mimosa cruenta","Benth.","accepted","Mimosa cruenta Benth.","GENUS:Mimosa L.|FAMILY:Fabaceae|ORDER:Fabales Bromhead|CLASS:Magnoliopsida|PHYLUM:Tracheophyta|SUBKINGDOM:Pteridobiotina Britton & Brown|KINGDOM:Plantae|DOMAIN:Eukaryota (Chatton, 1925) Whittaker & Margulis, 1978","Plantae","Tracheophyta","Magnoliopsida","Fabales Bromhead","Fabaceae","Mimosa L."
"Mimosa cyclophylla","","43G87","43G87","9CLCS","Mimosa cyclophylla Taub.","Mimosa cyclophylla","Taub.","accepted","Mimosa cyclophylla Taub.","GENUS:Mimosa L.|FAMILY:Fabaceae|ORDER:Fabales Bromhead|CLASS:Magnoliopsida|PHYLUM:Tracheophyta|SUBKINGDOM:Pteridobiotina Britton & Brown|KINGDOM:Plantae|DOMAIN:Eukaryota (Chatton, 1925) Whittaker & Margulis, 1978","Plantae","Tracheophyta","Magnoliopsida","Fabales Bromhead","Fabaceae","Mimosa L."
"Mimosa daleoides","","6RM2G","6RM2G","9CLCS","Mimosa daleoides Benth.","Mimosa daleoides","Benth.","accepted","Mimosa daleoides Benth.","GENUS:Mimosa L.|FAMILY:Fabaceae|ORDER:Fabales Bromhead|CLASS:Magnoliopsida|PHYLUM:Tracheophyta|SUBKINGDOM:Pteridobiotina Britton & Brown|KINGDOM:Plantae|DOMAIN:Eukaryota (Chatton, 1925) Whittaker & Margulis, 1978","Plantae","Tracheophyta","Magnoliopsida","Fabales Bromhead","Fabaceae","Mimosa L."
"Mimosa deamii","","43G8D","43G8D","9CLCS","Mimosa deamii B.L.Rob.","Mimosa deamii","B.L.Rob.","accepted","Mimosa deamii B.L.Rob.","GENUS:Mimosa L.|FAMILY:Fabaceae|ORDER:Fabales Bromhead|CLASS:Magnoliopsida|PHYLUM:Tracheophyta|SUBKINGDOM:Pteridobiotina Britton & Brown|KINGDOM:Plantae|DOMAIN:Eukaryota (Chatton, 1925) Whittaker & Margulis, 1978","Plantae","Tracheophyta","Magnoliopsida","Fabales Bromhead","Fabaceae","Mimosa L."
"Mimosa debilis","","73LQG","73LQG","9CLCS","Mimosa debilis Humb. & Bonpl. ex Willd.","Mimosa debilis","Humb. & Bonpl. ex Willd.","accepted","Mimosa debilis Humb. & Bonpl. ex Willd.","GENUS:Mimosa L.|FAMILY:Fabaceae|ORDER:Fabales Bromhead|CLASS:Magnoliopsida|PHYLUM:Tracheophyta|SUBKINGDOM:Pteridobiotina Britton & Brown|KINGDOM:Plantae|DOMAIN:Eukaryota (Chatton, 1925) Whittaker & Margulis, 1978","Plantae","Tracheophyta","Magnoliopsida","Fabales Bromhead","Fabaceae","Mimosa L."
"Mimosa decorticans","","9DCWG","9DCWG","9CLCS","Mimosa decorticans Barneby","Mimosa decorticans","Barneby","accepted","Mimosa decorticans Barneby","GENUS:Mimosa L.|FAMILY:Fabaceae|ORDER:Fabales Bromhead|CLASS:Magnoliopsida|PHYLUM:Tracheophyta|SUBKINGDOM:Pteridobiotina Britton & Brown|KINGDOM:Plantae|DOMAIN:Eukaryota (Chatton, 1925) Whittaker & Margulis, 1978","Plantae","Tracheophyta","Magnoliopsida","Fabales Bromhead","Fabaceae","Mimosa L."
"Mimosa depauperata","","43G8M","43G8M","9CLCS","Mimosa depauperata Benth.","Mimosa depauperata","Benth.","accepted","Mimosa depauperata Benth.","GENUS:Mimosa L.|FAMILY:Fabaceae|ORDER:Fabales Bromhead|CLASS:Magnoliopsida|PHYLUM:Tracheophyta|SUBKINGDOM:Pteridobiotina Britton & Brown|KINGDOM:Plantae|DOMAIN:Eukaryota (Chatton, 1925) Whittaker & Margulis, 1978","Plantae","Tracheophyta","Magnoliopsida","Fabales Bromhead","Fabaceae","Mimosa L."
"Mimosa diplotricha","","9DCWS","9DCWS","9CLCS","Mimosa diplotricha C.Wright","Mimosa diplotricha","C.Wright","accepted","Mimosa diplotricha C.Wright","GENUS:Mimosa L.|FAMILY:Fabaceae|ORDER:Fabales Bromhead|CLASS:Magnoliopsida|PHYLUM:Tracheophyta|SUBKINGDOM:Pteridobiotina Britton & Brown|KINGDOM:Plantae|DOMAIN:Eukaryota (Chatton, 1925) Whittaker & Margulis, 1978","Plantae","Tracheophyta","Magnoliopsida","Fabales Bromhead","Fabaceae","Mimosa L."
"Mimosa distachya","","43G96","43G96","9CLCS","Mimosa distachya Cav.","Mimosa distachya","Cav.","accepted","Mimosa distachya Cav.","GENUS:Mimosa L.|FAMILY:Fabaceae|ORDER:Fabales Bromhead|CLASS:Magnoliopsida|PHYLUM:Tracheophyta|SUBKINGDOM:Pteridobiotina Britton & Brown|KINGDOM:Plantae|DOMAIN:Eukaryota (Chatton, 1925) Whittaker & Margulis, 1978","Plantae","Tracheophyta","Magnoliopsida","Fabales Bromhead","Fabaceae","Mimosa L."
"Mimosa distans","","43G97","43G97","9CLCS","Mimosa distans Benth.","Mimosa distans","Benth.","accepted","Mimosa distans Benth.","GENUS:Mimosa L.|FAMILY:Fabaceae|ORDER:Fabales Bromhead|CLASS:Magnoliopsida|PHYLUM:Tracheophyta|SUBKINGDOM:Pteridobiotina Britton & Brown|KINGDOM:Plantae|DOMAIN:Eukaryota (Chatton, 1925) Whittaker & Margulis, 1978","Plantae","Tracheophyta","Magnoliopsida","Fabales Bromhead","Fabaceae","Mimosa L."
"Mimosa diversifolia","","43G99","43G99","9CLCS","Mimosa diversifolia Micheli","Mimosa diversifolia","Micheli","accepted","Mimosa diversifolia Micheli","GENUS:Mimosa L.|FAMILY:Fabaceae|ORDER:Fabales Bromhead|CLASS:Magnoliopsida|PHYLUM:Tracheophyta|SUBKINGDOM:Pteridobiotina Britton & Brown|KINGDOM:Plantae|DOMAIN:Eukaryota (Chatton, 1925) Whittaker & Margulis, 1978","Plantae","Tracheophyta","Magnoliopsida","Fabales Bromhead","Fabaceae","Mimosa L."
"Mimosa diversipila","","6RLQF","6RLQF","9CLCS","Mimosa diversipila M.Micheli","Mimosa diversipila","M.Micheli","accepted","Mimosa diversipila M.Micheli","GENUS:Mimosa L.|FAMILY:Fabaceae|ORDER:Fabales Bromhead|CLASS:Magnoliopsida|PHYLUM:Tracheophyta|SUBKINGDOM:Pteridobiotina Britton & Brown|KINGDOM:Plantae|DOMAIN:Eukaryota (Chatton, 1925) Whittaker & Margulis, 1978","Plantae","Tracheophyta","Magnoliopsida","Fabales Bromhead","Fabaceae","Mimosa L."
"Mimosa dolens","","43G9B","43G9B","9CLCS","Mimosa dolens Vell.","Mimosa dolens","Vell.","accepted","Mimosa dolens Vell.","GENUS:Mimosa L.|FAMILY:Fabaceae|ORDER:Fabales Bromhead|CLASS:Magnoliopsida|PHYLUM:Tracheophyta|SUBKINGDOM:Pteridobiotina Britton & Brown|KINGDOM:Plantae|DOMAIN:Eukaryota (Chatton, 1925) Whittaker & Margulis, 1978","Plantae","Tracheophyta","Magnoliopsida","Fabales Bromhead","Fabaceae","Mimosa L."
"Mimosa dormiens","","43G9G","43G9G","9CLCS","Mimosa dormiens Humb. & Bonpl. ex Willd.","Mimosa dormiens","Humb. & Bonpl. ex Willd.","accepted","Mimosa dormiens Humb. & Bonpl. ex Willd.","GENUS:Mimosa L.|FAMILY:Fabaceae|ORDER:Fabales Bromhead|CLASS:Magnoliopsida|PHYLUM:Tracheophyta|SUBKINGDOM:Pteridobiotina Britton & Brown|KINGDOM:Plantae|DOMAIN:Eukaryota (Chatton, 1925) Whittaker & Margulis, 1978","Plantae","Tracheophyta","Magnoliopsida","Fabales Bromhead","Fabaceae","Mimosa L."
"Mimosa dryandroides","","43G9J","43G9J","9CLCS","Mimosa dryandroides Taub.","Mimosa dryandroides","Taub.","accepted","Mimosa dryandroides Taub.","GENUS:Mimosa L.|FAMILY:Fabaceae|ORDER:Fabales Bromhead|CLASS:Magnoliopsida|PHYLUM:Tracheophyta|SUBKINGDOM:Pteridobiotina Britton & Brown|KINGDOM:Plantae|DOMAIN:Eukaryota (Chatton, 1925) Whittaker & Margulis, 1978","Plantae","Tracheophyta","Magnoliopsida","Fabales Bromhead","Fabaceae","Mimosa L."
"Mimosa egregia","","73LQF","73LQF","9CLCS","Mimosa egregia Sandwith","Mimosa egregia","Sandwith","accepted","Mimosa egregia Sandwith","GENUS:Mimosa L.|FAMILY:Fabaceae|ORDER:Fabales Bromhead|CLASS:Magnoliopsida|PHYLUM:Tracheophyta|SUBKINGDOM:Pteridobiotina Britton & Brown|KINGDOM:Plantae|DOMAIN:Eukaryota (Chatton, 1925) Whittaker & Margulis, 1978","Plantae","Tracheophyta","Magnoliopsida","Fabales Bromhead","Fabaceae","Mimosa L."
"Mimosa emoryana","","6RM2D","6RM2D","9CLCS","Mimosa emoryana Benth.","Mimosa emoryana","Benth.","accepted","Mimosa emoryana Benth.","GENUS:Mimosa L.|FAMILY:Fabaceae|ORDER:Fabales Bromhead|CLASS:Magnoliopsida|PHYLUM:Tracheophyta|SUBKINGDOM:Pteridobiotina Britton & Brown|KINGDOM:Plantae|DOMAIN:Eukaryota (Chatton, 1925) Whittaker & Margulis, 1978","Plantae","Tracheophyta","Magnoliopsida","Fabales Bromhead","Fabaceae","Mimosa L."
"Mimosa ephedroides","","6RLQC","6RLQC","9CLCS","Mimosa ephedroides (Gillies ex Hook.) Benth.","Mimosa ephedroides","(Gillies ex Hook.) Benth.","accepted","Mimosa ephedroides (Gillies ex Hook.) Benth.","GENUS:Mimosa L.|FAMILY:Fabaceae|ORDER:Fabales Bromhead|CLASS:Magnoliopsida|PHYLUM:Tracheophyta|SUBKINGDOM:Pteridobiotina Britton & Brown|KINGDOM:Plantae|DOMAIN:Eukaryota (Chatton, 1925) Whittaker & Margulis, 1978","Plantae","Tracheophyta","Magnoliopsida","Fabales Bromhead","Fabaceae","Mimosa L."
"Mimosa ervendbergii","","6RLQB","6RLQB","9CLCS","Mimosa ervendbergii A.Gray","Mimosa ervendbergii","A.Gray","accepted","Mimosa ervendbergii A.Gray","GENUS:Mimosa L.|FAMILY:Fabaceae|ORDER:Fabales Bromhead|CLASS:Magnoliopsida|PHYLUM:Tracheophyta|SUBKINGDOM:Pteridobiotina Britton & Brown|KINGDOM:Plantae|DOMAIN:Eukaryota (Chatton, 1925) Whittaker & Margulis, 1978","Plantae","Tracheophyta","Magnoliopsida","Fabales Bromhead","Fabaceae","Mimosa L."
"Mimosa flagellaris","","43GB8","43GB8","9CLCS","Mimosa flagellaris Benth.","Mimosa flagellaris","Benth.","accepted","Mimosa flagellaris Benth.","GENUS:Mimosa L.|FAMILY:Fabaceae|ORDER:Fabales Bromhead|CLASS:Magnoliopsida|PHYLUM:Tracheophyta|SUBKINGDOM:Pteridobiotina Britton & Brown|KINGDOM:Plantae|DOMAIN:Eukaryota (Chatton, 1925) Whittaker & Margulis, 1978","Plantae","Tracheophyta","Magnoliopsida","Fabales Bromhead","Fabaceae","Mimosa L."
"Mimosa flocculosa","","43GBC","43GBC","9CLCS","Mimosa flocculosa Burkart","Mimosa flocculosa","Burkart","accepted","Mimosa flocculosa Burkart","GENUS:Mimosa L.|FAMILY:Fabaceae|ORDER:Fabales Bromhead|CLASS:Magnoliopsida|PHYLUM:Tracheophyta|SUBKINGDOM:Pteridobiotina Britton & Brown|KINGDOM:Plantae|DOMAIN:Eukaryota (Chatton, 1925) Whittaker & Margulis, 1978","Plantae","Tracheophyta","Magnoliopsida","Fabales Bromhead","Fabaceae","Mimosa L."
"Mimosa foliolosa","","43GBF","43GBF","9CLCS","Mimosa foliolosa Benth.","Mimosa foliolosa","Benth.","accepted","Mimosa foliolosa Benth.","GENUS:Mimosa L.|FAMILY:Fabaceae|ORDER:Fabales Bromhead|CLASS:Magnoliopsida|PHYLUM:Tracheophyta|SUBKINGDOM:Pteridobiotina Britton & Brown|KINGDOM:Plantae|DOMAIN:Eukaryota (Chatton, 1925) Whittaker & Margulis, 1978","Plantae","Tracheophyta","Magnoliopsida","Fabales Bromhead","Fabaceae","Mimosa L."
"Mimosa galeottii","","43GBP","43GBP","9CLCS","Mimosa galeottii Benth.","Mimosa galeottii","Benth.","accepted","Mimosa galeottii Benth.","GENUS:Mimosa L.|FAMILY:Fabaceae|ORDER:Fabales Bromhead|CLASS:Magnoliopsida|PHYLUM:Tracheophyta|SUBKINGDOM:Pteridobiotina Britton & Brown|KINGDOM:Plantae|DOMAIN:Eukaryota (Chatton, 1925) Whittaker & Margulis, 1978","Plantae","Tracheophyta","Magnoliopsida","Fabales Bromhead","Fabaceae","Mimosa L."
"Mimosa gemmulata","","43GBR","43GBR","9CLCS","Mimosa gemmulata Barneby","Mimosa gemmulata","Barneby","accepted","Mimosa gemmulata Barneby","GENUS:Mimosa L.|FAMILY:Fabaceae|ORDER:Fabales Bromhead|CLASS:Magnoliopsida|PHYLUM:Tracheophyta|SUBKINGDOM:Pteridobiotina Britton & Brown|KINGDOM:Plantae|DOMAIN:Eukaryota (Chatton, 1925) Whittaker & Margulis, 1978","Plantae","Tracheophyta","Magnoliopsida","Fabales Bromhead","Fabaceae","Mimosa L."
"Mimosa gentryi","","9DCYZ","9DCYZ","9CLCS","Mimosa gentryi Barneby","Mimosa gentryi","Barneby","accepted","Mimosa gentryi Barneby","GENUS:Mimosa L.|FAMILY:Fabaceae|ORDER:Fabales Bromhead|CLASS:Magnoliopsida|PHYLUM:Tracheophyta|SUBKINGDOM:Pteridobiotina Britton & Brown|KINGDOM:Plantae|DOMAIN:Eukaryota (Chatton, 1925) Whittaker & Margulis, 1978","Plantae","Tracheophyta","Magnoliopsida","Fabales Bromhead","Fabaceae","Mimosa L."
"Mimosa glaucescens","","9DCZ7","9DWXW","9DWXW","Mimosa glaucescens Benth.","Mimosa glaucescens","Benth.","ambiguous synonym","Mimosa debilis var. debilis","VARIETY:Mimosa debilis var. debilis|SPECIES:Mimosa debilis Humb. & Bonpl. ex Willd.|GENUS:Mimosa L.|FAMILY:Fabaceae|ORDER:Fabales Bromhead|CLASS:Magnoliopsida|PHYLUM:Tracheophyta|SUBKINGDOM:Pteridobiotina Britton & Brown|KINGDOM:Plantae|DOMAIN:Eukaryota (Chatton, 1925) Whittaker & Margulis, 1978","Plantae","Tracheophyta","Magnoliopsida","Fabales Bromhead","Fabaceae","Mimosa L."
"Mimosa glutinosa","","43GC9","43GC9","9CLCS","Mimosa glutinosa Malme","Mimosa glutinosa","Malme","accepted","Mimosa glutinosa Malme","GENUS:Mimosa L.|FAMILY:Fabaceae|ORDER:Fabales Bromhead|CLASS:Magnoliopsida|PHYLUM:Tracheophyta|SUBKINGDOM:Pteridobiotina Britton & Brown|KINGDOM:Plantae|DOMAIN:Eukaryota (Chatton, 1925) Whittaker & Margulis, 1978","Plantae","Tracheophyta","Magnoliopsida","Fabales Bromhead","Fabaceae","Mimosa L."
"Mimosa goldmanii","","6RM3W","6RM3W","9CLCS","Mimosa goldmanii B.L.Rob.","Mimosa goldmanii","B.L.Rob.","accepted","Mimosa goldmanii B.L.Rob.","GENUS:Mimosa L.|FAMILY:Fabaceae|ORDER:Fabales Bromhead|CLASS:Magnoliopsida|PHYLUM:Tracheophyta|SUBKINGDOM:Pteridobiotina Britton & Brown|KINGDOM:Plantae|DOMAIN:Eukaryota (Chatton, 1925) Whittaker & Margulis, 1978","Plantae","Tracheophyta","Magnoliopsida","Fabales Bromhead","Fabaceae","Mimosa L."
"Mimosa gracilis","","43GCF","43GCF","9CLCS","Mimosa gracilis Benth.","Mimosa gracilis","Benth.","accepted","Mimosa gracilis Benth.","GENUS:Mimosa L.|FAMILY:Fabaceae|ORDER:Fabales Bromhead|CLASS:Magnoliopsida|PHYLUM:Tracheophyta|SUBKINGDOM:Pteridobiotina Britton & Brown|KINGDOM:Plantae|DOMAIN:Eukaryota (Chatton, 1925) Whittaker & Margulis, 1978","Plantae","Tracheophyta","Magnoliopsida","Fabales Bromhead","Fabaceae","Mimosa L."
"Mimosa grahamii","","43GCG","43GCG","9CLCS","Mimosa grahamii A.Gray","Mimosa grahamii","A.Gray","accepted","Mimosa grahamii A.Gray","GENUS:Mimosa L.|FAMILY:Fabaceae|ORDER:Fabales Bromhead|CLASS:Magnoliopsida|PHYLUM:Tracheophyta|SUBKINGDOM:Pteridobiotina Britton & Brown|KINGDOM:Plantae|DOMAIN:Eukaryota (Chatton, 1925) Whittaker & Margulis, 1978","Plantae","Tracheophyta","Magnoliopsida","Fabales Bromhead","Fabaceae","Mimosa L."
"Mimosa guaranitica","","43GCR","43GCR","9CLCS","Mimosa guaranitica Chodat & Hassl.","Mimosa guaranitica","Chodat & Hassl.","accepted","Mimosa guaranitica Chodat & Hassl.","GENUS:Mimosa L.|FAMILY:Fabaceae|ORDER:Fabales Bromhead|CLASS:Magnoliopsida|PHYLUM:Tracheophyta|SUBKINGDOM:Pteridobiotina Britton & Brown|KINGDOM:Plantae|DOMAIN:Eukaryota (Chatton, 1925) Whittaker & Margulis, 1978","Plantae","Tracheophyta","Magnoliopsida","Fabales Bromhead","Fabaceae","Mimosa L."
"Mimosa guatemalensis","","43GCS","43GCS","9CLCS","Mimosa guatemalensis (Hook. & Arn.) Benth.","Mimosa guatemalensis","(Hook. & Arn.) Benth.","accepted","Mimosa guatemalensis (Hook. & Arn.) Benth.","GENUS:Mimosa L.|FAMILY:Fabaceae|ORDER:Fabales Bromhead|CLASS:Magnoliopsida|PHYLUM:Tracheophyta|SUBKINGDOM:Pteridobiotina Britton & Brown|KINGDOM:Plantae|DOMAIN:Eukaryota (Chatton, 1925) Whittaker & Margulis, 1978","Plantae","Tracheophyta","Magnoliopsida","Fabales Bromhead","Fabaceae","Mimosa L."
"Mimosa guilandinae","","73LRW","73LRW","9CLCS","Mimosa guilandinae (DC.) Barneby","Mimosa guilandinae","(DC.) Barneby","accepted","Mimosa guilandinae (DC.) Barneby","GENUS:Mimosa L.|FAMILY:Fabaceae|ORDER:Fabales Bromhead|CLASS:Magnoliopsida|PHYLUM:Tracheophyta|SUBKINGDOM:Pteridobiotina Britton & Brown|KINGDOM:Plantae|DOMAIN:Eukaryota (Chatton, 1925) Whittaker & Margulis, 1978","Plantae","Tracheophyta","Magnoliopsida","Fabales Bromhead","Fabaceae","Mimosa L."
"Mimosa guirocobensis","","43GCW","43GCW","9CLCS","Mimosa guirocobensis Gentry","Mimosa guirocobensis","Gentry","accepted","Mimosa guirocobensis Gentry","GENUS:Mimosa L.|FAMILY:Fabaceae|ORDER:Fabales Bromhead|CLASS:Magnoliopsida|PHYLUM:Tracheophyta|SUBKINGDOM:Pteridobiotina Britton & Brown|KINGDOM:Plantae|DOMAIN:Eukaryota (Chatton, 1925) Whittaker & Margulis, 1978","Plantae","Tracheophyta","Magnoliopsida","Fabales Bromhead","Fabaceae","Mimosa L."
"Mimosa gymnas","","9DCZP","9DCZP","9CLCS","Mimosa gymnas Barneby","Mimosa gymnas","Barneby","accepted","Mimosa gymnas Barneby","GENUS:Mimosa L.|FAMILY:Fabaceae|ORDER:Fabales Bromhead|CLASS:Magnoliopsida|PHYLUM:Tracheophyta|SUBKINGDOM:Pteridobiotina Britton & Brown|KINGDOM:Plantae|DOMAIN:Eukaryota (Chatton, 1925) Whittaker & Margulis, 1978","Plantae","Tracheophyta","Magnoliopsida","Fabales Bromhead","Fabaceae","Mimosa L."
"Mimosa hilariana","","9DCZY","9DCZY","9CLCS","Mimosa hilariana Barneby","Mimosa hilariana","Barneby","accepted","Mimosa hilariana Barneby","GENUS:Mimosa L.|FAMILY:Fabaceae|ORDER:Fabales Bromhead|CLASS:Magnoliopsida|PHYLUM:Tracheophyta|SUBKINGDOM:Pteridobiotina Britton & Brown|KINGDOM:Plantae|DOMAIN:Eukaryota (Chatton, 1925) Whittaker & Margulis, 1978","Plantae","Tracheophyta","Magnoliopsida","Fabales Bromhead","Fabaceae","Mimosa L."
"Mimosa hirsutissima","","43GDM","43GDM","9CLCS","Mimosa hirsutissima Mart.","Mimosa hirsutissima","Mart.","accepted","Mimosa hirsutissima Mart.","GENUS:Mimosa L.|FAMILY:Fabaceae|ORDER:Fabales Bromhead|CLASS:Magnoliopsida|PHYLUM:Tracheophyta|SUBKINGDOM:Pteridobiotina Britton & Brown|KINGDOM:Plantae|DOMAIN:Eukaryota (Chatton, 1925) Whittaker & Margulis, 1978","Plantae","Tracheophyta","Magnoliopsida","Fabales Bromhead","Fabaceae","Mimosa L."
"Mimosa hondurana","","43GDS","43GDS","9CLCS","Mimosa hondurana Britton","Mimosa hondurana","Britton","accepted","Mimosa hondurana Britton","GENUS:Mimosa L.|FAMILY:Fabaceae|ORDER:Fabales Bromhead|CLASS:Magnoliopsida|PHYLUM:Tracheophyta|SUBKINGDOM:Pteridobiotina Britton & Brown|KINGDOM:Plantae|DOMAIN:Eukaryota (Chatton, 1925) Whittaker & Margulis, 1978","Plantae","Tracheophyta","Magnoliopsida","Fabales Bromhead","Fabaceae","Mimosa L."
"Mimosa hypoglauca","","73LRV","73LRV","9CLCS","Mimosa hypoglauca Mart.","Mimosa hypoglauca","Mart.","accepted","Mimosa hypoglauca Mart.","GENUS:Mimosa L.|FAMILY:Fabaceae|ORDER:Fabales Bromhead|CLASS:Magnoliopsida|PHYLUM:Tracheophyta|SUBKINGDOM:Pteridobiotina Britton & Brown|KINGDOM:Plantae|DOMAIN:Eukaryota (Chatton, 1925) Whittaker & Margulis, 1978","Plantae","Tracheophyta","Magnoliopsida","Fabales Bromhead","Fabaceae","Mimosa L."
"Mimosa hystricina","","9DD2C","9DD2C","9CLCS","Mimosa hystricina (Small ex Britton & Rose) B.L.Turner","Mimosa hystricina","(Small ex Britton & Rose) B.L.Turner","accepted","Mimosa hystricina (Small ex Britton & Rose) B.L.Turner","GENUS:Mimosa L.|FAMILY:Fabaceae|ORDER:Fabales Bromhead|CLASS:Magnoliopsida|PHYLUM:Tracheophyta|SUBKINGDOM:Pteridobiotina Britton & Brown|KINGDOM:Plantae|DOMAIN:Eukaryota (Chatton, 1925) Whittaker & Margulis, 1978","Plantae","Tracheophyta","Magnoliopsida","Fabales Bromhead","Fabaceae","Mimosa L."
"Mimosa incarum","","9DD2G","9DD2G","9CLCS","Mimosa incarum Barneby","Mimosa incarum","Barneby","accepted","Mimosa incarum Barneby","GENUS:Mimosa L.|FAMILY:Fabaceae|ORDER:Fabales Bromhead|CLASS:Magnoliopsida|PHYLUM:Tracheophyta|SUBKINGDOM:Pteridobiotina Britton & Brown|KINGDOM:Plantae|DOMAIN:Eukaryota (Chatton, 1925) Whittaker & Margulis, 1978","Plantae","Tracheophyta","Magnoliopsida","Fabales Bromhead","Fabaceae","Mimosa L."
"Mimosa invisa","","CG57K","CG57K","9CLCS","Mimosa invisa Mart. ex Colla","Mimosa invisa","Mart. ex Colla","accepted","Mimosa invisa Mart. ex Colla","GENUS:Mimosa L.|FAMILY:Fabaceae|ORDER:Fabales Bromhead|CLASS:Magnoliopsida|PHYLUM:Tracheophyta|SUBKINGDOM:Pteridobiotina Britton & Brown|KINGDOM:Plantae|DOMAIN:Eukaryota (Chatton, 1925) Whittaker & Margulis, 1978","Plantae","Tracheophyta","Magnoliopsida","Fabales Bromhead","Fabaceae","Mimosa L."
"Mimosa ionema","","73M44","43GNX","43GNX","Mimosa ionema B.L.Rob.","Mimosa ionema","B.L.Rob.","synonym","Mimosa polyantha Benth.","SPECIES:Mimosa polyantha Benth.|GENUS:Mimosa L.|FAMILY:Fabaceae|ORDER:Fabales Bromhead|CLASS:Magnoliopsida|PHYLUM:Tracheophyta|SUBKINGDOM:Pteridobiotina Britton & Brown|KINGDOM:Plantae|DOMAIN:Eukaryota (Chatton, 1925) Whittaker & Margulis, 1978","Plantae","Tracheophyta","Magnoliopsida","Fabales Bromhead","Fabaceae","Mimosa L."
"Mimosa lacerata","","43GFD","43GFD","9CLCS","Mimosa lacerata Rose","Mimosa lacerata","Rose","accepted","Mimosa lacerata Rose","GENUS:Mimosa L.|FAMILY:Fabaceae|ORDER:Fabales Bromhead|CLASS:Magnoliopsida|PHYLUM:Tracheophyta|SUBKINGDOM:Pteridobiotina Britton & Brown|KINGDOM:Plantae|DOMAIN:Eukaryota (Chatton, 1925) Whittaker & Margulis, 1978","Plantae","Tracheophyta","Magnoliopsida","Fabales Bromhead","Fabaceae","Mimosa L."
"Mimosa lactiflua","","73LS3","73LS3","9CLCS","Mimosa lactiflua Delile ex Benth.","Mimosa lactiflua","Delile ex Benth.","accepted","Mimosa lactiflua Delile ex Benth.","GENUS:Mimosa L.|FAMILY:Fabaceae|ORDER:Fabales Bromhead|CLASS:Magnoliopsida|PHYLUM:Tracheophyta|SUBKINGDOM:Pteridobiotina Britton & Brown|KINGDOM:Plantae|DOMAIN:Eukaryota (Chatton, 1925) Whittaker & Margulis, 1978","Plantae","Tracheophyta","Magnoliopsida","Fabales Bromhead","Fabaceae","Mimosa L."
"Mimosa lanuginosa","","43GFL","43GFL","9CLCS","Mimosa lanuginosa Glaz. ex Burkart","Mimosa lanuginosa","Glaz. ex Burkart","accepted","Mimosa lanuginosa Glaz. ex Burkart","GENUS:Mimosa L.|FAMILY:Fabaceae|ORDER:Fabales Bromhead|CLASS:Magnoliopsida|PHYLUM:Tracheophyta|SUBKINGDOM:Pteridobiotina Britton & Brown|KINGDOM:Plantae|DOMAIN:Eukaryota (Chatton, 1925) Whittaker & Margulis, 1978","Plantae","Tracheophyta","Magnoliopsida","Fabales Bromhead","Fabaceae","Mimosa L."
"Mimosa lasiocarpa","","43GFP","9DX72","9DX72","Mimosa lasiocarpa Benth.","Mimosa lasiocarpa","Benth.","synonym","Mimosa somnians var. lasiocarpa (Benth.) Barneby","VARIETY:Mimosa somnians var. lasiocarpa (Benth.) Barneby|SPECIES:Mimosa somnians Humb. & Bonpl. ex Willd.|GENUS:Mimosa L.|FAMILY:Fabaceae|ORDER:Fabales Bromhead|CLASS:Magnoliopsida|PHYLUM:Tracheophyta|SUBKINGDOM:Pteridobiotina Britton & Brown|KINGDOM:Plantae|DOMAIN:Eukaryota (Chatton, 1925) Whittaker & Margulis, 1978","Plantae","Tracheophyta","Magnoliopsida","Fabales Bromhead","Fabaceae","Mimosa L."
"Mimosa laxiflora","","43GFZ","7M9X3","7M9X3","Mimosa laxiflora Benth.","Mimosa laxiflora","Benth.","synonym","Mimosa distachya var. laxiflora (Benth.) Barneby","VARIETY:Mimosa distachya var. laxiflora (Benth.) Barneby|SPECIES:Mimosa distachya Cav.|GENUS:Mimosa L.|FAMILY:Fabaceae|ORDER:Fabales Bromhead|CLASS:Magnoliopsida|PHYLUM:Tracheophyta|SUBKINGDOM:Pteridobiotina Britton & Brown|KINGDOM:Plantae|DOMAIN:Eukaryota (Chatton, 1925) Whittaker & Margulis, 1978","Plantae","Tracheophyta","Magnoliopsida","Fabales Bromhead","Fabaceae","Mimosa L."
"Mimosa lepidota","","43GGB","43GGB","9CLCS","Mimosa lepidota Herzog","Mimosa lepidota","Herzog","accepted","Mimosa lepidota Herzog","GENUS:Mimosa L.|FAMILY:Fabaceae|ORDER:Fabales Bromhead|CLASS:Magnoliopsida|PHYLUM:Tracheophyta|SUBKINGDOM:Pteridobiotina Britton & Brown|KINGDOM:Plantae|DOMAIN:Eukaryota (Chatton, 1925) Whittaker & Margulis, 1978","Plantae","Tracheophyta","Magnoliopsida","Fabales Bromhead","Fabaceae","Mimosa L."
"Mimosa leptocarpa","","6RLRQ","6RLRQ","9CLCS","Mimosa leptocarpa Rose","Mimosa leptocarpa","Rose","accepted","Mimosa leptocarpa Rose","GENUS:Mimosa L.|FAMILY:Fabaceae|ORDER:Fabales Bromhead|CLASS:Magnoliopsida|PHYLUM:Tracheophyta|SUBKINGDOM:Pteridobiotina Britton & Brown|KINGDOM:Plantae|DOMAIN:Eukaryota (Chatton, 1925) Whittaker & Margulis, 1978","Plantae","Tracheophyta","Magnoliopsida","Fabales Bromhead","Fabaceae","Mimosa L."
"Mimosa leucaenoides","","43GGJ","43GGJ","9CLCS","Mimosa leucaenoides Benth.","Mimosa leucaenoides","Benth.","accepted","Mimosa leucaenoides Benth.","GENUS:Mimosa L.|FAMILY:Fabaceae|ORDER:Fabales Bromhead|CLASS:Magnoliopsida|PHYLUM:Tracheophyta|SUBKINGDOM:Pteridobiotina Britton & Brown|KINGDOM:Plantae|DOMAIN:Eukaryota (Chatton, 1925) Whittaker & Margulis, 1978","Plantae","Tracheophyta","Magnoliopsida","Fabales Bromhead","Fabaceae","Mimosa L."
"Mimosa luisana","","43GH9","43GH9","9CLCS","Mimosa luisana Brandegee","Mimosa luisana","Brandegee","accepted","Mimosa luisana Brandegee","GENUS:Mimosa L.|FAMILY:Fabaceae|ORDER:Fabales Bromhead|CLASS:Magnoliopsida|PHYLUM:Tracheophyta|SUBKINGDOM:Pteridobiotina Britton & Brown|KINGDOM:Plantae|DOMAIN:Eukaryota (Chatton, 1925) Whittaker & Margulis, 1978","Plantae","Tracheophyta","Magnoliopsida","Fabales Bromhead","Fabaceae","Mimosa L."
"Mimosa malacocarpa","","43GHN","9DX65","9DX65","Mimosa malacocarpa (B.L.Rob.) Britton & Rose","Mimosa malacocarpa","(B.L.Rob.) Britton & Rose","synonym","Mimosa rhododactyla var. malacocarpa (B.L.Rob.) Barneby","VARIETY:Mimosa rhododactyla var. malacocarpa (B.L.Rob.) Barneby|SPECIES:Mimosa rhododactyla B.L.Rob.|GENUS:Mimosa L.|FAMILY:Fabaceae|ORDER:Fabales Bromhead|CLASS:Magnoliopsida|PHYLUM:Tracheophyta|SUBKINGDOM:Pteridobiotina Britton & Brown|KINGDOM:Plantae|DOMAIN:Eukaryota (Chatton, 1925) Whittaker & Margulis, 1978","Plantae","Tracheophyta","Magnoliopsida","Fabales Bromhead","Fabaceae","Mimosa L."
"Mimosa malacophylla","","43GHQ","43GHQ","9CLCS","Mimosa malacophylla A.Gray","Mimosa malacophylla","A.Gray","accepted","Mimosa malacophylla A.Gray","GENUS:Mimosa L.|FAMILY:Fabaceae|ORDER:Fabales Bromhead|CLASS:Magnoliopsida|PHYLUM:Tracheophyta|SUBKINGDOM:Pteridobiotina Britton & Brown|KINGDOM:Plantae|DOMAIN:Eukaryota (Chatton, 1925) Whittaker & Margulis, 1978","Plantae","Tracheophyta","Magnoliopsida","Fabales Bromhead","Fabaceae","Mimosa L."
"Mimosa manidea","","9DD4L","9DD4L","9CLCS","Mimosa manidea Barneby","Mimosa manidea","Barneby","accepted","Mimosa manidea Barneby","GENUS:Mimosa L.|FAMILY:Fabaceae|ORDER:Fabales Bromhead|CLASS:Magnoliopsida|PHYLUM:Tracheophyta|SUBKINGDOM:Pteridobiotina Britton & Brown|KINGDOM:Plantae|DOMAIN:Eukaryota (Chatton, 1925) Whittaker & Margulis, 1978","Plantae","Tracheophyta","Magnoliopsida","Fabales Bromhead","Fabaceae","Mimosa L."
"Mimosa margaritae","","43GHW","43GHW","9CLCS","Mimosa margaritae Rose","Mimosa margaritae","Rose","accepted","Mimosa margaritae Rose","GENUS:Mimosa L.|FAMILY:Fabaceae|ORDER:Fabales Bromhead|CLASS:Magnoliopsida|PHYLUM:Tracheophyta|SUBKINGDOM:Pteridobiotina Britton & Brown|KINGDOM:Plantae|DOMAIN:Eukaryota (Chatton, 1925) Whittaker & Margulis, 1978","Plantae","Tracheophyta","Magnoliopsida","Fabales Bromhead","Fabaceae","Mimosa L."
"Mimosa martindelcampoi","","43GJ2","43GJ2","9CLCS","Mimosa martin-delcampoi Medrano","Mimosa martin-delcampoi","Medrano","accepted","Mimosa martin-delcampoi Medrano","GENUS:Mimosa L.|FAMILY:Fabaceae|ORDER:Fabales Bromhead|CLASS:Magnoliopsida|PHYLUM:Tracheophyta|SUBKINGDOM:Pteridobiotina Britton & Brown|KINGDOM:Plantae|DOMAIN:Eukaryota (Chatton, 1925) Whittaker & Margulis, 1978","Plantae","Tracheophyta","Magnoliopsida","Fabales Bromhead","Fabaceae","Mimosa L."
"Mimosa maxonii","","43GJ4","43GW5","43GW5","Mimosa maxonii Standl.","Mimosa maxonii","Standl.","synonym","Mimosa velloziana Mart.","SPECIES:Mimosa velloziana Mart.|GENUS:Mimosa L.|FAMILY:Fabaceae|ORDER:Fabales Bromhead|CLASS:Magnoliopsida|PHYLUM:Tracheophyta|SUBKINGDOM:Pteridobiotina Britton & Brown|KINGDOM:Plantae|DOMAIN:Eukaryota (Chatton, 1925) Whittaker & Margulis, 1978","Plantae","Tracheophyta","Magnoliopsida","Fabales Bromhead","Fabaceae","Mimosa L."
"Mimosa melanocarpa","","43GJ8","43GJ8","9CLCS","Mimosa melanocarpa Benth.","Mimosa melanocarpa","Benth.","accepted","Mimosa melanocarpa Benth.","GENUS:Mimosa L.|FAMILY:Fabaceae|ORDER:Fabales Bromhead|CLASS:Magnoliopsida|PHYLUM:Tracheophyta|SUBKINGDOM:Pteridobiotina Britton & Brown|KINGDOM:Plantae|DOMAIN:Eukaryota (Chatton, 1925) Whittaker & Margulis, 1978","Plantae","Tracheophyta","Magnoliopsida","Fabales Bromhead","Fabaceae","Mimosa L."
"Mimosa mellii","","43GJ9","43GJ9","9CLCS","Mimosa mellii Britton & Rose","Mimosa mellii","Britton & Rose","accepted","Mimosa mellii Britton & Rose","GENUS:Mimosa L.|FAMILY:Fabaceae|ORDER:Fabales Bromhead|CLASS:Magnoliopsida|PHYLUM:Tracheophyta|SUBKINGDOM:Pteridobiotina Britton & Brown|KINGDOM:Plantae|DOMAIN:Eukaryota (Chatton, 1925) Whittaker & Margulis, 1978","Plantae","Tracheophyta","Magnoliopsida","Fabales Bromhead","Fabaceae","Mimosa L."
"Mimosa meticulosa","","43GJD","7LXWS","7LXWS","Mimosa meticulosa Mart.","Mimosa meticulosa","Mart.","synonym","Mimosa dolens var. anisitsii Lindm.","VARIETY:Mimosa dolens var. anisitsii Lindm.|SPECIES:Mimosa dolens Vell.|GENUS:Mimosa L.|FAMILY:Fabaceae|ORDER:Fabales Bromhead|CLASS:Magnoliopsida|PHYLUM:Tracheophyta|SUBKINGDOM:Pteridobiotina Britton & Brown|KINGDOM:Plantae|DOMAIN:Eukaryota (Chatton, 1925) Whittaker & Margulis, 1978","Plantae","Tracheophyta","Magnoliopsida","Fabales Bromhead","Fabaceae","Mimosa L."
"Mimosa micheliana","","43GJG","6RM2J","6RM2J","Mimosa micheliana B.L.Rob.","Mimosa micheliana","B.L.Rob.","synonym","Mimosa caerulea Rose","SPECIES:Mimosa caerulea Rose|GENUS:Mimosa L.|FAMILY:Fabaceae|ORDER:Fabales Bromhead|CLASS:Magnoliopsida|PHYLUM:Tracheophyta|SUBKINGDOM:Pteridobiotina Britton & Brown|KINGDOM:Plantae|DOMAIN:Eukaryota (Chatton, 1925) Whittaker & Margulis, 1978","Plantae","Tracheophyta","Magnoliopsida","Fabales Bromhead","Fabaceae","Mimosa L."
"Mimosa microcephala","","43GJK","43GJK","9CLCS","Mimosa microcephala Humb. & Bonpl. ex Willd.","Mimosa microcephala","Humb. & Bonpl. ex Willd.","accepted","Mimosa microcephala Humb. & Bonpl. ex Willd.","GENUS:Mimosa L.|FAMILY:Fabaceae|ORDER:Fabales Bromhead|CLASS:Magnoliopsida|PHYLUM:Tracheophyta|SUBKINGDOM:Pteridobiotina Britton & Brown|KINGDOM:Plantae|DOMAIN:Eukaryota (Chatton, 1925) Whittaker & Margulis, 1978","Plantae","Tracheophyta","Magnoliopsida","Fabales Bromhead","Fabaceae","Mimosa L."
"Mimosa micropteris","","43GJN","43GJN","9CLCS","Mimosa micropteris Benth.","Mimosa micropteris","Benth.","accepted","Mimosa micropteris Benth.","GENUS:Mimosa L.|FAMILY:Fabaceae|ORDER:Fabales Bromhead|CLASS:Magnoliopsida|PHYLUM:Tracheophyta|SUBKINGDOM:Pteridobiotina Britton & Brown|KINGDOM:Plantae|DOMAIN:Eukaryota (Chatton, 1925) Whittaker & Margulis, 1978","Plantae","Tracheophyta","Magnoliopsida","Fabales Bromhead","Fabaceae","Mimosa L."
"Mimosa minutifolia","","43GJR","43GJR","9CLCS","Mimosa minutifolia B.L.Rob. & Greenm.","Mimosa minutifolia","B.L.Rob. & Greenm.","accepted","Mimosa minutifolia B.L.Rob. & Greenm.","GENUS:Mimosa L.|FAMILY:Fabaceae|ORDER:Fabales Bromhead|CLASS:Magnoliopsida|PHYLUM:Tracheophyta|SUBKINGDOM:Pteridobiotina Britton & Brown|KINGDOM:Plantae|DOMAIN:Eukaryota (Chatton, 1925) Whittaker & Margulis, 1978","Plantae","Tracheophyta","Magnoliopsida","Fabales Bromhead","Fabaceae","Mimosa L."
"Mimosa mollis","","43GJY","43GJY","9CLCS","Mimosa mollis Benth.","Mimosa mollis","Benth.","accepted","Mimosa mollis Benth.","GENUS:Mimosa L.|FAMILY:Fabaceae|ORDER:Fabales Bromhead|CLASS:Magnoliopsida|PHYLUM:Tracheophyta|SUBKINGDOM:Pteridobiotina Britton & Brown|KINGDOM:Plantae|DOMAIN:Eukaryota (Chatton, 1925) Whittaker & Margulis, 1978","Plantae","Tracheophyta","Magnoliopsida","Fabales Bromhead","Fabaceae","Mimosa L."
"Mimosa monancistra","","43GK3","43GK3","9CLCS","Mimosa monancistra Benth.","Mimosa monancistra","Benth.","accepted","Mimosa monancistra Benth.","GENUS:Mimosa L.|FAMILY:Fabaceae|ORDER:Fabales Bromhead|CLASS:Magnoliopsida|PHYLUM:Tracheophyta|SUBKINGDOM:Pteridobiotina Britton & Brown|KINGDOM:Plantae|DOMAIN:Eukaryota (Chatton, 1925) Whittaker & Margulis, 1978","Plantae","Tracheophyta","Magnoliopsida","Fabales Bromhead","Fabaceae","Mimosa L."
"Mimosa moniliformis","","9DD58","9DD58","9CLCS","Mimosa moniliformis (Britton & Rose) R.Grether & Barneby","Mimosa moniliformis","(Britton & Rose) R.Grether & Barneby","accepted","Mimosa moniliformis (Britton & Rose) R.Grether & Barneby","GENUS:Mimosa L.|FAMILY:Fabaceae|ORDER:Fabales Bromhead|CLASS:Magnoliopsida|PHYLUM:Tracheophyta|SUBKINGDOM:Pteridobiotina Britton & Brown|KINGDOM:Plantae|DOMAIN:Eukaryota (Chatton, 1925) Whittaker & Margulis, 1978","Plantae","Tracheophyta","Magnoliopsida","Fabales Bromhead","Fabaceae","Mimosa L."
"Mimosa myriadena","","","","","","","","","","","","","","","",""
"Mimosa nanchititlana","","43GKN","43GKN","9CLCS","Mimosa nanchititlana R.Grether & Barneby","Mimosa nanchititlana","R.Grether & Barneby","accepted","Mimosa nanchititlana R.Grether & Barneby","GENUS:Mimosa L.|FAMILY:Fabaceae|ORDER:Fabales Bromhead|CLASS:Magnoliopsida|PHYLUM:Tracheophyta|SUBKINGDOM:Pteridobiotina Britton & Brown|KINGDOM:Plantae|DOMAIN:Eukaryota (Chatton, 1925) Whittaker & Margulis, 1978","Plantae","Tracheophyta","Magnoliopsida","Fabales Bromhead","Fabaceae","Mimosa L."
"Mimosa nelsonii","","43GKR","9DX7J","9DX7J","Mimosa nelsonii B.L.Rob.","Mimosa nelsonii","B.L.Rob.","synonym","Mimosa tricephala var. nelsonii (B.L.Rob.) Chehaibar & R.Grether","VARIETY:Mimosa tricephala var. nelsonii (B.L.Rob.) Chehaibar & R.Grether|SPECIES:Mimosa tricephala Schltdl. & Cham.|GENUS:Mimosa L.|FAMILY:Fabaceae|ORDER:Fabales Bromhead|CLASS:Magnoliopsida|PHYLUM:Tracheophyta|SUBKINGDOM:Pteridobiotina Britton & Brown|KINGDOM:Plantae|DOMAIN:Eukaryota (Chatton, 1925) Whittaker & Margulis, 1978","Plantae","Tracheophyta","Magnoliopsida","Fabales Bromhead","Fabaceae","Mimosa L."
"Mimosa neptuniodes","","","","","","","","","","","","","","","",""
"Mimosa nuda","","43GL8","9DWXW","9DWXW","Mimosa nuda Benth.","Mimosa nuda","Benth.","synonym","Mimosa debilis var. debilis","VARIETY:Mimosa debilis var. debilis|SPECIES:Mimosa debilis Humb. & Bonpl. ex Willd.|GENUS:Mimosa L.|FAMILY:Fabaceae|ORDER:Fabales Bromhead|CLASS:Magnoliopsida|PHYLUM:Tracheophyta|SUBKINGDOM:Pteridobiotina Britton & Brown|KINGDOM:Plantae|DOMAIN:Eukaryota (Chatton, 1925) Whittaker & Margulis, 1978","Plantae","Tracheophyta","Magnoliopsida","Fabales Bromhead","Fabaceae","Mimosa L."
"Mimosa nuttallii","","9DD65","9DD65","9CLCS","Mimosa nuttallii (Raspail) B.L.Turner","Mimosa nuttallii","(Raspail) B.L.Turner","accepted","Mimosa nuttallii (Raspail) B.L.Turner","GENUS:Mimosa L.|FAMILY:Fabaceae|ORDER:Fabales Bromhead|CLASS:Magnoliopsida|PHYLUM:Tracheophyta|SUBKINGDOM:Pteridobiotina Britton & Brown|KINGDOM:Plantae|DOMAIN:Eukaryota (Chatton, 1925) Whittaker & Margulis, 1978","Plantae","Tracheophyta","Magnoliopsida","Fabales Bromhead","Fabaceae","Mimosa L."
"Mimosa obovata","","43GLC","43GFS","43GFS","Mimosa obovata Benth.","Mimosa obovata","Benth.","ambiguous synonym","Mimosa laticifera Rizzini & N.F.Mattos","SPECIES:Mimosa laticifera Rizzini & N.F.Mattos|GENUS:Mimosa L.|FAMILY:Fabaceae|ORDER:Fabales Bromhead|CLASS:Magnoliopsida|PHYLUM:Tracheophyta|SUBKINGDOM:Pteridobiotina Britton & Brown|KINGDOM:Plantae|DOMAIN:Eukaryota (Chatton, 1925) Whittaker & Margulis, 1978","Plantae","Tracheophyta","Magnoliopsida","Fabales Bromhead","Fabaceae","Mimosa L."
"Mimosa obstrigosa","","43GLD","43GLD","9CLCS","Mimosa obstrigosa Burkart","Mimosa obstrigosa","Burkart","accepted","Mimosa obstrigosa Burkart","GENUS:Mimosa L.|FAMILY:Fabaceae|ORDER:Fabales Bromhead|CLASS:Magnoliopsida|PHYLUM:Tracheophyta|SUBKINGDOM:Pteridobiotina Britton & Brown|KINGDOM:Plantae|DOMAIN:Eukaryota (Chatton, 1925) Whittaker & Margulis, 1978","Plantae","Tracheophyta","Magnoliopsida","Fabales Bromhead","Fabaceae","Mimosa L."
"Mimosa occidentalis","","43GLG","43GLG","9CLCS","Mimosa occidentalis Britton & Rose","Mimosa occidentalis","Britton & Rose","accepted","Mimosa occidentalis Britton & Rose","GENUS:Mimosa L.|FAMILY:Fabaceae|ORDER:Fabales Bromhead|CLASS:Magnoliopsida|PHYLUM:Tracheophyta|SUBKINGDOM:Pteridobiotina Britton & Brown|KINGDOM:Plantae|DOMAIN:Eukaryota (Chatton, 1925) Whittaker & Margulis, 1978","Plantae","Tracheophyta","Magnoliopsida","Fabales Bromhead","Fabaceae","Mimosa L."
"Mimosa oligacantha","","43GLK","9DWY7","9DWY7","Mimosa oligacantha DC.","Mimosa oligacantha","DC.","synonym","Mimosa distachya var. oligacantha (DC.) Barneby","VARIETY:Mimosa distachya var. oligacantha (DC.) Barneby|SPECIES:Mimosa distachya Cav.|GENUS:Mimosa L.|FAMILY:Fabaceae|ORDER:Fabales Bromhead|CLASS:Magnoliopsida|PHYLUM:Tracheophyta|SUBKINGDOM:Pteridobiotina Britton & Brown|KINGDOM:Plantae|DOMAIN:Eukaryota (Chatton, 1925) Whittaker & Margulis, 1978","Plantae","Tracheophyta","Magnoliopsida","Fabales Bromhead","Fabaceae","Mimosa L."
"Mimosa oligophylla","","43GLL","43GLL","9CLCS","Mimosa oligophylla Micheli","Mimosa oligophylla","Micheli","accepted","Mimosa oligophylla Micheli","GENUS:Mimosa L.|FAMILY:Fabaceae|ORDER:Fabales Bromhead|CLASS:Magnoliopsida|PHYLUM:Tracheophyta|SUBKINGDOM:Pteridobiotina Britton & Brown|KINGDOM:Plantae|DOMAIN:Eukaryota (Chatton, 1925) Whittaker & Margulis, 1978","Plantae","Tracheophyta","Magnoliopsida","Fabales Bromhead","Fabaceae","Mimosa L."
"Mimosa orthacantha","","43GLP","43GLP","9CLCS","Mimosa orthacantha Benth.","Mimosa orthacantha","Benth.","accepted","Mimosa orthacantha Benth.","GENUS:Mimosa L.|FAMILY:Fabaceae|ORDER:Fabales Bromhead|CLASS:Magnoliopsida|PHYLUM:Tracheophyta|SUBKINGDOM:Pteridobiotina Britton & Brown|KINGDOM:Plantae|DOMAIN:Eukaryota (Chatton, 1925) Whittaker & Margulis, 1978","Plantae","Tracheophyta","Magnoliopsida","Fabales Bromhead","Fabaceae","Mimosa L."
"Mimosa orthocarpa","","43GLQ","43GLQ","9CLCS","Mimosa orthocarpa Spruce ex Benth.","Mimosa orthocarpa","Spruce ex Benth.","accepted","Mimosa orthocarpa Spruce ex Benth.","GENUS:Mimosa L.|FAMILY:Fabaceae|ORDER:Fabales Bromhead|CLASS:Magnoliopsida|PHYLUM:Tracheophyta|SUBKINGDOM:Pteridobiotina Britton & Brown|KINGDOM:Plantae|DOMAIN:Eukaryota (Chatton, 1925) Whittaker & Margulis, 1978","Plantae","Tracheophyta","Magnoliopsida","Fabales Bromhead","Fabaceae","Mimosa L."
"Mimosa palmeri","","43GLY","43GLY","9CLCS","Mimosa palmeri Rose","Mimosa palmeri","Rose","accepted","Mimosa palmeri Rose","GENUS:Mimosa L.|FAMILY:Fabaceae|ORDER:Fabales Bromhead|CLASS:Magnoliopsida|PHYLUM:Tracheophyta|SUBKINGDOM:Pteridobiotina Britton & Brown|KINGDOM:Plantae|DOMAIN:Eukaryota (Chatton, 1925) Whittaker & Margulis, 1978","Plantae","Tracheophyta","Magnoliopsida","Fabales Bromhead","Fabaceae","Mimosa L."
"Mimosa paludosa","","43GM3","43GM3","9CLCS","Mimosa paludosa Benth.","Mimosa paludosa","Benth.","accepted","Mimosa paludosa Benth.","GENUS:Mimosa L.|FAMILY:Fabaceae|ORDER:Fabales Bromhead|CLASS:Magnoliopsida|PHYLUM:Tracheophyta|SUBKINGDOM:Pteridobiotina Britton & Brown|KINGDOM:Plantae|DOMAIN:Eukaryota (Chatton, 1925) Whittaker & Margulis, 1978","Plantae","Tracheophyta","Magnoliopsida","Fabales Bromhead","Fabaceae","Mimosa L."
"Mimosa paucijuga","","9DD6Z","9DX5S","9DX5S","Mimosa paucijuga (Britton & Rose) B.L.Turner","Mimosa paucijuga","(Britton & Rose) B.L.Turner","synonym","Mimosa quadrivalvis var. paucijuga (Britton & Rose) Beard ex Barneby","VARIETY:Mimosa quadrivalvis var. paucijuga (Britton & Rose) Beard ex Barneby|SPECIES:Mimosa quadrivalvis L.|GENUS:Mimosa L.|FAMILY:Fabaceae|ORDER:Fabales Bromhead|CLASS:Magnoliopsida|PHYLUM:Tracheophyta|SUBKINGDOM:Pteridobiotina Britton & Brown|KINGDOM:Plantae|DOMAIN:Eukaryota (Chatton, 1925) Whittaker & Margulis, 1978","Plantae","Tracheophyta","Magnoliopsida","Fabales Bromhead","Fabaceae","Mimosa L."
"Mimosa paupera","","43GMK","43GMK","9CLCS","Mimosa paupera Benth.","Mimosa paupera","Benth.","accepted","Mimosa paupera Benth.","GENUS:Mimosa L.|FAMILY:Fabaceae|ORDER:Fabales Bromhead|CLASS:Magnoliopsida|PHYLUM:Tracheophyta|SUBKINGDOM:Pteridobiotina Britton & Brown|KINGDOM:Plantae|DOMAIN:Eukaryota (Chatton, 1925) Whittaker & Margulis, 1978","Plantae","Tracheophyta","Magnoliopsida","Fabales Bromhead","Fabaceae","Mimosa L."
"Mimosa pectinatipinna","","43GMP","43GMP","9CLCS","Mimosa pectinatipinna Burkart","Mimosa pectinatipinna","Burkart","accepted","Mimosa pectinatipinna Burkart","GENUS:Mimosa L.|FAMILY:Fabaceae|ORDER:Fabales Bromhead|CLASS:Magnoliopsida|PHYLUM:Tracheophyta|SUBKINGDOM:Pteridobiotina Britton & Brown|KINGDOM:Plantae|DOMAIN:Eukaryota (Chatton, 1925) Whittaker & Margulis, 1978","Plantae","Tracheophyta","Magnoliopsida","Fabales Bromhead","Fabaceae","Mimosa L."
"Mimosa pedersenii","","9DD76","9DD76","9CLCS","Mimosa pedersenii Barneby","Mimosa pedersenii","Barneby","accepted","Mimosa pedersenii Barneby","GENUS:Mimosa L.|FAMILY:Fabaceae|ORDER:Fabales Bromhead|CLASS:Magnoliopsida|PHYLUM:Tracheophyta|SUBKINGDOM:Pteridobiotina Britton & Brown|KINGDOM:Plantae|DOMAIN:Eukaryota (Chatton, 1925) Whittaker & Margulis, 1978","Plantae","Tracheophyta","Magnoliopsida","Fabales Bromhead","Fabaceae","Mimosa L."
"Mimosa pellita","","6RLRM","5Q5XM","5Q5XM","Mimosa pellita Humb. & Bonpl. ex Willd.","Mimosa pellita","Humb. & Bonpl. ex Willd.","synonym","Mimosa pigra var. pigra","VARIETY:Mimosa pigra var. pigra|SPECIES:Mimosa pigra L.|GENUS:Mimosa L.|FAMILY:Fabaceae|ORDER:Fabales Bromhead|CLASS:Magnoliopsida|PHYLUM:Tracheophyta|SUBKINGDOM:Pteridobiotina Britton & Brown|KINGDOM:Plantae|DOMAIN:Eukaryota (Chatton, 1925) Whittaker & Margulis, 1978","Plantae","Tracheophyta","Magnoliopsida","Fabales Bromhead","Fabaceae","Mimosa L."
"Mimosa pigra","","43GN7","43GN7","9CLCS","Mimosa pigra L.","Mimosa pigra","L.","accepted","Mimosa pigra L.","GENUS:Mimosa L.|FAMILY:Fabaceae|ORDER:Fabales Bromhead|CLASS:Magnoliopsida|PHYLUM:Tracheophyta|SUBKINGDOM:Pteridobiotina Britton & Brown|KINGDOM:Plantae|DOMAIN:Eukaryota (Chatton, 1925) Whittaker & Margulis, 1978","Plantae","Tracheophyta","Magnoliopsida","Fabales Bromhead","Fabaceae","Mimosa L."
"Mimosa pilulifera","","6RM3M","6RM3M","9CLCS","Mimosa pilulifera Benth.","Mimosa pilulifera","Benth.","accepted","Mimosa pilulifera Benth.","GENUS:Mimosa L.|FAMILY:Fabaceae|ORDER:Fabales Bromhead|CLASS:Magnoliopsida|PHYLUM:Tracheophyta|SUBKINGDOM:Pteridobiotina Britton & Brown|KINGDOM:Plantae|DOMAIN:Eukaryota (Chatton, 1925) Whittaker & Margulis, 1978","Plantae","Tracheophyta","Magnoliopsida","Fabales Bromhead","Fabaceae","Mimosa L."
"Mimosa pithecolobioides","","73LRM","73LRM","9CLCS","Mimosa pithecolobioides Benth.","Mimosa pithecolobioides","Benth.","accepted","Mimosa pithecolobioides Benth.","GENUS:Mimosa L.|FAMILY:Fabaceae|ORDER:Fabales Bromhead|CLASS:Magnoliopsida|PHYLUM:Tracheophyta|SUBKINGDOM:Pteridobiotina Britton & Brown|KINGDOM:Plantae|DOMAIN:Eukaryota (Chatton, 1925) Whittaker & Margulis, 1978","Plantae","Tracheophyta","Magnoliopsida","Fabales Bromhead","Fabaceae","Mimosa L."
"Mimosa platycarpa","","43GNH","43GNH","9CLCS","Mimosa platycarpa Benth.","Mimosa platycarpa","Benth.","accepted","Mimosa platycarpa Benth.","GENUS:Mimosa L.|FAMILY:Fabaceae|ORDER:Fabales Bromhead|CLASS:Magnoliopsida|PHYLUM:Tracheophyta|SUBKINGDOM:Pteridobiotina Britton & Brown|KINGDOM:Plantae|DOMAIN:Eukaryota (Chatton, 1925) Whittaker & Margulis, 1978","Plantae","Tracheophyta","Magnoliopsida","Fabales Bromhead","Fabaceae","Mimosa L."
"Mimosa pogocephala","","43GNS","43GNS","9CLCS","Mimosa pogocephala Benth.","Mimosa pogocephala","Benth.","accepted","Mimosa pogocephala Benth.","GENUS:Mimosa L.|FAMILY:Fabaceae|ORDER:Fabales Bromhead|CLASS:Magnoliopsida|PHYLUM:Tracheophyta|SUBKINGDOM:Pteridobiotina Britton & Brown|KINGDOM:Plantae|DOMAIN:Eukaryota (Chatton, 1925) Whittaker & Margulis, 1978","Plantae","Tracheophyta","Magnoliopsida","Fabales Bromhead","Fabaceae","Mimosa L."
"Mimosa polyancistra","","43GNW","43G2B","43G2B","Mimosa polyancistra Benth.","Mimosa polyancistra","Benth.","synonym","Mimosa adenantheroides (M.Martens & Galeotti) Benth.","SPECIES:Mimosa adenantheroides (M.Martens & Galeotti) Benth.|GENUS:Mimosa L.|FAMILY:Fabaceae|ORDER:Fabales Bromhead|CLASS:Magnoliopsida|PHYLUM:Tracheophyta|SUBKINGDOM:Pteridobiotina Britton & Brown|KINGDOM:Plantae|DOMAIN:Eukaryota (Chatton, 1925) Whittaker & Margulis, 1978","Plantae","Tracheophyta","Magnoliopsida","Fabales Bromhead","Fabaceae","Mimosa L."
"Mimosa polyantha","","43GNX","43GNX","9CLCS","Mimosa polyantha Benth.","Mimosa polyantha","Benth.","accepted","Mimosa polyantha Benth.","GENUS:Mimosa L.|FAMILY:Fabaceae|ORDER:Fabales Bromhead|CLASS:Magnoliopsida|PHYLUM:Tracheophyta|SUBKINGDOM:Pteridobiotina Britton & Brown|KINGDOM:Plantae|DOMAIN:Eukaryota (Chatton, 1925) Whittaker & Margulis, 1978","Plantae","Tracheophyta","Magnoliopsida","Fabales Bromhead","Fabaceae","Mimosa L."
"Mimosa polycarpa","","43GP2","43GP2","9CLCS","Mimosa polycarpa Kunth","Mimosa polycarpa","Kunth","accepted","Mimosa polycarpa Kunth","GENUS:Mimosa L.|FAMILY:Fabaceae|ORDER:Fabales Bromhead|CLASS:Magnoliopsida|PHYLUM:Tracheophyta|SUBKINGDOM:Pteridobiotina Britton & Brown|KINGDOM:Plantae|DOMAIN:Eukaryota (Chatton, 1925) Whittaker & Margulis, 1978","Plantae","Tracheophyta","Magnoliopsida","Fabales Bromhead","Fabaceae","Mimosa L."
"Mimosa polycephala","","43GP3","43GP3","9CLCS","Mimosa polycephala Benth.","Mimosa polycephala","Benth.","accepted","Mimosa polycephala Benth.","GENUS:Mimosa L.|FAMILY:Fabaceae|ORDER:Fabales Bromhead|CLASS:Magnoliopsida|PHYLUM:Tracheophyta|SUBKINGDOM:Pteridobiotina Britton & Brown|KINGDOM:Plantae|DOMAIN:Eukaryota (Chatton, 1925) Whittaker & Margulis, 1978","Plantae","Tracheophyta","Magnoliopsida","Fabales Bromhead","Fabaceae","Mimosa L."
"Mimosa potosina","","9DD7W","9DD3F","9DD3F","Mimosa potosina (Britton & Rose) B.L.Turner","Mimosa potosina","(Britton & Rose) B.L.Turner","synonym","Mimosa latidens (Small) B.L.Turner","SPECIES:Mimosa latidens (Small) B.L.Turner|GENUS:Mimosa L.|FAMILY:Fabaceae|ORDER:Fabales Bromhead|CLASS:Magnoliopsida|PHYLUM:Tracheophyta|SUBKINGDOM:Pteridobiotina Britton & Brown|KINGDOM:Plantae|DOMAIN:Eukaryota (Chatton, 1925) Whittaker & Margulis, 1978","Plantae","Tracheophyta","Magnoliopsida","Fabales Bromhead","Fabaceae","Mimosa L."
"Mimosa pringlei","","6RLRL","6RLRL","9CLCS","Mimosa pringlei S.Watson","Mimosa pringlei","S.Watson","accepted","Mimosa pringlei S.Watson","GENUS:Mimosa L.|FAMILY:Fabaceae|ORDER:Fabales Bromhead|CLASS:Magnoliopsida|PHYLUM:Tracheophyta|SUBKINGDOM:Pteridobiotina Britton & Brown|KINGDOM:Plantae|DOMAIN:Eukaryota (Chatton, 1925) Whittaker & Margulis, 1978","Plantae","Tracheophyta","Magnoliopsida","Fabales Bromhead","Fabaceae","Mimosa L."
"Mimosa pseudoradula","","9DD89","9DD89","9CLCS","Mimosa pseudoradula Glaz. ex Barneby","Mimosa pseudoradula","Glaz. ex Barneby","accepted","Mimosa pseudoradula Glaz. ex Barneby","GENUS:Mimosa L.|FAMILY:Fabaceae|ORDER:Fabales Bromhead|CLASS:Magnoliopsida|PHYLUM:Tracheophyta|SUBKINGDOM:Pteridobiotina Britton & Brown|KINGDOM:Plantae|DOMAIN:Eukaryota (Chatton, 1925) Whittaker & Margulis, 1978","Plantae","Tracheophyta","Magnoliopsida","Fabales Bromhead","Fabaceae","Mimosa L."
"Mimosa psilocarpa","","43GPL","43GPL","9CLCS","Mimosa psilocarpa B.L.Rob.","Mimosa psilocarpa","B.L.Rob.","accepted","Mimosa psilocarpa B.L.Rob.","GENUS:Mimosa L.|FAMILY:Fabaceae|ORDER:Fabales Bromhead|CLASS:Magnoliopsida|PHYLUM:Tracheophyta|SUBKINGDOM:Pteridobiotina Britton & Brown|KINGDOM:Plantae|DOMAIN:Eukaryota (Chatton, 1925) Whittaker & Margulis, 1978","Plantae","Tracheophyta","Magnoliopsida","Fabales Bromhead","Fabaceae","Mimosa L."
"Mimosa pteridifolia","","43GPN","43GPN","9CLCS","Mimosa pteridifolia Benth.","Mimosa pteridifolia","Benth.","accepted","Mimosa pteridifolia Benth.","GENUS:Mimosa L.|FAMILY:Fabaceae|ORDER:Fabales Bromhead|CLASS:Magnoliopsida|PHYLUM:Tracheophyta|SUBKINGDOM:Pteridobiotina Britton & Brown|KINGDOM:Plantae|DOMAIN:Eukaryota (Chatton, 1925) Whittaker & Margulis, 1978","Plantae","Tracheophyta","Magnoliopsida","Fabales Bromhead","Fabaceae","Mimosa L."
"Mimosa pudica","","43GPS","43GPS","9CLCS","Mimosa pudica L.","Mimosa pudica","L.","accepted","Mimosa pudica L.","GENUS:Mimosa L.|FAMILY:Fabaceae|ORDER:Fabales Bromhead|CLASS:Magnoliopsida|PHYLUM:Tracheophyta|SUBKINGDOM:Pteridobiotina Britton & Brown|KINGDOM:Plantae|DOMAIN:Eukaryota (Chatton, 1925) Whittaker & Margulis, 1978","Plantae","Tracheophyta","Magnoliopsida","Fabales Bromhead","Fabaceae","Mimosa L."
"Mimosa purpurascens","","43GQ5","9DWY6","9DWY6","Mimosa purpurascens B.L.Rob.","Mimosa purpurascens","B.L.Rob.","synonym","Mimosa distachya var. distachya","VARIETY:Mimosa distachya var. distachya|SPECIES:Mimosa distachya Cav.|GENUS:Mimosa L.|FAMILY:Fabaceae|ORDER:Fabales Bromhead|CLASS:Magnoliopsida|PHYLUM:Tracheophyta|SUBKINGDOM:Pteridobiotina Britton & Brown|KINGDOM:Plantae|DOMAIN:Eukaryota (Chatton, 1925) Whittaker & Margulis, 1978","Plantae","Tracheophyta","Magnoliopsida","Fabales Bromhead","Fabaceae","Mimosa L."
"Mimosa purpusii","","43GQ7","43GQ7","9CLCS","Mimosa purpusii Brandegee","Mimosa purpusii","Brandegee","accepted","Mimosa purpusii Brandegee","GENUS:Mimosa L.|FAMILY:Fabaceae|ORDER:Fabales Bromhead|CLASS:Magnoliopsida|PHYLUM:Tracheophyta|SUBKINGDOM:Pteridobiotina Britton & Brown|KINGDOM:Plantae|DOMAIN:Eukaryota (Chatton, 1925) Whittaker & Margulis, 1978","Plantae","Tracheophyta","Magnoliopsida","Fabales Bromhead","Fabaceae","Mimosa L."
"Mimosa quadrivalvis","","43GQC","43GQC","9CLCS","Mimosa quadrivalvis L.","Mimosa quadrivalvis","L.","accepted","Mimosa quadrivalvis L.","GENUS:Mimosa L.|FAMILY:Fabaceae|ORDER:Fabales Bromhead|CLASS:Magnoliopsida|PHYLUM:Tracheophyta|SUBKINGDOM:Pteridobiotina Britton & Brown|KINGDOM:Plantae|DOMAIN:Eukaryota (Chatton, 1925) Whittaker & Margulis, 1978","Plantae","Tracheophyta","Magnoliopsida","Fabales Bromhead","Fabaceae","Mimosa L."
"Mimosa radula","","43GQG","43GQG","9CLCS","Mimosa radula Benth.","Mimosa radula","Benth.","accepted","Mimosa radula Benth.","GENUS:Mimosa L.|FAMILY:Fabaceae|ORDER:Fabales Bromhead|CLASS:Magnoliopsida|PHYLUM:Tracheophyta|SUBKINGDOM:Pteridobiotina Britton & Brown|KINGDOM:Plantae|DOMAIN:Eukaryota (Chatton, 1925) Whittaker & Margulis, 1978","Plantae","Tracheophyta","Magnoliopsida","Fabales Bromhead","Fabaceae","Mimosa L."
"Mimosa ramosissima","","43GQK","43GQK","9CLCS","Mimosa ramosissima Benth.","Mimosa ramosissima","Benth.","accepted","Mimosa ramosissima Benth.","GENUS:Mimosa L.|FAMILY:Fabaceae|ORDER:Fabales Bromhead|CLASS:Magnoliopsida|PHYLUM:Tracheophyta|SUBKINGDOM:Pteridobiotina Britton & Brown|KINGDOM:Plantae|DOMAIN:Eukaryota (Chatton, 1925) Whittaker & Margulis, 1978","Plantae","Tracheophyta","Magnoliopsida","Fabales Bromhead","Fabaceae","Mimosa L."
"Mimosa rhodocarpa","","43GQW","43GQW","9CLCS","Mimosa rhodocarpa (Britton & Rose) R.Grether","Mimosa rhodocarpa","(Britton & Rose) R.Grether","accepted","Mimosa rhodocarpa (Britton & Rose) R.Grether","GENUS:Mimosa L.|FAMILY:Fabaceae|ORDER:Fabales Bromhead|CLASS:Magnoliopsida|PHYLUM:Tracheophyta|SUBKINGDOM:Pteridobiotina Britton & Brown|KINGDOM:Plantae|DOMAIN:Eukaryota (Chatton, 1925) Whittaker & Margulis, 1978","Plantae","Tracheophyta","Magnoliopsida","Fabales Bromhead","Fabaceae","Mimosa L."
"Mimosa rhododactyla","","43GQX","43GQX","9CLCS","Mimosa rhododactyla B.L.Rob.","Mimosa rhododactyla","B.L.Rob.","accepted","Mimosa rhododactyla B.L.Rob.","GENUS:Mimosa L.|FAMILY:Fabaceae|ORDER:Fabales Bromhead|CLASS:Magnoliopsida|PHYLUM:Tracheophyta|SUBKINGDOM:Pteridobiotina Britton & Brown|KINGDOM:Plantae|DOMAIN:Eukaryota (Chatton, 1925) Whittaker & Margulis, 1978","Plantae","Tracheophyta","Magnoliopsida","Fabales Bromhead","Fabaceae","Mimosa L."
"Mimosa rosei","","43GRD","43GRD","9CLCS","Mimosa rosei B.L.Rob.","Mimosa rosei","B.L.Rob.","accepted","Mimosa rosei B.L.Rob.","GENUS:Mimosa L.|FAMILY:Fabaceae|ORDER:Fabales Bromhead|CLASS:Magnoliopsida|PHYLUM:Tracheophyta|SUBKINGDOM:Pteridobiotina Britton & Brown|KINGDOM:Plantae|DOMAIN:Eukaryota (Chatton, 1925) Whittaker & Margulis, 1978","Plantae","Tracheophyta","Magnoliopsida","Fabales Bromhead","Fabaceae","Mimosa L."
"Mimosa rufescens","","43GRK","43GRK","9CLCS","Mimosa rufescens Benth.","Mimosa rufescens","Benth.","accepted","Mimosa rufescens Benth.","GENUS:Mimosa L.|FAMILY:Fabaceae|ORDER:Fabales Bromhead|CLASS:Magnoliopsida|PHYLUM:Tracheophyta|SUBKINGDOM:Pteridobiotina Britton & Brown|KINGDOM:Plantae|DOMAIN:Eukaryota (Chatton, 1925) Whittaker & Margulis, 1978","Plantae","Tracheophyta","Magnoliopsida","Fabales Bromhead","Fabaceae","Mimosa L."
"Mimosa scabrella","","43GRW","43GRW","9CLCS","Mimosa scabrella Benth.","Mimosa scabrella","Benth.","accepted","Mimosa scabrella Benth.","GENUS:Mimosa L.|FAMILY:Fabaceae|ORDER:Fabales Bromhead|CLASS:Magnoliopsida|PHYLUM:Tracheophyta|SUBKINGDOM:Pteridobiotina Britton & Brown|KINGDOM:Plantae|DOMAIN:Eukaryota (Chatton, 1925) Whittaker & Margulis, 1978","Plantae","Tracheophyta","Magnoliopsida","Fabales Bromhead","Fabaceae","Mimosa L."
"Mimosa schleidenii","","43GRZ","43GRZ","9CLCS","Mimosa schleidenii Herter","Mimosa schleidenii","Herter","accepted","Mimosa schleidenii Herter","GENUS:Mimosa L.|FAMILY:Fabaceae|ORDER:Fabales Bromhead|CLASS:Magnoliopsida|PHYLUM:Tracheophyta|SUBKINGDOM:Pteridobiotina Britton & Brown|KINGDOM:Plantae|DOMAIN:Eukaryota (Chatton, 1925) Whittaker & Margulis, 1978","Plantae","Tracheophyta","Magnoliopsida","Fabales Bromhead","Fabaceae","Mimosa L."
"Mimosa schomburgkii","","43GS2","43GS2","9CLCS","Mimosa schomburgkii Benth.","Mimosa schomburgkii","Benth.","accepted","Mimosa schomburgkii Benth.","GENUS:Mimosa L.|FAMILY:Fabaceae|ORDER:Fabales Bromhead|CLASS:Magnoliopsida|PHYLUM:Tracheophyta|SUBKINGDOM:Pteridobiotina Britton & Brown|KINGDOM:Plantae|DOMAIN:Eukaryota (Chatton, 1925) Whittaker & Margulis, 1978","Plantae","Tracheophyta","Magnoliopsida","Fabales Bromhead","Fabaceae","Mimosa L."
"Mimosa sensibilis","","43GS8","43GS8","9CLCS","Mimosa sensibilis Griseb.","Mimosa sensibilis","Griseb.","accepted","Mimosa sensibilis Griseb.","GENUS:Mimosa L.|FAMILY:Fabaceae|ORDER:Fabales Bromhead|CLASS:Magnoliopsida|PHYLUM:Tracheophyta|SUBKINGDOM:Pteridobiotina Britton & Brown|KINGDOM:Plantae|DOMAIN:Eukaryota (Chatton, 1925) Whittaker & Margulis, 1978","Plantae","Tracheophyta","Magnoliopsida","Fabales Bromhead","Fabaceae","Mimosa L."
"Mimosa setosa","","43GSL","43GSL","9CLCS","Mimosa setosa Benth.","Mimosa setosa","Benth.","accepted","Mimosa setosa Benth.","GENUS:Mimosa L.|FAMILY:Fabaceae|ORDER:Fabales Bromhead|CLASS:Magnoliopsida|PHYLUM:Tracheophyta|SUBKINGDOM:Pteridobiotina Britton & Brown|KINGDOM:Plantae|DOMAIN:Eukaryota (Chatton, 1925) Whittaker & Margulis, 1978","Plantae","Tracheophyta","Magnoliopsida","Fabales Bromhead","Fabaceae","Mimosa L."
"Mimosa sicyocarpa","","43GSP","43GSP","9CLCS","Mimosa sicyocarpa B.L.Rob.","Mimosa sicyocarpa","B.L.Rob.","accepted","Mimosa sicyocarpa B.L.Rob.","GENUS:Mimosa L.|FAMILY:Fabaceae|ORDER:Fabales Bromhead|CLASS:Magnoliopsida|PHYLUM:Tracheophyta|SUBKINGDOM:Pteridobiotina Britton & Brown|KINGDOM:Plantae|DOMAIN:Eukaryota (Chatton, 1925) Whittaker & Margulis, 1978","Plantae","Tracheophyta","Magnoliopsida","Fabales Bromhead","Fabaceae","Mimosa L."
"Mimosa similis","","43GSR","43GSR","9CLCS","Mimosa similis Britton & Rose","Mimosa similis","Britton & Rose","accepted","Mimosa similis Britton & Rose","GENUS:Mimosa L.|FAMILY:Fabaceae|ORDER:Fabales Bromhead|CLASS:Magnoliopsida|PHYLUM:Tracheophyta|SUBKINGDOM:Pteridobiotina Britton & Brown|KINGDOM:Plantae|DOMAIN:Eukaryota (Chatton, 1925) Whittaker & Margulis, 1978","Plantae","Tracheophyta","Magnoliopsida","Fabales Bromhead","Fabaceae","Mimosa L."
"Mimosa sinaloensis","","43GST","43GST","9CLCS","Mimosa sinaloensis Britton & Rose","Mimosa sinaloensis","Britton & Rose","accepted","Mimosa sinaloensis Britton & Rose","GENUS:Mimosa L.|FAMILY:Fabaceae|ORDER:Fabales Bromhead|CLASS:Magnoliopsida|PHYLUM:Tracheophyta|SUBKINGDOM:Pteridobiotina Britton & Brown|KINGDOM:Plantae|DOMAIN:Eukaryota (Chatton, 1925) Whittaker & Margulis, 1978","Plantae","Tracheophyta","Magnoliopsida","Fabales Bromhead","Fabaceae","Mimosa L."
"Mimosa skinneri","","43GSW","43GSW","9CLCS","Mimosa skinneri Benth.","Mimosa skinneri","Benth.","accepted","Mimosa skinneri Benth.","GENUS:Mimosa L.|FAMILY:Fabaceae|ORDER:Fabales Bromhead|CLASS:Magnoliopsida|PHYLUM:Tracheophyta|SUBKINGDOM:Pteridobiotina Britton & Brown|KINGDOM:Plantae|DOMAIN:Eukaryota (Chatton, 1925) Whittaker & Margulis, 1978","Plantae","Tracheophyta","Magnoliopsida","Fabales Bromhead","Fabaceae","Mimosa L."
"Mimosa somnians","","43GSY","43GSY","9CLCS","Mimosa somnians Humb. & Bonpl. ex Willd.","Mimosa somnians","Humb. & Bonpl. ex Willd.","accepted","Mimosa somnians Humb. & Bonpl. ex Willd.","GENUS:Mimosa L.|FAMILY:Fabaceae|ORDER:Fabales Bromhead|CLASS:Magnoliopsida|PHYLUM:Tracheophyta|SUBKINGDOM:Pteridobiotina Britton & Brown|KINGDOM:Plantae|DOMAIN:Eukaryota (Chatton, 1925) Whittaker & Margulis, 1978","Plantae","Tracheophyta","Magnoliopsida","Fabales Bromhead","Fabaceae","Mimosa L."
"Mimosa sousae","","43GT4","43GT4","9CLCS","Mimosa sousae R.Grether","Mimosa sousae","R.Grether","accepted","Mimosa sousae R.Grether","GENUS:Mimosa L.|FAMILY:Fabaceae|ORDER:Fabales Bromhead|CLASS:Magnoliopsida|PHYLUM:Tracheophyta|SUBKINGDOM:Pteridobiotina Britton & Brown|KINGDOM:Plantae|DOMAIN:Eukaryota (Chatton, 1925) Whittaker & Margulis, 1978","Plantae","Tracheophyta","Magnoliopsida","Fabales Bromhead","Fabaceae","Mimosa L."
"Mimosa spirocarpa","","43GTD","43GTD","9CLCS","Mimosa spirocarpa Rose","Mimosa spirocarpa","Rose","accepted","Mimosa spirocarpa Rose","GENUS:Mimosa L.|FAMILY:Fabaceae|ORDER:Fabales Bromhead|CLASS:Magnoliopsida|PHYLUM:Tracheophyta|SUBKINGDOM:Pteridobiotina Britton & Brown|KINGDOM:Plantae|DOMAIN:Eukaryota (Chatton, 1925) Whittaker & Margulis, 1978","Plantae","Tracheophyta","Magnoliopsida","Fabales Bromhead","Fabaceae","Mimosa L."
"Mimosa strigillosa","","73LRH","73LRH","9CLCS","Mimosa strigillosa Torr. & A.Gray","Mimosa strigillosa","Torr. & A.Gray","accepted","Mimosa strigillosa Torr. & A.Gray","GENUS:Mimosa L.|FAMILY:Fabaceae|ORDER:Fabales Bromhead|CLASS:Magnoliopsida|PHYLUM:Tracheophyta|SUBKINGDOM:Pteridobiotina Britton & Brown|KINGDOM:Plantae|DOMAIN:Eukaryota (Chatton, 1925) Whittaker & Margulis, 1978","Plantae","Tracheophyta","Magnoliopsida","Fabales Bromhead","Fabaceae","Mimosa L."
"Mimosa tenuiflora","","6RLRC","6RLRC","9CLCS","Mimosa tenuiflora (Willd.) Poir.","Mimosa tenuiflora","(Willd.) Poir.","accepted","Mimosa tenuiflora (Willd.) Poir.","GENUS:Mimosa L.|FAMILY:Fabaceae|ORDER:Fabales Bromhead|CLASS:Magnoliopsida|PHYLUM:Tracheophyta|SUBKINGDOM:Pteridobiotina Britton & Brown|KINGDOM:Plantae|DOMAIN:Eukaryota (Chatton, 1925) Whittaker & Margulis, 1978","Plantae","Tracheophyta","Magnoliopsida","Fabales Bromhead","Fabaceae","Mimosa L."
"Mimosa townsendii","","43GV2","43GV2","9CLCS","Mimosa townsendii Barneby","Mimosa townsendii","Barneby","accepted","Mimosa townsendii Barneby","GENUS:Mimosa L.|FAMILY:Fabaceae|ORDER:Fabales Bromhead|CLASS:Magnoliopsida|PHYLUM:Tracheophyta|SUBKINGDOM:Pteridobiotina Britton & Brown|KINGDOM:Plantae|DOMAIN:Eukaryota (Chatton, 1925) Whittaker & Margulis, 1978","Plantae","Tracheophyta","Magnoliopsida","Fabales Bromhead","Fabaceae","Mimosa L."
"Mimosa tricephala","","43GV9","43GV9","9CLCS","Mimosa tricephala Schltdl. & Cham.","Mimosa tricephala","Schltdl. & Cham.","accepted","Mimosa tricephala Schltdl. & Cham.","GENUS:Mimosa L.|FAMILY:Fabaceae|ORDER:Fabales Bromhead|CLASS:Magnoliopsida|PHYLUM:Tracheophyta|SUBKINGDOM:Pteridobiotina Britton & Brown|KINGDOM:Plantae|DOMAIN:Eukaryota (Chatton, 1925) Whittaker & Margulis, 1978","Plantae","Tracheophyta","Magnoliopsida","Fabales Bromhead","Fabaceae","Mimosa L."
"Mimosa turneri","","43GVF","43GVF","9CLCS","Mimosa turneri Barneby","Mimosa turneri","Barneby","accepted","Mimosa turneri Barneby","GENUS:Mimosa L.|FAMILY:Fabaceae|ORDER:Fabales Bromhead|CLASS:Magnoliopsida|PHYLUM:Tracheophyta|SUBKINGDOM:Pteridobiotina Britton & Brown|KINGDOM:Plantae|DOMAIN:Eukaryota (Chatton, 1925) Whittaker & Margulis, 1978","Plantae","Tracheophyta","Magnoliopsida","Fabales Bromhead","Fabaceae","Mimosa L."
"Mimosa unipinnata","","43GVT","43GVT","9CLCS","Mimosa unipinnata B.D.Parfitt & Pinkava","Mimosa unipinnata","B.D.Parfitt & Pinkava","accepted","Mimosa unipinnata B.D.Parfitt & Pinkava","GENUS:Mimosa L.|FAMILY:Fabaceae|ORDER:Fabales Bromhead|CLASS:Magnoliopsida|PHYLUM:Tracheophyta|SUBKINGDOM:Pteridobiotina Britton & Brown|KINGDOM:Plantae|DOMAIN:Eukaryota (Chatton, 1925) Whittaker & Margulis, 1978","Plantae","Tracheophyta","Magnoliopsida","Fabales Bromhead","Fabaceae","Mimosa L."
"Mimosa ursina","","6RM4Y","6RM4Y","9CLCS","Mimosa ursina Mart.","Mimosa ursina","Mart.","accepted","Mimosa ursina Mart.","GENUS:Mimosa L.|FAMILY:Fabaceae|ORDER:Fabales Bromhead|CLASS:Magnoliopsida|PHYLUM:Tracheophyta|SUBKINGDOM:Pteridobiotina Britton & Brown|KINGDOM:Plantae|DOMAIN:Eukaryota (Chatton, 1925) Whittaker & Margulis, 1978","Plantae","Tracheophyta","Magnoliopsida","Fabales Bromhead","Fabaceae","Mimosa L."
"Mimosa velloziana","","43GW5","43GW5","9CLCS","Mimosa velloziana Mart.","Mimosa velloziana","Mart.","accepted","Mimosa velloziana Mart.","GENUS:Mimosa L.|FAMILY:Fabaceae|ORDER:Fabales Bromhead|CLASS:Magnoliopsida|PHYLUM:Tracheophyta|SUBKINGDOM:Pteridobiotina Britton & Brown|KINGDOM:Plantae|DOMAIN:Eukaryota (Chatton, 1925) Whittaker & Margulis, 1978","Plantae","Tracheophyta","Magnoliopsida","Fabales Bromhead","Fabaceae","Mimosa L."
"Mimosa venatorum","","9DDF7","9DDF7","9CLCS","Mimosa venatorum Barneby","Mimosa venatorum","Barneby","accepted","Mimosa venatorum Barneby","GENUS:Mimosa L.|FAMILY:Fabaceae|ORDER:Fabales Bromhead|CLASS:Magnoliopsida|PHYLUM:Tracheophyta|SUBKINGDOM:Pteridobiotina Britton & Brown|KINGDOM:Plantae|DOMAIN:Eukaryota (Chatton, 1925) Whittaker & Margulis, 1978","Plantae","Tracheophyta","Magnoliopsida","Fabales Bromhead","Fabaceae","Mimosa L."
"Mimosa virgula","","9DDFJ","9DDFJ","9CLCS","Mimosa virgula Barneby","Mimosa virgula","Barneby","accepted","Mimosa virgula Barneby","GENUS:Mimosa L.|FAMILY:Fabaceae|ORDER:Fabales Bromhead|CLASS:Magnoliopsida|PHYLUM:Tracheophyta|SUBKINGDOM:Pteridobiotina Britton & Brown|KINGDOM:Plantae|DOMAIN:Eukaryota (Chatton, 1925) Whittaker & Margulis, 1978","Plantae","Tracheophyta","Magnoliopsida","Fabales Bromhead","Fabaceae","Mimosa L."
"Mimosa warnockii","","43GWQ","43G4H","43G4H","Mimosa warnockii B.L.Turner","Mimosa warnockii","B.L.Turner","synonym","Mimosa biuncifera Benth.","SPECIES:Mimosa biuncifera Benth.|GENUS:Mimosa L.|FAMILY:Fabaceae|ORDER:Fabales Bromhead|CLASS:Magnoliopsida|PHYLUM:Tracheophyta|SUBKINGDOM:Pteridobiotina Britton & Brown|KINGDOM:Plantae|DOMAIN:Eukaryota (Chatton, 1925) Whittaker & Margulis, 1978","Plantae","Tracheophyta","Magnoliopsida","Fabales Bromhead","Fabaceae","Mimosa L."
"Mimosa watsonii","","43GWS","43GWS","9CLCS","Mimosa watsonii B.L.Rob.","Mimosa watsonii","B.L.Rob.","accepted","Mimosa watsonii B.L.Rob.","GENUS:Mimosa L.|FAMILY:Fabaceae|ORDER:Fabales Bromhead|CLASS:Magnoliopsida|PHYLUM:Tracheophyta|SUBKINGDOM:Pteridobiotina Britton & Brown|KINGDOM:Plantae|DOMAIN:Eukaryota (Chatton, 1925) Whittaker & Margulis, 1978","Plantae","Tracheophyta","Magnoliopsida","Fabales Bromhead","Fabaceae","Mimosa L."
"Mimosa wherryana","","43GWV","9DX7G","9DX7G","Mimosa wherryana (Britton) Standl.","Mimosa wherryana","(Britton) Standl.","synonym","Mimosa texana var. texana","VARIETY:Mimosa texana var. texana|SPECIES:Mimosa texana (A.Gray) Small|GENUS:Mimosa L.|FAMILY:Fabaceae|ORDER:Fabales Bromhead|CLASS:Magnoliopsida|PHYLUM:Tracheophyta|SUBKINGDOM:Pteridobiotina Britton & Brown|KINGDOM:Plantae|DOMAIN:Eukaryota (Chatton, 1925) Whittaker & Margulis, 1978","Plantae","Tracheophyta","Magnoliopsida","Fabales Bromhead","Fabaceae","Mimosa L."
"Mimosa xanthocentra","","43GX5","43GX5","9CLCS","Mimosa xanthocentra Mart.","Mimosa xanthocentra","Mart.","accepted","Mimosa xanthocentra Mart.","GENUS:Mimosa L.|FAMILY:Fabaceae|ORDER:Fabales Bromhead|CLASS:Magnoliopsida|PHYLUM:Tracheophyta|SUBKINGDOM:Pteridobiotina Britton & Brown|KINGDOM:Plantae|DOMAIN:Eukaryota (Chatton, 1925) Whittaker & Margulis, 1978","Plantae","Tracheophyta","Magnoliopsida","Fabales Bromhead","Fabaceae","Mimosa L."
"Mimosa xanti","","43GX7","9DX7L","9DX7L","Mimosa xanti A.Gray","Mimosa xanti","A.Gray","synonym","Mimosa tricephala var. xanti (A.Gray) Chehaibar & R.Grether","VARIETY:Mimosa tricephala var. xanti (A.Gray) Chehaibar & R.Grether|SPECIES:Mimosa tricephala Schltdl. & Cham.|GENUS:Mimosa L.|FAMILY:Fabaceae|ORDER:Fabales Bromhead|CLASS:Magnoliopsida|PHYLUM:Tracheophyta|SUBKINGDOM:Pteridobiotina Britton & Brown|KINGDOM:Plantae|DOMAIN:Eukaryota (Chatton, 1925) Whittaker & Margulis, 1978","Plantae","Tracheophyta","Magnoliopsida","Fabales Bromhead","Fabaceae","Mimosa L."
"Mimosa xochipalensis","","43GXB","43GXB","9CLCS","Mimosa xochipalensis R.Grether","Mimosa xochipalensis","R.Grether","accepted","Mimosa xochipalensis R.Grether","GENUS:Mimosa L.|FAMILY:Fabaceae|ORDER:Fabales Bromhead|CLASS:Magnoliopsida|PHYLUM:Tracheophyta|SUBKINGDOM:Pteridobiotina Britton & Brown|KINGDOM:Plantae|DOMAIN:Eukaryota (Chatton, 1925) Whittaker & Margulis, 1978","Plantae","Tracheophyta","Magnoliopsida","Fabales Bromhead","Fabaceae","Mimosa L."
"Mimosa zacapana","","43GXG","9DX7L","9DX7L","Mimosa zacapana Standl. & Steyerm.","Mimosa zacapana","Standl. & Steyerm.","synonym","Mimosa tricephala var. xanti (A.Gray) Chehaibar & R.Grether","VARIETY:Mimosa tricephala var. xanti (A.Gray) Chehaibar & R.Grether|SPECIES:Mimosa tricephala Schltdl. & Cham.|GENUS:Mimosa L.|FAMILY:Fabaceae|ORDER:Fabales Bromhead|CLASS:Magnoliopsida|PHYLUM:Tracheophyta|SUBKINGDOM:Pteridobiotina Britton & Brown|KINGDOM:Plantae|DOMAIN:Eukaryota (Chatton, 1925) Whittaker & Margulis, 1978","Plantae","Tracheophyta","Magnoliopsida","Fabales Bromhead","Fabaceae","Mimosa L."
"Mimosa zygophylla","","9DDFN","9DDFN","9CLCS","Mimosa zygophylla Benth.","Mimosa zygophylla","Benth.","accepted","Mimosa zygophylla Benth.","GENUS:Mimosa L.|FAMILY:Fabaceae|ORDER:Fabales Bromhead|CLASS:Magnoliopsida|PHYLUM:Tracheophyta|SUBKINGDOM:Pteridobiotina Britton & Brown|KINGDOM:Plantae|DOMAIN:Eukaryota (Chatton, 1925) Whittaker & Margulis, 1978","Plantae","Tracheophyta","Magnoliopsida","Fabales Bromhead","Fabaceae","Mimosa L."
"Neptunia gracilis","","4745T","4745T","9CLG7","Neptunia gracilis Benth.","Neptunia gracilis","Benth.","accepted","Neptunia gracilis Benth.","GENUS:Neptunia Lour.|FAMILY:Fabaceae|ORDER:Fabales Bromhead|CLASS:Magnoliopsida|PHYLUM:Tracheophyta|SUBKINGDOM:Pteridobiotina Britton & Brown|KINGDOM:Plantae|DOMAIN:Eukaryota (Chatton, 1925) Whittaker & Margulis, 1978","Plantae","Tracheophyta","Magnoliopsida","Fabales Bromhead","Fabaceae","Neptunia Lour."
"Neptunia lutea","","4745Z","4745Z","9CLG7","Neptunia lutea (Leavenw.) Benth.","Neptunia lutea","(Leavenw.) Benth.","accepted","Neptunia lutea (Leavenw.) Benth.","GENUS:Neptunia Lour.|FAMILY:Fabaceae|ORDER:Fabales Bromhead|CLASS:Magnoliopsida|PHYLUM:Tracheophyta|SUBKINGDOM:Pteridobiotina Britton & Brown|KINGDOM:Plantae|DOMAIN:Eukaryota (Chatton, 1925) Whittaker & Margulis, 1978","Plantae","Tracheophyta","Magnoliopsida","Fabales Bromhead","Fabaceae","Neptunia Lour."
"Neptunia natans","","47466","43GKQ","43GKQ","Neptunia natans (L.f.) Druce","Neptunia natans","(L.f.) Druce","ambiguous synonym","Mimosa natans L.f.","SPECIES:Mimosa natans L.f.|GENUS:Mimosa L.|FAMILY:Fabaceae|ORDER:Fabales Bromhead|CLASS:Magnoliopsida|PHYLUM:Tracheophyta|SUBKINGDOM:Pteridobiotina Britton & Brown|KINGDOM:Plantae|DOMAIN:Eukaryota (Chatton, 1925) Whittaker & Margulis, 1978","Plantae","Tracheophyta","Magnoliopsida","Fabales Bromhead","Fabaceae","Mimosa L."
"Neptunia oleracea","","47468","47468","9CLG7","Neptunia oleracea Lour.","Neptunia oleracea","Lour.","accepted","Neptunia oleracea Lour.","GENUS:Neptunia Lour.|FAMILY:Fabaceae|ORDER:Fabales Bromhead|CLASS:Magnoliopsida|PHYLUM:Tracheophyta|SUBKINGDOM:Pteridobiotina Britton & Brown|KINGDOM:Plantae|DOMAIN:Eukaryota (Chatton, 1925) Whittaker & Margulis, 1978","Plantae","Tracheophyta","Magnoliopsida","Fabales Bromhead","Fabaceae","Neptunia Lour."
"Neptunia plena","","4746B","4746B","9CLG7","Neptunia plena (L.) Benth.","Neptunia plena","(L.) Benth.","accepted","Neptunia plena (L.) Benth.","GENUS:Neptunia Lour.|FAMILY:Fabaceae|ORDER:Fabales Bromhead|CLASS:Magnoliopsida|PHYLUM:Tracheophyta|SUBKINGDOM:Pteridobiotina Britton & Brown|KINGDOM:Plantae|DOMAIN:Eukaryota (Chatton, 1925) Whittaker & Margulis, 1978","Plantae","Tracheophyta","Magnoliopsida","Fabales Bromhead","Fabaceae","Neptunia Lour."
"Neptunia pubescens","","6S8RN","6S8RN","9CLG7","Neptunia pubescens Benth.","Neptunia pubescens","Benth.","accepted","Neptunia pubescens Benth.","GENUS:Neptunia Lour.|FAMILY:Fabaceae|ORDER:Fabales Bromhead|CLASS:Magnoliopsida|PHYLUM:Tracheophyta|SUBKINGDOM:Pteridobiotina Britton & Brown|KINGDOM:Plantae|DOMAIN:Eukaryota (Chatton, 1925) Whittaker & Margulis, 1978","Plantae","Tracheophyta","Magnoliopsida","Fabales Bromhead","Fabaceae","Neptunia Lour."
"Newtonia buchananii","","47BYN","47BYN","9CLGJ","Newtonia buchananii (Baker) G.C.C.Gilbert & Boutique","Newtonia buchananii","(Baker) G.C.C.Gilbert & Boutique","accepted","Newtonia buchananii (Baker) G.C.C.Gilbert & Boutique","GENUS:Newtonia Baill.|FAMILY:Fabaceae|ORDER:Fabales Bromhead|CLASS:Magnoliopsida|PHYLUM:Tracheophyta|SUBKINGDOM:Pteridobiotina Britton & Brown|KINGDOM:Plantae|DOMAIN:Eukaryota (Chatton, 1925) Whittaker & Margulis, 1978","Plantae","Tracheophyta","Magnoliopsida","Fabales Bromhead","Fabaceae","Newtonia Baill."
"Newtonia hildebrandtii","","47BYZ","47BYZ","9CLGJ","Newtonia hildebrandtii (Vatke) Torre","Newtonia hildebrandtii","(Vatke) Torre","accepted","Newtonia hildebrandtii (Vatke) Torre","GENUS:Newtonia Baill.|FAMILY:Fabaceae|ORDER:Fabales Bromhead|CLASS:Magnoliopsida|PHYLUM:Tracheophyta|SUBKINGDOM:Pteridobiotina Britton & Brown|KINGDOM:Plantae|DOMAIN:Eukaryota (Chatton, 1925) Whittaker & Margulis, 1978","Plantae","Tracheophyta","Magnoliopsida","Fabales Bromhead","Fabaceae","Newtonia Baill."
"Newtonia leucocarpa","","47BZ3","47BZ3","9CLGJ","Newtonia leucocarpa (Harms) G.C.C.Gilbert & Boutique","Newtonia leucocarpa","(Harms) G.C.C.Gilbert & Boutique","accepted","Newtonia leucocarpa (Harms) G.C.C.Gilbert & Boutique","GENUS:Newtonia Baill.|FAMILY:Fabaceae|ORDER:Fabales Bromhead|CLASS:Magnoliopsida|PHYLUM:Tracheophyta|SUBKINGDOM:Pteridobiotina Britton & Brown|KINGDOM:Plantae|DOMAIN:Eukaryota (Chatton, 1925) Whittaker & Margulis, 1978","Plantae","Tracheophyta","Magnoliopsida","Fabales Bromhead","Fabaceae","Newtonia Baill."
"Parapiptadenia excelsa","","4D8TG","4D8TG","9CLLS","Parapiptadenia excelsa (Griseb.) Burkart","Parapiptadenia excelsa","(Griseb.) Burkart","accepted","Parapiptadenia excelsa (Griseb.) Burkart","GENUS:Parapiptadenia Brenan|FAMILY:Fabaceae|ORDER:Fabales Bromhead|CLASS:Magnoliopsida|PHYLUM:Tracheophyta|SUBKINGDOM:Pteridobiotina Britton & Brown|KINGDOM:Plantae|DOMAIN:Eukaryota (Chatton, 1925) Whittaker & Margulis, 1978","Plantae","Tracheophyta","Magnoliopsida","Fabales Bromhead","Fabaceae","Parapiptadenia Brenan"
"Paraserianthes lophantha","","4DBX9","4DBX9","9CLLW","Paraserianthes lophantha (Vent.) I.C.Nielsen","Paraserianthes lophantha","(Vent.) I.C.Nielsen","accepted","Paraserianthes lophantha (Vent.) I.C.Nielsen","GENUS:Paraserianthes I.C.Nielsen|FAMILY:Fabaceae|ORDER:Fabales Bromhead|CLASS:Magnoliopsida|PHYLUM:Tracheophyta|SUBKINGDOM:Pteridobiotina Britton & Brown|KINGDOM:Plantae|DOMAIN:Eukaryota (Chatton, 1925) Whittaker & Margulis, 1978","Plantae","Tracheophyta","Magnoliopsida","Fabales Bromhead","Fabaceae","Paraserianthes I.C.Nielsen"
"Parkia cachimboensis","","4DN4D","4DN4D","9CLM4","Parkia cachimboensis H.C.Hopkins","Parkia cachimboensis","H.C.Hopkins","accepted","Parkia cachimboensis H.C.Hopkins","GENUS:Parkia R.Br.|FAMILY:Fabaceae|ORDER:Fabales Bromhead|CLASS:Magnoliopsida|PHYLUM:Tracheophyta|SUBKINGDOM:Pteridobiotina Britton & Brown|KINGDOM:Plantae|DOMAIN:Eukaryota (Chatton, 1925) Whittaker & Margulis, 1978","Plantae","Tracheophyta","Magnoliopsida","Fabales Bromhead","Fabaceae","Parkia R.Br."
"Parkia discolor","","4DN4H","4DN4H","9CLM4","Parkia discolor Spruce ex Benth.","Parkia discolor","Spruce ex Benth.","accepted","Parkia discolor Spruce ex Benth.","GENUS:Parkia R.Br.|FAMILY:Fabaceae|ORDER:Fabales Bromhead|CLASS:Magnoliopsida|PHYLUM:Tracheophyta|SUBKINGDOM:Pteridobiotina Britton & Brown|KINGDOM:Plantae|DOMAIN:Eukaryota (Chatton, 1925) Whittaker & Margulis, 1978","Plantae","Tracheophyta","Magnoliopsida","Fabales Bromhead","Fabaceae","Parkia R.Br."
"Parkia filicoidea","","4DN4M","4DN4M","9CLM4","Parkia filicoidea Welw. ex Oliv.","Parkia filicoidea","Welw. ex Oliv.","accepted","Parkia filicoidea Welw. ex Oliv.","GENUS:Parkia R.Br.|FAMILY:Fabaceae|ORDER:Fabales Bromhead|CLASS:Magnoliopsida|PHYLUM:Tracheophyta|SUBKINGDOM:Pteridobiotina Britton & Brown|KINGDOM:Plantae|DOMAIN:Eukaryota (Chatton, 1925) Whittaker & Margulis, 1978","Plantae","Tracheophyta","Magnoliopsida","Fabales Bromhead","Fabaceae","Parkia R.Br."
"Parkia nitida","","4DN5D","4DN5D","9CLM4","Parkia nitida Miq.","Parkia nitida","Miq.","accepted","Parkia nitida Miq.","GENUS:Parkia R.Br.|FAMILY:Fabaceae|ORDER:Fabales Bromhead|CLASS:Magnoliopsida|PHYLUM:Tracheophyta|SUBKINGDOM:Pteridobiotina Britton & Brown|KINGDOM:Plantae|DOMAIN:Eukaryota (Chatton, 1925) Whittaker & Margulis, 1978","Plantae","Tracheophyta","Magnoliopsida","Fabales Bromhead","Fabaceae","Parkia R.Br."
"Parkia panurensis","","4DN5H","4DN5H","9CLM4","Parkia panurensis Benth. ex H.C.Hopkins","Parkia panurensis","Benth. ex H.C.Hopkins","accepted","Parkia panurensis Benth. ex H.C.Hopkins","GENUS:Parkia R.Br.|FAMILY:Fabaceae|ORDER:Fabales Bromhead|CLASS:Magnoliopsida|PHYLUM:Tracheophyta|SUBKINGDOM:Pteridobiotina Britton & Brown|KINGDOM:Plantae|DOMAIN:Eukaryota (Chatton, 1925) Whittaker & Margulis, 1978","Plantae","Tracheophyta","Magnoliopsida","Fabales Bromhead","Fabaceae","Parkia R.Br."
"Parkia pendula","","4DN5S","4DN5S","9CLM4","Parkia pendula (Willd.) Benth. ex Walp.","Parkia pendula","(Willd.) Benth. ex Walp.","accepted","Parkia pendula (Willd.) Benth. ex Walp.","GENUS:Parkia R.Br.|FAMILY:Fabaceae|ORDER:Fabales Bromhead|CLASS:Magnoliopsida|PHYLUM:Tracheophyta|SUBKINGDOM:Pteridobiotina Britton & Brown|KINGDOM:Plantae|DOMAIN:Eukaryota (Chatton, 1925) Whittaker & Margulis, 1978","Plantae","Tracheophyta","Magnoliopsida","Fabales Bromhead","Fabaceae","Parkia R.Br."
"Parkia platycephala","","4DN5T","4DN5T","9CLM4","Parkia platycephala Benth.","Parkia platycephala","Benth.","accepted","Parkia platycephala Benth.","GENUS:Parkia R.Br.|FAMILY:Fabaceae|ORDER:Fabales Bromhead|CLASS:Magnoliopsida|PHYLUM:Tracheophyta|SUBKINGDOM:Pteridobiotina Britton & Brown|KINGDOM:Plantae|DOMAIN:Eukaryota (Chatton, 1925) Whittaker & Margulis, 1978","Plantae","Tracheophyta","Magnoliopsida","Fabales Bromhead","Fabaceae","Parkia R.Br."
"Parkia reticulata","","4DN5V","4DN5V","9CLM4","Parkia reticulata Ducke","Parkia reticulata","Ducke","accepted","Parkia reticulata Ducke","GENUS:Parkia R.Br.|FAMILY:Fabaceae|ORDER:Fabales Bromhead|CLASS:Magnoliopsida|PHYLUM:Tracheophyta|SUBKINGDOM:Pteridobiotina Britton & Brown|KINGDOM:Plantae|DOMAIN:Eukaryota (Chatton, 1925) Whittaker & Margulis, 1978","Plantae","Tracheophyta","Magnoliopsida","Fabales Bromhead","Fabaceae","Parkia R.Br."
"Parkia ulei","","4DN68","4DN68","9CLM4","Parkia ulei (Harms) Kuhlm.","Parkia ulei","(Harms) Kuhlm.","accepted","Parkia ulei (Harms) Kuhlm.","GENUS:Parkia R.Br.|FAMILY:Fabaceae|ORDER:Fabales Bromhead|CLASS:Magnoliopsida|PHYLUM:Tracheophyta|SUBKINGDOM:Pteridobiotina Britton & Brown|KINGDOM:Plantae|DOMAIN:Eukaryota (Chatton, 1925) Whittaker & Margulis, 1978","Plantae","Tracheophyta","Magnoliopsida","Fabales Bromhead","Fabaceae","Parkia R.Br."
"Parkia velutina","","4DN69","4DN69","9CLM4","Parkia velutina Benoist","Parkia velutina","Benoist","accepted","Parkia velutina Benoist","GENUS:Parkia R.Br.|FAMILY:Fabaceae|ORDER:Fabales Bromhead|CLASS:Magnoliopsida|PHYLUM:Tracheophyta|SUBKINGDOM:Pteridobiotina Britton & Brown|KINGDOM:Plantae|DOMAIN:Eukaryota (Chatton, 1925) Whittaker & Margulis, 1978","Plantae","Tracheophyta","Magnoliopsida","Fabales Bromhead","Fabaceae","Parkia R.Br."
"Pentaclethra macrophylla","","76MHZ","76MHZ","9CLMV","Pentaclethra macrophylla Benth.","Pentaclethra macrophylla","Benth.","accepted","Pentaclethra macrophylla Benth.","GENUS:Pentaclethra Benth.|FAMILY:Fabaceae|ORDER:Fabales Bromhead|CLASS:Magnoliopsida|PHYLUM:Tracheophyta|SUBKINGDOM:Pteridobiotina Britton & Brown|KINGDOM:Plantae|DOMAIN:Eukaryota (Chatton, 1925) Whittaker & Margulis, 1978","Plantae","Tracheophyta","Magnoliopsida","Fabales Bromhead","Fabaceae","Pentaclethra Benth."
"Piptadenia buchtienii","","6VKMT","6VKMT","9CLPM","Piptadenia buchtienii Barneby","Piptadenia buchtienii","Barneby","accepted","Piptadenia buchtienii Barneby","GENUS:Piptadenia Benth.|FAMILY:Fabaceae|ORDER:Fabales Bromhead|CLASS:Magnoliopsida|PHYLUM:Tracheophyta|SUBKINGDOM:Pteridobiotina Britton & Brown|KINGDOM:Plantae|DOMAIN:Eukaryota (Chatton, 1925) Whittaker & Margulis, 1978","Plantae","Tracheophyta","Magnoliopsida","Fabales Bromhead","Fabaceae","Piptadenia Benth."
"Piptadenia flava","","4J6VC","9F9Q8","9F9Q8","Piptadenia flava (Spreng. ex DC.) Benth.","Piptadenia flava","(Spreng. ex DC.) Benth.","synonym","Piptadenia retusa (Jacq.) P.G.Ribeiro, Seigler & Ebinger","SPECIES:Piptadenia retusa (Jacq.) P.G.Ribeiro, Seigler & Ebinger|GENUS:Piptadenia Benth.|FAMILY:Fabaceae|ORDER:Fabales Bromhead|CLASS:Magnoliopsida|PHYLUM:Tracheophyta|SUBKINGDOM:Pteridobiotina Britton & Brown|KINGDOM:Plantae|DOMAIN:Eukaryota (Chatton, 1925) Whittaker & Margulis, 1978","Plantae","Tracheophyta","Magnoliopsida","Fabales Bromhead","Fabaceae","Piptadenia Benth."
"Piptadenia fruticosa","","9DHN9","6VKN4","6VKN4","Piptadenia fruticosa (Vell.) Angely","Piptadenia fruticosa","(Vell.) Angely","synonym","Piptadenia adiantoides (Spreng.) J.F.Macbr.","SPECIES:Piptadenia adiantoides (Spreng.) J.F.Macbr.|GENUS:Piptadenia Benth.|FAMILY:Fabaceae|ORDER:Fabales Bromhead|CLASS:Magnoliopsida|PHYLUM:Tracheophyta|SUBKINGDOM:Pteridobiotina Britton & Brown|KINGDOM:Plantae|DOMAIN:Eukaryota (Chatton, 1925) Whittaker & Margulis, 1978","Plantae","Tracheophyta","Magnoliopsida","Fabales Bromhead","Fabaceae","Piptadenia Benth."
"Piptadenia gonoacantha","","4J6VK","4J6VK","9CLPM","Piptadenia gonoacantha (Mart.) J.F.Macbr.","Piptadenia gonoacantha","(Mart.) J.F.Macbr.","accepted","Piptadenia gonoacantha (Mart.) J.F.Macbr.","GENUS:Piptadenia Benth.|FAMILY:Fabaceae|ORDER:Fabales Bromhead|CLASS:Magnoliopsida|PHYLUM:Tracheophyta|SUBKINGDOM:Pteridobiotina Britton & Brown|KINGDOM:Plantae|DOMAIN:Eukaryota (Chatton, 1925) Whittaker & Margulis, 1978","Plantae","Tracheophyta","Magnoliopsida","Fabales Bromhead","Fabaceae","Piptadenia Benth."
"Piptadenia macradenia","","9DHNK","9DHNK","9CLPM","Piptadenia macradenia Benth.","Piptadenia macradenia","Benth.","accepted","Piptadenia macradenia Benth.","GENUS:Piptadenia Benth.|FAMILY:Fabaceae|ORDER:Fabales Bromhead|CLASS:Magnoliopsida|PHYLUM:Tracheophyta|SUBKINGDOM:Pteridobiotina Britton & Brown|KINGDOM:Plantae|DOMAIN:Eukaryota (Chatton, 1925) Whittaker & Margulis, 1978","Plantae","Tracheophyta","Magnoliopsida","Fabales Bromhead","Fabaceae","Piptadenia Benth."
"Piptadenia moniliformis","","4J6WC","9DHVX","9DHVX","Piptadenia moniliformis Benth.","Piptadenia moniliformis","Benth.","synonym","Pityrocarpa moniliformis (Benth.) Luckow & R.W.Jobson","SPECIES:Pityrocarpa moniliformis (Benth.) Luckow & R.W.Jobson|GENUS:Pityrocarpa (Benth. & Hook.f.) Britton & Rose|FAMILY:Fabaceae|ORDER:Fabales Bromhead|CLASS:Magnoliopsida|PHYLUM:Tracheophyta|SUBKINGDOM:Pteridobiotina Britton & Brown|KINGDOM:Plantae|DOMAIN:Eukaryota (Chatton, 1925) Whittaker & Margulis, 1978","Plantae","Tracheophyta","Magnoliopsida","Fabales Bromhead","Fabaceae","Pityrocarpa (Benth. & Hook.f.) Britton & Rose"
"Piptadenia obliqua","","4J6WG","9DHVY","9DHVY","Piptadenia obliqua (Pers.) J.F.Macbr.","Piptadenia obliqua","(Pers.) J.F.Macbr.","synonym","Pityrocarpa obliqua (Pers.) Brenan","SPECIES:Pityrocarpa obliqua (Pers.) Brenan|GENUS:Pityrocarpa (Benth. & Hook.f.) Britton & Rose|FAMILY:Fabaceae|ORDER:Fabales Bromhead|CLASS:Magnoliopsida|PHYLUM:Tracheophyta|SUBKINGDOM:Pteridobiotina Britton & Brown|KINGDOM:Plantae|DOMAIN:Eukaryota (Chatton, 1925) Whittaker & Margulis, 1978","Plantae","Tracheophyta","Magnoliopsida","Fabales Bromhead","Fabaceae","Pityrocarpa (Benth. & Hook.f.) Britton & Rose"
"Piptadenia paniculata","","4J6WK","4J6WK","9CLPM","Piptadenia paniculata Benth.","Piptadenia paniculata","Benth.","accepted","Piptadenia paniculata Benth.","GENUS:Piptadenia Benth.|FAMILY:Fabaceae|ORDER:Fabales Bromhead|CLASS:Magnoliopsida|PHYLUM:Tracheophyta|SUBKINGDOM:Pteridobiotina Britton & Brown|KINGDOM:Plantae|DOMAIN:Eukaryota (Chatton, 1925) Whittaker & Margulis, 1978","Plantae","Tracheophyta","Magnoliopsida","Fabales Bromhead","Fabaceae","Piptadenia Benth."
"Piptadenia robusta","","4J6X5","4J6X5","9CLPM","Piptadenia robusta Pittier","Piptadenia robusta","Pittier","accepted","Piptadenia robusta Pittier","GENUS:Piptadenia Benth.|FAMILY:Fabaceae|ORDER:Fabales Bromhead|CLASS:Magnoliopsida|PHYLUM:Tracheophyta|SUBKINGDOM:Pteridobiotina Britton & Brown|KINGDOM:Plantae|DOMAIN:Eukaryota (Chatton, 1925) Whittaker & Margulis, 1978","Plantae","Tracheophyta","Magnoliopsida","Fabales Bromhead","Fabaceae","Piptadenia Benth."
"Piptadeniastrum africanum","","4J6XN","4J6XN","9CLPN","Piptadeniastrum africanum (Hook.f.) Brenan","Piptadeniastrum africanum","(Hook.f.) Brenan","accepted","Piptadeniastrum africanum (Hook.f.) Brenan","GENUS:Piptadeniastrum Brenan|FAMILY:Fabaceae|ORDER:Fabales Bromhead|CLASS:Magnoliopsida|PHYLUM:Tracheophyta|SUBKINGDOM:Pteridobiotina Britton & Brown|KINGDOM:Plantae|DOMAIN:Eukaryota (Chatton, 1925) Whittaker & Margulis, 1978","Plantae","Tracheophyta","Magnoliopsida","Fabales Bromhead","Fabaceae","Piptadeniastrum Brenan"
"Pithecellobium albicaule","","6VLMQ","4JB8F","4JB8F","Pithecellobium albicaule Britton & Rose","Pithecellobium albicaule","Britton & Rose","synonym","Pithecellobium lanceolatum (Humb. & Bonpl. ex Willd.) Benth.","SPECIES:Pithecellobium lanceolatum (Humb. & Bonpl. ex Willd.) Benth.|GENUS:Pithecellobium Mart.|FAMILY:Fabaceae|ORDER:Fabales Bromhead|CLASS:Magnoliopsida|PHYLUM:Tracheophyta|SUBKINGDOM:Pteridobiotina Britton & Brown|KINGDOM:Plantae|DOMAIN:Eukaryota (Chatton, 1925) Whittaker & Margulis, 1978","Plantae","Tracheophyta","Magnoliopsida","Fabales Bromhead","Fabaceae","Pithecellobium Mart."
"Pithecellobium bahamense","","77LN8","77LN8","9CLPV","Pithecellobium × bahamense Northr.","Pithecellobium × bahamense","Northr.","accepted","Pithecellobium × bahamense Northr.","GENUS:Pithecellobium Mart.|FAMILY:Fabaceae|ORDER:Fabales Bromhead|CLASS:Magnoliopsida|PHYLUM:Tracheophyta|SUBKINGDOM:Pteridobiotina Britton & Brown|KINGDOM:Plantae|DOMAIN:Eukaryota (Chatton, 1925) Whittaker & Margulis, 1978","Plantae","Tracheophyta","Magnoliopsida","Fabales Bromhead","Fabaceae","Pithecellobium Mart."
"Pithecellobium campestre","","4JB39","9DZT7","9DZT7","Pithecellobium campestre Spruce ex Benth.","Pithecellobium campestre","Spruce ex Benth.","synonym","Jupunba campestris (Spruce ex Benth.) M.V.B.Soares, M.P.Morim & Iganci","SPECIES:Jupunba campestris (Spruce ex Benth.) M.V.B.Soares, M.P.Morim & Iganci|GENUS:Jupunba Britton & Rose|FAMILY:Fabaceae|ORDER:Fabales Bromhead|CLASS:Magnoliopsida|PHYLUM:Tracheophyta|SUBKINGDOM:Pteridobiotina Britton & Brown|KINGDOM:Plantae|DOMAIN:Eukaryota (Chatton, 1925) Whittaker & Margulis, 1978","Plantae","Tracheophyta","Magnoliopsida","Fabales Bromhead","Fabaceae","Jupunba Britton & Rose"
"Pithecellobium diversifolium","","4JB55","4JB55","9CLPV","Pithecellobium diversifolium Benth.","Pithecellobium diversifolium","Benth.","accepted","Pithecellobium diversifolium Benth.","GENUS:Pithecellobium Mart.|FAMILY:Fabaceae|ORDER:Fabales Bromhead|CLASS:Magnoliopsida|PHYLUM:Tracheophyta|SUBKINGDOM:Pteridobiotina Britton & Brown|KINGDOM:Plantae|DOMAIN:Eukaryota (Chatton, 1925) Whittaker & Margulis, 1978","Plantae","Tracheophyta","Magnoliopsida","Fabales Bromhead","Fabaceae","Pithecellobium Mart."
"Pithecellobium dulce","","6VLPH","6VLPH","9CLPV","Pithecellobium dulce (Roxb.) Benth.","Pithecellobium dulce","(Roxb.) Benth.","accepted","Pithecellobium dulce (Roxb.) Benth.","GENUS:Pithecellobium Mart.|FAMILY:Fabaceae|ORDER:Fabales Bromhead|CLASS:Magnoliopsida|PHYLUM:Tracheophyta|SUBKINGDOM:Pteridobiotina Britton & Brown|KINGDOM:Plantae|DOMAIN:Eukaryota (Chatton, 1925) Whittaker & Margulis, 1978","Plantae","Tracheophyta","Magnoliopsida","Fabales Bromhead","Fabaceae","Pithecellobium Mart."
"Pithecellobium elachistophyllum","","77LPH","4BZVJ","4BZVJ","Pithecellobium elachistophyllum A.Gray ex S.Watson","Pithecellobium elachistophyllum","A.Gray ex S.Watson","synonym","Painteria elachistophylla (A.Gray ex S.Watson) Britton & Rose","SPECIES:Painteria elachistophylla (A.Gray ex S.Watson) Britton & Rose|GENUS:Painteria Britton & Rose|FAMILY:Fabaceae|ORDER:Fabales Bromhead|CLASS:Magnoliopsida|PHYLUM:Tracheophyta|SUBKINGDOM:Pteridobiotina Britton & Brown|KINGDOM:Plantae|DOMAIN:Eukaryota (Chatton, 1925) Whittaker & Margulis, 1978","Plantae","Tracheophyta","Magnoliopsida","Fabales Bromhead","Fabaceae","Painteria Britton & Rose"
"Pithecellobium excelsum","","4JB5S","4JB5S","9CLPV","Pithecellobium excelsum (Kunth) Mart.","Pithecellobium excelsum","(Kunth) Mart.","accepted","Pithecellobium excelsum (Kunth) Mart.","GENUS:Pithecellobium Mart.|FAMILY:Fabaceae|ORDER:Fabales Bromhead|CLASS:Magnoliopsida|PHYLUM:Tracheophyta|SUBKINGDOM:Pteridobiotina Britton & Brown|KINGDOM:Plantae|DOMAIN:Eukaryota (Chatton, 1925) Whittaker & Margulis, 1978","Plantae","Tracheophyta","Magnoliopsida","Fabales Bromhead","Fabaceae","Pithecellobium Mart."
"Pithecellobium furcatum","","4JB6D","4JB6D","9CLPV","Pithecellobium furcatum Benth.","Pithecellobium furcatum","Benth.","accepted","Pithecellobium furcatum Benth.","GENUS:Pithecellobium Mart.|FAMILY:Fabaceae|ORDER:Fabales Bromhead|CLASS:Magnoliopsida|PHYLUM:Tracheophyta|SUBKINGDOM:Pteridobiotina Britton & Brown|KINGDOM:Plantae|DOMAIN:Eukaryota (Chatton, 1925) Whittaker & Margulis, 1978","Plantae","Tracheophyta","Magnoliopsida","Fabales Bromhead","Fabaceae","Pithecellobium Mart."
"Pithecellobium halogenes","","4JB78","9DZTJ","9DZTJ","Pithecellobium halogenes Standl.","Pithecellobium halogenes","Standl.","synonym","Jupunba idiopoda (S.F.Blake) M.V.B.Soares, M.P.Morim & Iganci","SPECIES:Jupunba idiopoda (S.F.Blake) M.V.B.Soares, M.P.Morim & Iganci|GENUS:Jupunba Britton & Rose|FAMILY:Fabaceae|ORDER:Fabales Bromhead|CLASS:Magnoliopsida|PHYLUM:Tracheophyta|SUBKINGDOM:Pteridobiotina Britton & Brown|KINGDOM:Plantae|DOMAIN:Eukaryota (Chatton, 1925) Whittaker & Margulis, 1978","Plantae","Tracheophyta","Magnoliopsida","Fabales Bromhead","Fabaceae","Jupunba Britton & Rose"
"Pithecellobium hymenaeafolium","","","","","","","","","","","","","","","",""
"Pithecellobium insigne","","9DHST","4JB8F","4JB8F","Pithecellobium insigne Micheli ex Donn.Sm.","Pithecellobium insigne","Micheli ex Donn.Sm.","synonym","Pithecellobium lanceolatum (Humb. & Bonpl. ex Willd.) Benth.","SPECIES:Pithecellobium lanceolatum (Humb. & Bonpl. ex Willd.) Benth.|GENUS:Pithecellobium Mart.|FAMILY:Fabaceae|ORDER:Fabales Bromhead|CLASS:Magnoliopsida|PHYLUM:Tracheophyta|SUBKINGDOM:Pteridobiotina Britton & Brown|KINGDOM:Plantae|DOMAIN:Eukaryota (Chatton, 1925) Whittaker & Margulis, 1978","Plantae","Tracheophyta","Magnoliopsida","Fabales Bromhead","Fabaceae","Pithecellobium Mart."
"Pithecellobium lanceolatum","","4JB8F","4JB8F","9CLPV","Pithecellobium lanceolatum (Humb. & Bonpl. ex Willd.) Benth.","Pithecellobium lanceolatum","(Humb. & Bonpl. ex Willd.) Benth.","accepted","Pithecellobium lanceolatum (Humb. & Bonpl. ex Willd.) Benth.","GENUS:Pithecellobium Mart.|FAMILY:Fabaceae|ORDER:Fabales Bromhead|CLASS:Magnoliopsida|PHYLUM:Tracheophyta|SUBKINGDOM:Pteridobiotina Britton & Brown|KINGDOM:Plantae|DOMAIN:Eukaryota (Chatton, 1925) Whittaker & Margulis, 1978","Plantae","Tracheophyta","Magnoliopsida","Fabales Bromhead","Fabaceae","Pithecellobium Mart."
"Pithecellobium macrandrium","","4JB9V","4JB9V","9CLPV","Pithecellobium macrandrium Donn.Sm.","Pithecellobium macrandrium","Donn.Sm.","accepted","Pithecellobium macrandrium Donn.Sm.","GENUS:Pithecellobium Mart.|FAMILY:Fabaceae|ORDER:Fabales Bromhead|CLASS:Magnoliopsida|PHYLUM:Tracheophyta|SUBKINGDOM:Pteridobiotina Britton & Brown|KINGDOM:Plantae|DOMAIN:Eukaryota (Chatton, 1925) Whittaker & Margulis, 1978","Plantae","Tracheophyta","Magnoliopsida","Fabales Bromhead","Fabaceae","Pithecellobium Mart."
"Pithecellobium oblongum","","4JBBR","4JBBR","9CLPV","Pithecellobium oblongum Benth.","Pithecellobium oblongum","Benth.","accepted","Pithecellobium oblongum Benth.","GENUS:Pithecellobium Mart.|FAMILY:Fabaceae|ORDER:Fabales Bromhead|CLASS:Magnoliopsida|PHYLUM:Tracheophyta|SUBKINGDOM:Pteridobiotina Britton & Brown|KINGDOM:Plantae|DOMAIN:Eukaryota (Chatton, 1925) Whittaker & Margulis, 1978","Plantae","Tracheophyta","Magnoliopsida","Fabales Bromhead","Fabaceae","Pithecellobium Mart."
"Pithecellobium pistaciifolium","","4JBCW","4JBCN","4JBCN","Pithecellobium pistaciifolium Standl.","Pithecellobium pistaciifolium","Standl.","synonym","Pithecellobium peckii S.F.Blake","SPECIES:Pithecellobium peckii S.F.Blake|GENUS:Pithecellobium Mart.|FAMILY:Fabaceae|ORDER:Fabales Bromhead|CLASS:Magnoliopsida|PHYLUM:Tracheophyta|SUBKINGDOM:Pteridobiotina Britton & Brown|KINGDOM:Plantae|DOMAIN:Eukaryota (Chatton, 1925) Whittaker & Margulis, 1978","Plantae","Tracheophyta","Magnoliopsida","Fabales Bromhead","Fabaceae","Pithecellobium Mart."
"Pithecellobium roseum","","9DHTV","9DHTV","9CLPV","Pithecellobium roseum (Vahl) Barneby & J.W.Grimes","Pithecellobium roseum","(Vahl) Barneby & J.W.Grimes","accepted","Pithecellobium roseum (Vahl) Barneby & J.W.Grimes","GENUS:Pithecellobium Mart.|FAMILY:Fabaceae|ORDER:Fabales Bromhead|CLASS:Magnoliopsida|PHYLUM:Tracheophyta|SUBKINGDOM:Pteridobiotina Britton & Brown|KINGDOM:Plantae|DOMAIN:Eukaryota (Chatton, 1925) Whittaker & Margulis, 1978","Plantae","Tracheophyta","Magnoliopsida","Fabales Bromhead","Fabaceae","Pithecellobium Mart."
"Pithecellobium seleri","","77LQB","4JBG3","4JBG3","Pithecellobium seleri Harms","Pithecellobium seleri","Harms","synonym","Pithecellobium unguis-cati (L.) Benth.","SPECIES:Pithecellobium unguis-cati (L.) Benth.|GENUS:Pithecellobium Mart.|FAMILY:Fabaceae|ORDER:Fabales Bromhead|CLASS:Magnoliopsida|PHYLUM:Tracheophyta|SUBKINGDOM:Pteridobiotina Britton & Brown|KINGDOM:Plantae|DOMAIN:Eukaryota (Chatton, 1925) Whittaker & Margulis, 1978","Plantae","Tracheophyta","Magnoliopsida","Fabales Bromhead","Fabaceae","Pithecellobium Mart."
"Pityrocarpa moniliformis","","9DHVX","9DHVX","9CSXD","Pityrocarpa moniliformis (Benth.) Luckow & R.W.Jobson","Pityrocarpa moniliformis","(Benth.) Luckow & R.W.Jobson","accepted","Pityrocarpa moniliformis (Benth.) Luckow & R.W.Jobson","GENUS:Pityrocarpa (Benth. & Hook.f.) Britton & Rose|FAMILY:Fabaceae|ORDER:Fabales Bromhead|CLASS:Magnoliopsida|PHYLUM:Tracheophyta|SUBKINGDOM:Pteridobiotina Britton & Brown|KINGDOM:Plantae|DOMAIN:Eukaryota (Chatton, 1925) Whittaker & Margulis, 1978","Plantae","Tracheophyta","Magnoliopsida","Fabales Bromhead","Fabaceae","Pityrocarpa (Benth. & Hook.f.) Britton & Rose"
"Pityrocarpa obliqua","","9DHVY","9DHVY","9CSXD","Pityrocarpa obliqua (Pers.) Brenan","Pityrocarpa obliqua","(Pers.) Brenan","accepted","Pityrocarpa obliqua (Pers.) Brenan","GENUS:Pityrocarpa (Benth. & Hook.f.) Britton & Rose|FAMILY:Fabaceae|ORDER:Fabales Bromhead|CLASS:Magnoliopsida|PHYLUM:Tracheophyta|SUBKINGDOM:Pteridobiotina Britton & Brown|KINGDOM:Plantae|DOMAIN:Eukaryota (Chatton, 1925) Whittaker & Margulis, 1978","Plantae","Tracheophyta","Magnoliopsida","Fabales Bromhead","Fabaceae","Pityrocarpa (Benth. & Hook.f.) Britton & Rose"
"Plathymenia reticulata","","4JNBB","4JNBB","9CLQ7","Plathymenia reticulata Benth.","Plathymenia reticulata","Benth.","accepted","Plathymenia reticulata Benth.","GENUS:Plathymenia Benth.|FAMILY:Fabaceae|ORDER:Fabales Bromhead|CLASS:Magnoliopsida|PHYLUM:Tracheophyta|SUBKINGDOM:Pteridobiotina Britton & Brown|KINGDOM:Plantae|DOMAIN:Eukaryota (Chatton, 1925) Whittaker & Margulis, 1978","Plantae","Tracheophyta","Magnoliopsida","Fabales Bromhead","Fabaceae","Plathymenia Benth."
"Prosopis affinis","","4MW5P","BTRRP","BTRRP","Prosopis affinis Spreng.","Prosopis affinis","Spreng.","synonym","Neltuma affinis (Spreng.) C.E.Hughes & G.P.Lewis","SPECIES:Neltuma affinis (Spreng.) C.E.Hughes & G.P.Lewis|GENUS:Neltuma Raf.|FAMILY:Fabaceae|ORDER:Fabales Bromhead|CLASS:Magnoliopsida|PHYLUM:Tracheophyta|SUBKINGDOM:Pteridobiotina Britton & Brown|KINGDOM:Plantae|DOMAIN:Eukaryota (Chatton, 1925) Whittaker & Margulis, 1978","Plantae","Tracheophyta","Magnoliopsida","Fabales Bromhead","Fabaceae","Neltuma Raf."
"Prosopis alba","","4MW5R","BTRRQ","BTRRQ","Prosopis alba Griseb.","Prosopis alba","Griseb.","synonym","Neltuma alba (Griseb.) C.E.Hughes & G.P.Lewis","SPECIES:Neltuma alba (Griseb.) C.E.Hughes & G.P.Lewis|GENUS:Neltuma Raf.|FAMILY:Fabaceae|ORDER:Fabales Bromhead|CLASS:Magnoliopsida|PHYLUM:Tracheophyta|SUBKINGDOM:Pteridobiotina Britton & Brown|KINGDOM:Plantae|DOMAIN:Eukaryota (Chatton, 1925) Whittaker & Margulis, 1978","Plantae","Tracheophyta","Magnoliopsida","Fabales Bromhead","Fabaceae","Neltuma Raf."
"Prosopis articulata","","4MW5V","465PW","465PW","Prosopis articulata S.Watson","Prosopis articulata","S.Watson","synonym","Neltuma articulata (S.Watson) Britton & Rose","SPECIES:Neltuma articulata (S.Watson) Britton & Rose|GENUS:Neltuma Raf.|FAMILY:Fabaceae|ORDER:Fabales Bromhead|CLASS:Magnoliopsida|PHYLUM:Tracheophyta|SUBKINGDOM:Pteridobiotina Britton & Brown|KINGDOM:Plantae|DOMAIN:Eukaryota (Chatton, 1925) Whittaker & Margulis, 1978","Plantae","Tracheophyta","Magnoliopsida","Fabales Bromhead","Fabaceae","Neltuma Raf."
"Prosopis caldenia","","4MW63","BTRRV","BTRRV","Prosopis caldenia Burkart","Prosopis caldenia","Burkart","synonym","Neltuma caldenia (Burkart) C.E.Hughes & G.P.Lewis","SPECIES:Neltuma caldenia (Burkart) C.E.Hughes & G.P.Lewis|GENUS:Neltuma Raf.|FAMILY:Fabaceae|ORDER:Fabales Bromhead|CLASS:Magnoliopsida|PHYLUM:Tracheophyta|SUBKINGDOM:Pteridobiotina Britton & Brown|KINGDOM:Plantae|DOMAIN:Eukaryota (Chatton, 1925) Whittaker & Margulis, 1978","Plantae","Tracheophyta","Magnoliopsida","Fabales Bromhead","Fabaceae","Neltuma Raf."
"Prosopis campestris","","4MW65","BTRRY","BTRRY","Prosopis campestris Griseb.","Prosopis campestris","Griseb.","synonym","Neltuma campestris (Griseb.) C.E.Hughes & G.P.Lewis","SPECIES:Neltuma campestris (Griseb.) C.E.Hughes & G.P.Lewis|GENUS:Neltuma Raf.|FAMILY:Fabaceae|ORDER:Fabales Bromhead|CLASS:Magnoliopsida|PHYLUM:Tracheophyta|SUBKINGDOM:Pteridobiotina Britton & Brown|KINGDOM:Plantae|DOMAIN:Eukaryota (Chatton, 1925) Whittaker & Margulis, 1978","Plantae","Tracheophyta","Magnoliopsida","Fabales Bromhead","Fabaceae","Neltuma Raf."
"Prosopis chilensis","","4MW69","BTRS2","BTRS2","Prosopis chilensis (Molina) Stuntz","Prosopis chilensis","(Molina) Stuntz","synonym","Neltuma chilensis (Molina) C.E.Hughes & G.P.Lewis","SPECIES:Neltuma chilensis (Molina) C.E.Hughes & G.P.Lewis|GENUS:Neltuma Raf.|FAMILY:Fabaceae|ORDER:Fabales Bromhead|CLASS:Magnoliopsida|PHYLUM:Tracheophyta|SUBKINGDOM:Pteridobiotina Britton & Brown|KINGDOM:Plantae|DOMAIN:Eukaryota (Chatton, 1925) Whittaker & Margulis, 1978","Plantae","Tracheophyta","Magnoliopsida","Fabales Bromhead","Fabaceae","Neltuma Raf."
"Prosopis farcta","","4MW6M","4MW6M","9CLSB","Prosopis farcta (Banks & Sol.) J.F.Macbr.","Prosopis farcta","(Banks & Sol.) J.F.Macbr.","accepted","Prosopis farcta (Banks & Sol.) J.F.Macbr.","GENUS:Prosopis L.|FAMILY:Fabaceae|ORDER:Fabales Bromhead|CLASS:Magnoliopsida|PHYLUM:Tracheophyta|SUBKINGDOM:Pteridobiotina Britton & Brown|KINGDOM:Plantae|DOMAIN:Eukaryota (Chatton, 1925) Whittaker & Margulis, 1978","Plantae","Tracheophyta","Magnoliopsida","Fabales Bromhead","Fabaceae","Prosopis L."
"Prosopis ferox","","4MW6N","BTSRQ","BTSRQ","Prosopis ferox Griseb.","Prosopis ferox","Griseb.","synonym","Strombocarpa ferox (Griseb.) C.E.Hughes & G.P.Lewis","SPECIES:Strombocarpa ferox (Griseb.) C.E.Hughes & G.P.Lewis|GENUS:Strombocarpa (Benth.) Engelm. & A.Gray|FAMILY:Fabaceae|ORDER:Fabales Bromhead|CLASS:Magnoliopsida|PHYLUM:Tracheophyta|SUBKINGDOM:Pteridobiotina Britton & Brown|KINGDOM:Plantae|DOMAIN:Eukaryota (Chatton, 1925) Whittaker & Margulis, 1978","Plantae","Tracheophyta","Magnoliopsida","Fabales Bromhead","Fabaceae","Strombocarpa (Benth.) Engelm. & A.Gray"
"Prosopis flexuosa","","4MW6R","BTRS6","BTRS6","Prosopis flexuosa DC.","Prosopis flexuosa","DC.","synonym","Neltuma flexuosa (DC.) C.E.Hughes & G.P.Lewis","SPECIES:Neltuma flexuosa (DC.) C.E.Hughes & G.P.Lewis|GENUS:Neltuma Raf.|FAMILY:Fabaceae|ORDER:Fabales Bromhead|CLASS:Magnoliopsida|PHYLUM:Tracheophyta|SUBKINGDOM:Pteridobiotina Britton & Brown|KINGDOM:Plantae|DOMAIN:Eukaryota (Chatton, 1925) Whittaker & Margulis, 1978","Plantae","Tracheophyta","Magnoliopsida","Fabales Bromhead","Fabaceae","Neltuma Raf."
"Prosopis glandulosa","","789K8","465Q2","465Q2","Prosopis glandulosa Torr.","Prosopis glandulosa","Torr.","synonym","Neltuma glandulosa (Torr.) Britton & Rose","SPECIES:Neltuma glandulosa (Torr.) Britton & Rose|GENUS:Neltuma Raf.|FAMILY:Fabaceae|ORDER:Fabales Bromhead|CLASS:Magnoliopsida|PHYLUM:Tracheophyta|SUBKINGDOM:Pteridobiotina Britton & Brown|KINGDOM:Plantae|DOMAIN:Eukaryota (Chatton, 1925) Whittaker & Margulis, 1978","Plantae","Tracheophyta","Magnoliopsida","Fabales Bromhead","Fabaceae","Neltuma Raf."
"Prosopis globosa","","CG95V","4MW3K","4MW3K","Prosopis globosa Gillies ex Hook. & Arn.","Prosopis globosa","Gillies ex Hook. & Arn.","synonym","Prosopidastrum globosum (Gillies ex Hook. & Arn.) Burkart","SPECIES:Prosopidastrum globosum (Gillies ex Hook. & Arn.) Burkart|GENUS:Prosopidastrum Burkart|FAMILY:Fabaceae|ORDER:Fabales Bromhead|CLASS:Magnoliopsida|PHYLUM:Tracheophyta|SUBKINGDOM:Pteridobiotina Britton & Brown|KINGDOM:Plantae|DOMAIN:Eukaryota (Chatton, 1925) Whittaker & Margulis, 1978","Plantae","Tracheophyta","Magnoliopsida","Fabales Bromhead","Fabaceae","Prosopidastrum Burkart"
"Prosopis juliflora","","4MW74","465Q3","465Q3","Prosopis juliflora (Sw.) DC.","Prosopis juliflora","(Sw.) DC.","synonym","Neltuma juliflora (Sw.) Raf.","SPECIES:Neltuma juliflora (Sw.) Raf.|GENUS:Neltuma Raf.|FAMILY:Fabaceae|ORDER:Fabales Bromhead|CLASS:Magnoliopsida|PHYLUM:Tracheophyta|SUBKINGDOM:Pteridobiotina Britton & Brown|KINGDOM:Plantae|DOMAIN:Eukaryota (Chatton, 1925) Whittaker & Margulis, 1978","Plantae","Tracheophyta","Magnoliopsida","Fabales Bromhead","Fabaceae","Neltuma Raf."
"Prosopis laevigata","","4MW77","465Q4","465Q4","Prosopis laevigata (Humb. & Bonpl. ex Willd.) M.C.Johnst.","Prosopis laevigata","(Humb. & Bonpl. ex Willd.) M.C.Johnst.","synonym","Neltuma laevigata (Humb. & Bonpl. ex Willd.) Britton & Rose","SPECIES:Neltuma laevigata (Humb. & Bonpl. ex Willd.) Britton & Rose|GENUS:Neltuma Raf.|FAMILY:Fabaceae|ORDER:Fabales Bromhead|CLASS:Magnoliopsida|PHYLUM:Tracheophyta|SUBKINGDOM:Pteridobiotina Britton & Brown|KINGDOM:Plantae|DOMAIN:Eukaryota (Chatton, 1925) Whittaker & Margulis, 1978","Plantae","Tracheophyta","Magnoliopsida","Fabales Bromhead","Fabaceae","Neltuma Raf."
"Prosopis nigra","","4MW7B","BTRSG","BTRSG","Prosopis nigra (Griseb.) Hieron.","Prosopis nigra","(Griseb.) Hieron.","synonym","Neltuma nigra (Griseb.) C.E.Hughes & G.P.Lewis","SPECIES:Neltuma nigra (Griseb.) C.E.Hughes & G.P.Lewis|GENUS:Neltuma Raf.|FAMILY:Fabaceae|ORDER:Fabales Bromhead|CLASS:Magnoliopsida|PHYLUM:Tracheophyta|SUBKINGDOM:Pteridobiotina Britton & Brown|KINGDOM:Plantae|DOMAIN:Eukaryota (Chatton, 1925) Whittaker & Margulis, 1978","Plantae","Tracheophyta","Magnoliopsida","Fabales Bromhead","Fabaceae","Neltuma Raf."
"Prosopis pallida","","4MW7C","BTRSK","BTRSK","Prosopis pallida (Humb. & Bonpl. ex Willd.) Kunth","Prosopis pallida","(Humb. & Bonpl. ex Willd.) Kunth","synonym","Neltuma pallida (Humb. & Bonpl. ex Willd.) C.E.Hughes & G.P.Lewis","SPECIES:Neltuma pallida (Humb. & Bonpl. ex Willd.) C.E.Hughes & G.P.Lewis|GENUS:Neltuma Raf.|FAMILY:Fabaceae|ORDER:Fabales Bromhead|CLASS:Magnoliopsida|PHYLUM:Tracheophyta|SUBKINGDOM:Pteridobiotina Britton & Brown|KINGDOM:Plantae|DOMAIN:Eukaryota (Chatton, 1925) Whittaker & Margulis, 1978","Plantae","Tracheophyta","Magnoliopsida","Fabales Bromhead","Fabaceae","Neltuma Raf."
"Prosopis palmeri","","4MW7D","BTSRR","BTSRR","Prosopis palmeri S.Watson","Prosopis palmeri","S.Watson","synonym","Strombocarpa palmeri (S.Watson) C.E.Hughes & G.P.Lewis","SPECIES:Strombocarpa palmeri (S.Watson) C.E.Hughes & G.P.Lewis|GENUS:Strombocarpa (Benth.) Engelm. & A.Gray|FAMILY:Fabaceae|ORDER:Fabales Bromhead|CLASS:Magnoliopsida|PHYLUM:Tracheophyta|SUBKINGDOM:Pteridobiotina Britton & Brown|KINGDOM:Plantae|DOMAIN:Eukaryota (Chatton, 1925) Whittaker & Margulis, 1978","Plantae","Tracheophyta","Magnoliopsida","Fabales Bromhead","Fabaceae","Strombocarpa (Benth.) Engelm. & A.Gray"
"Prosopis pubescens","","4MW7H","9DN5P","9DN5P","Prosopis pubescens Benth.","Prosopis pubescens","Benth.","synonym","Strombocarpa pubescens (Benth.) A.Gray","SPECIES:Strombocarpa pubescens (Benth.) A.Gray|GENUS:Strombocarpa (Benth.) Engelm. & A.Gray|FAMILY:Fabaceae|ORDER:Fabales Bromhead|CLASS:Magnoliopsida|PHYLUM:Tracheophyta|SUBKINGDOM:Pteridobiotina Britton & Brown|KINGDOM:Plantae|DOMAIN:Eukaryota (Chatton, 1925) Whittaker & Margulis, 1978","Plantae","Tracheophyta","Magnoliopsida","Fabales Bromhead","Fabaceae","Strombocarpa (Benth.) Engelm. & A.Gray"
"Prosopis reptans","","4MW7K","5343H","5343H","Prosopis reptans Benth.","Prosopis reptans","Benth.","synonym","Strombocarpa reptans (Benth.) A.Gray","SPECIES:Strombocarpa reptans (Benth.) A.Gray|GENUS:Strombocarpa (Benth.) Engelm. & A.Gray|FAMILY:Fabaceae|ORDER:Fabales Bromhead|CLASS:Magnoliopsida|PHYLUM:Tracheophyta|SUBKINGDOM:Pteridobiotina Britton & Brown|KINGDOM:Plantae|DOMAIN:Eukaryota (Chatton, 1925) Whittaker & Margulis, 1978","Plantae","Tracheophyta","Magnoliopsida","Fabales Bromhead","Fabaceae","Strombocarpa (Benth.) Engelm. & A.Gray"
"Prosopis ruscifolia","","4MW7P","BTRST","BTRST","Prosopis ruscifolia Griseb.","Prosopis ruscifolia","Griseb.","synonym","Neltuma ruscifolia (Griseb.) C.E.Hughes & G.P.Lewis","SPECIES:Neltuma ruscifolia (Griseb.) C.E.Hughes & G.P.Lewis|GENUS:Neltuma Raf.|FAMILY:Fabaceae|ORDER:Fabales Bromhead|CLASS:Magnoliopsida|PHYLUM:Tracheophyta|SUBKINGDOM:Pteridobiotina Britton & Brown|KINGDOM:Plantae|DOMAIN:Eukaryota (Chatton, 1925) Whittaker & Margulis, 1978","Plantae","Tracheophyta","Magnoliopsida","Fabales Bromhead","Fabaceae","Neltuma Raf."
"Prosopis tamarugo","","4MW82","BTSRS","BTSRS","Prosopis tamarugo Phil.","Prosopis tamarugo","Phil.","synonym","Strombocarpa tamarugo (Phil.) C.E.Hughes & G.P.Lewis","SPECIES:Strombocarpa tamarugo (Phil.) C.E.Hughes & G.P.Lewis|GENUS:Strombocarpa (Benth.) Engelm. & A.Gray|FAMILY:Fabaceae|ORDER:Fabales Bromhead|CLASS:Magnoliopsida|PHYLUM:Tracheophyta|SUBKINGDOM:Pteridobiotina Britton & Brown|KINGDOM:Plantae|DOMAIN:Eukaryota (Chatton, 1925) Whittaker & Margulis, 1978","Plantae","Tracheophyta","Magnoliopsida","Fabales Bromhead","Fabaceae","Strombocarpa (Benth.) Engelm. & A.Gray"
"Prosopis tamaulipana","","4MW83","6S7B2","6S7B2","Prosopis tamaulipana Burkart","Prosopis tamaulipana","Burkart","synonym","Neltuma palmeri Britton & Rose","SPECIES:Neltuma palmeri Britton & Rose|GENUS:Neltuma Raf.|FAMILY:Fabaceae|ORDER:Fabales Bromhead|CLASS:Magnoliopsida|PHYLUM:Tracheophyta|SUBKINGDOM:Pteridobiotina Britton & Brown|KINGDOM:Plantae|DOMAIN:Eukaryota (Chatton, 1925) Whittaker & Margulis, 1978","Plantae","Tracheophyta","Magnoliopsida","Fabales Bromhead","Fabaceae","Neltuma Raf."
"Prosopis torquata","","4MW84","BTFX7","BTFX7","Prosopis torquata (Lag.) DC.","Prosopis torquata","(Lag.) DC.","synonym","Strombocarpa torquata (Lag.) Hutch. ex C.E.Hughes & G.P.Lewis","SPECIES:Strombocarpa torquata (Lag.) Hutch. ex C.E.Hughes & G.P.Lewis|GENUS:Strombocarpa (Benth.) Engelm. & A.Gray|FAMILY:Fabaceae|ORDER:Fabales Bromhead|CLASS:Magnoliopsida|PHYLUM:Tracheophyta|SUBKINGDOM:Pteridobiotina Britton & Brown|KINGDOM:Plantae|DOMAIN:Eukaryota (Chatton, 1925) Whittaker & Margulis, 1978","Plantae","Tracheophyta","Magnoliopsida","Fabales Bromhead","Fabaceae","Strombocarpa (Benth.) Engelm. & A.Gray"
"Pseudopiptadenia psilostachya","","4P7SV","BTRJ6","BTRJ6","Pseudopiptadenia psilostachya (DC.) G.P.Lewis & M.P.Lima","Pseudopiptadenia psilostachya","(DC.) G.P.Lewis & M.P.Lima","synonym","Marlimorimia psilostachya (DC.) L.P.Queiroz & Marc.F.Simon","SPECIES:Marlimorimia psilostachya (DC.) L.P.Queiroz & Marc.F.Simon|GENUS:Marlimorimia L.P.Queiroz, L.M.Borges, Marc.F.Simon & P.G.Ribeiro|FAMILY:Fabaceae|ORDER:Fabales Bromhead|CLASS:Magnoliopsida|PHYLUM:Tracheophyta|SUBKINGDOM:Pteridobiotina Britton & Brown|KINGDOM:Plantae|DOMAIN:Eukaryota (Chatton, 1925) Whittaker & Margulis, 1978","Plantae","Tracheophyta","Magnoliopsida","Fabales Bromhead","Fabaceae","Marlimorimia L.P.Queiroz, L.M.Borges, Marc.F.Simon & P.G.Ribeiro"
"Pseudopiptadenia schumanniana","","4P7SW","BTS84","BTS84","Pseudopiptadenia schumanniana (Taub.) G.P.Lewis & M.P.Lima","Pseudopiptadenia schumanniana","(Taub.) G.P.Lewis & M.P.Lima","synonym","Pityrocarpa schumanniana (Taub.) L.P.Queiroz & L.M.Borges","SPECIES:Pityrocarpa schumanniana (Taub.) L.P.Queiroz & L.M.Borges|GENUS:Pityrocarpa (Benth. & Hook.f.) Britton & Rose|FAMILY:Fabaceae|ORDER:Fabales Bromhead|CLASS:Magnoliopsida|PHYLUM:Tracheophyta|SUBKINGDOM:Pteridobiotina Britton & Brown|KINGDOM:Plantae|DOMAIN:Eukaryota (Chatton, 1925) Whittaker & Margulis, 1978","Plantae","Tracheophyta","Magnoliopsida","Fabales Bromhead","Fabaceae","Pityrocarpa (Benth. & Hook.f.) Britton & Rose"
"Samanea dinklagei","","79GBW","BTRX9","BTRX9","Samanea dinklagei (Harms) Keay","Samanea dinklagei","(Harms) Keay","synonym","Osodendron dinklagei (Harms) E.J.M.Koenen","SPECIES:Osodendron dinklagei (Harms) E.J.M.Koenen|GENUS:Osodendron E.J.M.Koenen|FAMILY:Fabaceae|ORDER:Fabales Bromhead|CLASS:Magnoliopsida|PHYLUM:Tracheophyta|SUBKINGDOM:Pteridobiotina Britton & Brown|KINGDOM:Plantae|DOMAIN:Eukaryota (Chatton, 1925) Whittaker & Margulis, 1978","Plantae","Tracheophyta","Magnoliopsida","Fabales Bromhead","Fabaceae","Osodendron E.J.M.Koenen"
"Senegalia amazonica","","BT8Z5","BT8Z5","BZLWG","Senegalia amazonica (Benth.) Seigler & Ebinger","Senegalia amazonica","(Benth.) Seigler & Ebinger","accepted","Senegalia amazonica (Benth.) Seigler & Ebinger","SECTION BOTANY:Monacanthea sect. Monacanthea pro parte|GENUS:Senegalia|FAMILY:Fabaceae|ORDER:Fabales Bromhead|CLASS:Magnoliopsida|PHYLUM:Tracheophyta|SUBKINGDOM:Pteridobiotina Britton & Brown|KINGDOM:Plantae|DOMAIN:Eukaryota (Chatton, 1925) Whittaker & Margulis, 1978","Plantae","Tracheophyta","Magnoliopsida","Fabales Bromhead","Fabaceae","Senegalia"
"Senegalia bahiensis","","9KS3J","9KS3J","BZLWG","Senegalia bahiensis (Benth.) Seigler & Ebinger","Senegalia bahiensis","(Benth.) Seigler & Ebinger","accepted","Senegalia bahiensis (Benth.) Seigler & Ebinger","SECTION BOTANY:Monacanthea sect. Monacanthea pro parte|GENUS:Senegalia|FAMILY:Fabaceae|ORDER:Fabales Bromhead|CLASS:Magnoliopsida|PHYLUM:Tracheophyta|SUBKINGDOM:Pteridobiotina Britton & Brown|KINGDOM:Plantae|DOMAIN:Eukaryota (Chatton, 1925) Whittaker & Margulis, 1978","Plantae","Tracheophyta","Magnoliopsida","Fabales Bromhead","Fabaceae","Senegalia"
"Senegalia etilis","","BT8ZY","BT8ZY","BZLWG","Senegalia etilis (Speg.) Seigler & Ebinger","Senegalia etilis","(Speg.) Seigler & Ebinger","accepted","Senegalia etilis (Speg.) Seigler & Ebinger","SECTION BOTANY:Monacanthea sect. Monacanthea pro parte|GENUS:Senegalia|FAMILY:Fabaceae|ORDER:Fabales Bromhead|CLASS:Magnoliopsida|PHYLUM:Tracheophyta|SUBKINGDOM:Pteridobiotina Britton & Brown|KINGDOM:Plantae|DOMAIN:Eukaryota (Chatton, 1925) Whittaker & Margulis, 1978","Plantae","Tracheophyta","Magnoliopsida","Fabales Bromhead","Fabaceae","Senegalia"
"Senegalia feddeana","","BTFQD","BT7X6","BT7X6","Senegalia feddeana (Harms) Seigler & Ebinger","Senegalia feddeana","(Harms) Seigler & Ebinger","synonym","Pseudosenegalia feddeana (Harms) Seigler & Ebinger","SPECIES:Pseudosenegalia feddeana (Harms) Seigler & Ebinger|GENUS:Pseudosenegalia|FAMILY:Fabaceae|ORDER:Fabales Bromhead|CLASS:Magnoliopsida|PHYLUM:Tracheophyta|SUBKINGDOM:Pteridobiotina Britton & Brown|KINGDOM:Plantae|DOMAIN:Eukaryota (Chatton, 1925) Whittaker & Margulis, 1978","Plantae","Tracheophyta","Magnoliopsida","Fabales Bromhead","Fabaceae","Pseudosenegalia"
"Senegalia gilliesii","","BT925","BT925","BZLWG","Senegalia gilliesii (Steud.) Seigler & Ebinger","Senegalia gilliesii","(Steud.) Seigler & Ebinger","accepted","Senegalia gilliesii (Steud.) Seigler & Ebinger","SECTION BOTANY:Monacanthea sect. Monacanthea pro parte|GENUS:Senegalia|FAMILY:Fabaceae|ORDER:Fabales Bromhead|CLASS:Magnoliopsida|PHYLUM:Tracheophyta|SUBKINGDOM:Pteridobiotina Britton & Brown|KINGDOM:Plantae|DOMAIN:Eukaryota (Chatton, 1925) Whittaker & Margulis, 1978","Plantae","Tracheophyta","Magnoliopsida","Fabales Bromhead","Fabaceae","Senegalia"
"Senegalia miersii","","BTDXX","BTDKJ","BTDKJ","Senegalia miersii (Benth.) Seigler & Ebinger","Senegalia miersii","(Benth.) Seigler & Ebinger","synonym","Parasenegalia miersii (Benth.) Seigler & Ebinger","SPECIES:Parasenegalia miersii (Benth.) Seigler & Ebinger|GENUS:Parasenegalia|FAMILY:Fabaceae|ORDER:Fabales Bromhead|CLASS:Magnoliopsida|PHYLUM:Tracheophyta|SUBKINGDOM:Pteridobiotina Britton & Brown|KINGDOM:Plantae|DOMAIN:Eukaryota (Chatton, 1925) Whittaker & Margulis, 1978","Plantae","Tracheophyta","Magnoliopsida","Fabales Bromhead","Fabaceae","Parasenegalia"
"Senegalia parviceps","","BSKTB","BSKTB","BZLWG","Senegalia parviceps (Speg.) Seigler & Ebinger","Senegalia parviceps","(Speg.) Seigler & Ebinger","accepted","Senegalia parviceps (Speg.) Seigler & Ebinger","SECTION BOTANY:Monacanthea sect. Monacanthea pro parte|GENUS:Senegalia|FAMILY:Fabaceae|ORDER:Fabales Bromhead|CLASS:Magnoliopsida|PHYLUM:Tracheophyta|SUBKINGDOM:Pteridobiotina Britton & Brown|KINGDOM:Plantae|DOMAIN:Eukaryota (Chatton, 1925) Whittaker & Margulis, 1978","Plantae","Tracheophyta","Magnoliopsida","Fabales Bromhead","Fabaceae","Senegalia"
"Senegalia polyphylla","","BT93S","BT93S","BZLWG","Senegalia polyphylla (DC.) Britton & Rose","Senegalia polyphylla","(DC.) Britton & Rose","accepted","Senegalia polyphylla (DC.) Britton & Rose","SECTION BOTANY:Monacanthea sect. Monacanthea pro parte|GENUS:Senegalia|FAMILY:Fabaceae|ORDER:Fabales Bromhead|CLASS:Magnoliopsida|PHYLUM:Tracheophyta|SUBKINGDOM:Pteridobiotina Britton & Brown|KINGDOM:Plantae|DOMAIN:Eukaryota (Chatton, 1925) Whittaker & Margulis, 1978","Plantae","Tracheophyta","Magnoliopsida","Fabales Bromhead","Fabaceae","Senegalia"
"Senegalia skleroxyla","","BTFRK","BSHZD","BSHZD","Senegalia skleroxyla (Tussac) Seigler & Ebinger","Senegalia skleroxyla","(Tussac) Seigler & Ebinger","synonym","Parasenegalia skleroxyla (Tussac) Seigler & Ebinger","SPECIES:Parasenegalia skleroxyla (Tussac) Seigler & Ebinger|GENUS:Parasenegalia|FAMILY:Fabaceae|ORDER:Fabales Bromhead|CLASS:Magnoliopsida|PHYLUM:Tracheophyta|SUBKINGDOM:Pteridobiotina Britton & Brown|KINGDOM:Plantae|DOMAIN:Eukaryota (Chatton, 1925) Whittaker & Margulis, 1978","Plantae","Tracheophyta","Magnoliopsida","Fabales Bromhead","Fabaceae","Parasenegalia"
"Senegalia velutina","","9KS3Y","9KS3Y","BZLWG","Senegalia velutina (DC.) Seigler & Ebinger","Senegalia velutina","(DC.) Seigler & Ebinger","accepted","Senegalia velutina (DC.) Seigler & Ebinger","SECTION BOTANY:Monacanthea sect. Monacanthea pro parte|GENUS:Senegalia|FAMILY:Fabaceae|ORDER:Fabales Bromhead|CLASS:Magnoliopsida|PHYLUM:Tracheophyta|SUBKINGDOM:Pteridobiotina Britton & Brown|KINGDOM:Plantae|DOMAIN:Eukaryota (Chatton, 1925) Whittaker & Margulis, 1978","Plantae","Tracheophyta","Magnoliopsida","Fabales Bromhead","Fabaceae","Senegalia"
"Senegalia visco","","BTFRS","BT676","BT676","Senegalia visco (Lorentz ex Griseb.) Seigler & Ebinger","Senegalia visco","(Lorentz ex Griseb.) Seigler & Ebinger","synonym","Parasenegalia visco (Lorentz ex Griseb.) Seigler & Ebinger","SPECIES:Parasenegalia visco (Lorentz ex Griseb.) Seigler & Ebinger|GENUS:Parasenegalia|FAMILY:Fabaceae|ORDER:Fabales Bromhead|CLASS:Magnoliopsida|PHYLUM:Tracheophyta|SUBKINGDOM:Pteridobiotina Britton & Brown|KINGDOM:Plantae|DOMAIN:Eukaryota (Chatton, 1925) Whittaker & Margulis, 1978","Plantae","Tracheophyta","Magnoliopsida","Fabales Bromhead","Fabaceae","Parasenegalia"
"Serianthes nelsonii","","6YHH9","6YHH9","9CM2M","Serianthes nelsonii Merr.","Serianthes nelsonii","Merr.","accepted","Serianthes nelsonii Merr.","GENUS:Serianthes Benth.|FAMILY:Fabaceae|ORDER:Fabales Bromhead|CLASS:Magnoliopsida|PHYLUM:Tracheophyta|SUBKINGDOM:Pteridobiotina Britton & Brown|KINGDOM:Plantae|DOMAIN:Eukaryota (Chatton, 1925) Whittaker & Margulis, 1978","Plantae","Tracheophyta","Magnoliopsida","Fabales Bromhead","Fabaceae","Serianthes Benth."
"Stryphnodendron adstringens","","537LL","537LL","9CM58","Stryphnodendron adstringens (Mart.) Coville","Stryphnodendron adstringens","(Mart.) Coville","accepted","Stryphnodendron adstringens (Mart.) Coville","GENUS:Stryphnodendron Mart.|FAMILY:Fabaceae|ORDER:Fabales Bromhead|CLASS:Magnoliopsida|PHYLUM:Tracheophyta|SUBKINGDOM:Pteridobiotina Britton & Brown|KINGDOM:Plantae|DOMAIN:Eukaryota (Chatton, 1925) Whittaker & Margulis, 1978","Plantae","Tracheophyta","Magnoliopsida","Fabales Bromhead","Fabaceae","Stryphnodendron Mart."
"Stryphnodendron guianense","","537M5","537M5","9CM58","Stryphnodendron guianense (Aubl.) Benth.","Stryphnodendron guianense","(Aubl.) Benth.","accepted","Stryphnodendron guianense (Aubl.) Benth.","GENUS:Stryphnodendron Mart.|FAMILY:Fabaceae|ORDER:Fabales Bromhead|CLASS:Magnoliopsida|PHYLUM:Tracheophyta|SUBKINGDOM:Pteridobiotina Britton & Brown|KINGDOM:Plantae|DOMAIN:Eukaryota (Chatton, 1925) Whittaker & Margulis, 1978","Plantae","Tracheophyta","Magnoliopsida","Fabales Bromhead","Fabaceae","Stryphnodendron Mart."
"Stryphnodendron microstachyum","","537M9","537M9","9CM58","Stryphnodendron microstachyum Poepp.","Stryphnodendron microstachyum","Poepp.","accepted","Stryphnodendron microstachyum Poepp.","GENUS:Stryphnodendron Mart.|FAMILY:Fabaceae|ORDER:Fabales Bromhead|CLASS:Magnoliopsida|PHYLUM:Tracheophyta|SUBKINGDOM:Pteridobiotina Britton & Brown|KINGDOM:Plantae|DOMAIN:Eukaryota (Chatton, 1925) Whittaker & Margulis, 1978","Plantae","Tracheophyta","Magnoliopsida","Fabales Bromhead","Fabaceae","Stryphnodendron Mart."
"Stryphnodendron polyphyllum","","537MF","537MF","9CM58","Stryphnodendron polyphyllum Mart.","Stryphnodendron polyphyllum","Mart.","accepted","Stryphnodendron polyphyllum Mart.","GENUS:Stryphnodendron Mart.|FAMILY:Fabaceae|ORDER:Fabales Bromhead|CLASS:Magnoliopsida|PHYLUM:Tracheophyta|SUBKINGDOM:Pteridobiotina Britton & Brown|KINGDOM:Plantae|DOMAIN:Eukaryota (Chatton, 1925) Whittaker & Margulis, 1978","Plantae","Tracheophyta","Magnoliopsida","Fabales Bromhead","Fabaceae","Stryphnodendron Mart."
"Stryphnodendron pulcherrimum","","537MJ","537MJ","9CM58","Stryphnodendron pulcherrimum (Willd.) Hochr.","Stryphnodendron pulcherrimum","(Willd.) Hochr.","accepted","Stryphnodendron pulcherrimum (Willd.) Hochr.","GENUS:Stryphnodendron Mart.|FAMILY:Fabaceae|ORDER:Fabales Bromhead|CLASS:Magnoliopsida|PHYLUM:Tracheophyta|SUBKINGDOM:Pteridobiotina Britton & Brown|KINGDOM:Plantae|DOMAIN:Eukaryota (Chatton, 1925) Whittaker & Margulis, 1978","Plantae","Tracheophyta","Magnoliopsida","Fabales Bromhead","Fabaceae","Stryphnodendron Mart."
"Tetrapleura chevalieri","","55RK5","55RK5","9CJXB","Tetrapleura chevalieri (Harms) Baker f.","Tetrapleura chevalieri","(Harms) Baker f.","accepted","Tetrapleura chevalieri (Harms) Baker f.","GENUS:Tetrapleura Benth.|FAMILY:Fabaceae|ORDER:Fabales Bromhead|CLASS:Magnoliopsida|PHYLUM:Tracheophyta|SUBKINGDOM:Pteridobiotina Britton & Brown|KINGDOM:Plantae|DOMAIN:Eukaryota (Chatton, 1925) Whittaker & Margulis, 1978","Plantae","Tracheophyta","Magnoliopsida","Fabales Bromhead","Fabaceae","Tetrapleura Benth."
"Tetrapleura tetraptera","","55RK9","55RK9","9CJXB","Tetrapleura tetraptera (Schumach. & Thonn.) Taub.","Tetrapleura tetraptera","(Schumach. & Thonn.) Taub.","accepted","Tetrapleura tetraptera (Schumach. & Thonn.) Taub.","GENUS:Tetrapleura Benth.|FAMILY:Fabaceae|ORDER:Fabales Bromhead|CLASS:Magnoliopsida|PHYLUM:Tracheophyta|SUBKINGDOM:Pteridobiotina Britton & Brown|KINGDOM:Plantae|DOMAIN:Eukaryota (Chatton, 1925) Whittaker & Margulis, 1978","Plantae","Tracheophyta","Magnoliopsida","Fabales Bromhead","Fabaceae","Tetrapleura Benth."
"Vachellia campechiana","","","","","","","","","","","","","","","",""
"Vachellia collinsii","","BSKWB","BSKWB","C8W75","Vachellia collinsii (Saff.) Seigler & Ebinger","Vachellia collinsii","(Saff.) Seigler & Ebinger","accepted","Vachellia collinsii (Saff.) Seigler & Ebinger","GENUS:Vachellia|FAMILY:Fabaceae|ORDER:Fabales Bromhead|CLASS:Magnoliopsida|PHYLUM:Tracheophyta|SUBKINGDOM:Pteridobiotina Britton & Brown|KINGDOM:Plantae|DOMAIN:Eukaryota (Chatton, 1925) Whittaker & Margulis, 1978","Plantae","Tracheophyta","Magnoliopsida","Fabales Bromhead","Fabaceae","Vachellia"
"Vachellia ruddiae","","BTCFN","BTCFN","C8W75","Vachellia ruddiae (D.H.Janzen) Seigler & Ebinger","Vachellia ruddiae","(D.H.Janzen) Seigler & Ebinger","accepted","Vachellia ruddiae (D.H.Janzen) Seigler & Ebinger","GENUS:Vachellia|FAMILY:Fabaceae|ORDER:Fabales Bromhead|CLASS:Magnoliopsida|PHYLUM:Tracheophyta|SUBKINGDOM:Pteridobiotina Britton & Brown|KINGDOM:Plantae|DOMAIN:Eukaryota (Chatton, 1925) Whittaker & Margulis, 1978","Plantae","Tracheophyta","Magnoliopsida","Fabales Bromhead","Fabaceae","Vachellia"
"Wallaceodendron celebicum","","7G6Q5","7G6Q5","9CMFM","Wallaceodendron celebicum Koord.","Wallaceodendron celebicum","Koord.","accepted","Wallaceodendron celebicum Koord.","GENUS:Wallaceodendron Koord.|FAMILY:Fabaceae|ORDER:Fabales Bromhead|CLASS:Magnoliopsida|PHYLUM:Tracheophyta|SUBKINGDOM:Pteridobiotina Britton & Brown|KINGDOM:Plantae|DOMAIN:Eukaryota (Chatton, 1925) Whittaker & Margulis, 1978","Plantae","Tracheophyta","Magnoliopsida","Fabales Bromhead","Fabaceae","Wallaceodendron Koord."
"Xerocladia viridiramis","","5CCL7","5CCL7","9CMGZ","Xerocladia viridiramis (Burch.) Taub.","Xerocladia viridiramis","(Burch.) Taub.","accepted","Xerocladia viridiramis (Burch.) Taub.","GENUS:Xerocladia Harv.|FAMILY:Fabaceae|ORDER:Fabales Bromhead|CLASS:Magnoliopsida|PHYLUM:Tracheophyta|SUBKINGDOM:Pteridobiotina Britton & Brown|KINGDOM:Plantae|DOMAIN:Eukaryota (Chatton, 1925) Whittaker & Margulis, 1978","Plantae","Tracheophyta","Magnoliopsida","Fabales Bromhead","Fabaceae","Xerocladia Harv."
"Xylia fraterna","","5CK7S","5CK7S","9CMH5","Xylia fraterna (Vatke) Drake","Xylia fraterna","(Vatke) Drake","accepted","Xylia fraterna (Vatke) Drake","GENUS:Xylia Benth.|FAMILY:Fabaceae|ORDER:Fabales Bromhead|CLASS:Magnoliopsida|PHYLUM:Tracheophyta|SUBKINGDOM:Pteridobiotina Britton & Brown|KINGDOM:Plantae|DOMAIN:Eukaryota (Chatton, 1925) Whittaker & Margulis, 1978","Plantae","Tracheophyta","Magnoliopsida","Fabales Bromhead","Fabaceae","Xylia Benth."
"Xylia hoffmannii","","5CK7V","5CK7V","9CMH5","Xylia hoffmannii (Vatke) Drake","Xylia hoffmannii","(Vatke) Drake","accepted","Xylia hoffmannii (Vatke) Drake","GENUS:Xylia Benth.|FAMILY:Fabaceae|ORDER:Fabales Bromhead|CLASS:Magnoliopsida|PHYLUM:Tracheophyta|SUBKINGDOM:Pteridobiotina Britton & Brown|KINGDOM:Plantae|DOMAIN:Eukaryota (Chatton, 1925) Whittaker & Margulis, 1978","Plantae","Tracheophyta","Magnoliopsida","Fabales Bromhead","Fabaceae","Xylia Benth."
"Xylia xylocarpa","","9DQZK","9DQZK","9CMH5","Xylia xylocarpa (Roxb.) W.Theob.","Xylia xylocarpa","(Roxb.) W.Theob.","accepted","Xylia xylocarpa (Roxb.) W.Theob.","GENUS:Xylia Benth.|FAMILY:Fabaceae|ORDER:Fabales Bromhead|CLASS:Magnoliopsida|PHYLUM:Tracheophyta|SUBKINGDOM:Pteridobiotina Britton & Brown|KINGDOM:Plantae|DOMAIN:Eukaryota (Chatton, 1925) Whittaker & Margulis, 1978","Plantae","Tracheophyta","Magnoliopsida","Fabales Bromhead","Fabaceae","Xylia Benth."
"Zapoteca alinae","","5CX2C","5CX2C","9CMHB","Zapoteca alinae H.M.Hern.","Zapoteca alinae","H.M.Hern.","accepted","Zapoteca alinae H.M.Hern.","GENUS:Zapoteca H.M.Hern.|FAMILY:Fabaceae|ORDER:Fabales Bromhead|CLASS:Magnoliopsida|PHYLUM:Tracheophyta|SUBKINGDOM:Pteridobiotina Britton & Brown|KINGDOM:Plantae|DOMAIN:Eukaryota (Chatton, 1925) Whittaker & Margulis, 1978","Plantae","Tracheophyta","Magnoliopsida","Fabales Bromhead","Fabaceae","Zapoteca H.M.Hern."
"Zapoteca lambertiana","","5CX2K","5CX2K","9CMHB","Zapoteca lambertiana (G.Don) H.M.Hern.","Zapoteca lambertiana","(G.Don) H.M.Hern.","accepted","Zapoteca lambertiana (G.Don) H.M.Hern.","GENUS:Zapoteca H.M.Hern.|FAMILY:Fabaceae|ORDER:Fabales Bromhead|CLASS:Magnoliopsida|PHYLUM:Tracheophyta|SUBKINGDOM:Pteridobiotina Britton & Brown|KINGDOM:Plantae|DOMAIN:Eukaryota (Chatton, 1925) Whittaker & Margulis, 1978","Plantae","Tracheophyta","Magnoliopsida","Fabales Bromhead","Fabaceae","Zapoteca H.M.Hern."
"Zapoteca media","","5CX2L","5CX2L","9CMHB","Zapoteca media (M.Martens & Galeotti) H.M.Hern.","Zapoteca media","(M.Martens & Galeotti) H.M.Hern.","accepted","Zapoteca media (M.Martens & Galeotti) H.M.Hern.","GENUS:Zapoteca H.M.Hern.|FAMILY:Fabaceae|ORDER:Fabales Bromhead|CLASS:Magnoliopsida|PHYLUM:Tracheophyta|SUBKINGDOM:Pteridobiotina Britton & Brown|KINGDOM:Plantae|DOMAIN:Eukaryota (Chatton, 1925) Whittaker & Margulis, 1978","Plantae","Tracheophyta","Magnoliopsida","Fabales Bromhead","Fabaceae","Zapoteca H.M.Hern."
"Zapoteca portoricensis","","5CX2Q","5CX2Q","9CMHB","Zapoteca portoricensis (Jacq.) H.M.Hern.","Zapoteca portoricensis","(Jacq.) H.M.Hern.","accepted","Zapoteca portoricensis (Jacq.) H.M.Hern.","GENUS:Zapoteca H.M.Hern.|FAMILY:Fabaceae|ORDER:Fabales Bromhead|CLASS:Magnoliopsida|PHYLUM:Tracheophyta|SUBKINGDOM:Pteridobiotina Britton & Brown|KINGDOM:Plantae|DOMAIN:Eukaryota (Chatton, 1925) Whittaker & Margulis, 1978","Plantae","Tracheophyta","Magnoliopsida","Fabales Bromhead","Fabaceae","Zapoteca H.M.Hern."
"Zapoteca ravenii","","5CX2R","5CX2R","9CMHB","Zapoteca ravenii H.M.Hern.","Zapoteca ravenii","H.M.Hern.","accepted","Zapoteca ravenii H.M.Hern.","GENUS:Zapoteca H.M.Hern.|FAMILY:Fabaceae|ORDER:Fabales Bromhead|CLASS:Magnoliopsida|PHYLUM:Tracheophyta|SUBKINGDOM:Pteridobiotina Britton & Brown|KINGDOM:Plantae|DOMAIN:Eukaryota (Chatton, 1925) Whittaker & Margulis, 1978","Plantae","Tracheophyta","Magnoliopsida","Fabales Bromhead","Fabaceae","Zapoteca H.M.Hern."
"Zapoteca tetragona","","7GD8J","7GD8J","9CMHB","Zapoteca tetragona (Willd.) H.M.Hern.","Zapoteca tetragona","(Willd.) H.M.Hern.","accepted","Zapoteca tetragona (Willd.) H.M.Hern.","GENUS:Zapoteca H.M.Hern.|FAMILY:Fabaceae|ORDER:Fabales Bromhead|CLASS:Magnoliopsida|PHYLUM:Tracheophyta|SUBKINGDOM:Pteridobiotina Britton & Brown|KINGDOM:Plantae|DOMAIN:Eukaryota (Chatton, 1925) Whittaker & Margulis, 1978","Plantae","Tracheophyta","Magnoliopsida","Fabales Bromhead","Fabaceae","Zapoteca H.M.Hern."
"Zygia brenesii","","7GFTP","7GFTP","9CMHZ","Zygia brenesii (Standl.) L.Rico","Zygia brenesii","(Standl.) L.Rico","accepted","Zygia brenesii (Standl.) L.Rico","GENUS:Zygia P.Browne|FAMILY:Fabaceae|ORDER:Fabales Bromhead|CLASS:Magnoliopsida|PHYLUM:Tracheophyta|SUBKINGDOM:Pteridobiotina Britton & Brown|KINGDOM:Plantae|DOMAIN:Eukaryota (Chatton, 1925) Whittaker & Margulis, 1978","Plantae","Tracheophyta","Magnoliopsida","Fabales Bromhead","Fabaceae","Zygia P.Browne"
"Zygia claviflora","","9DR4X","9DR4X","9CMHZ","Zygia claviflora (Spruce ex Benth.) Barneby & J.W.Grimes","Zygia claviflora","(Spruce ex Benth.) Barneby & J.W.Grimes","accepted","Zygia claviflora (Spruce ex Benth.) Barneby & J.W.Grimes","GENUS:Zygia P.Browne|FAMILY:Fabaceae|ORDER:Fabales Bromhead|CLASS:Magnoliopsida|PHYLUM:Tracheophyta|SUBKINGDOM:Pteridobiotina Britton & Brown|KINGDOM:Plantae|DOMAIN:Eukaryota (Chatton, 1925) Whittaker & Margulis, 1978","Plantae","Tracheophyta","Magnoliopsida","Fabales Bromhead","Fabaceae","Zygia P.Browne"
"Zygia coccinea","","7GFTR","7GFTR","9CMHZ","Zygia coccinea (G.Don) L.Rico","Zygia coccinea","(G.Don) L.Rico","accepted","Zygia coccinea (G.Don) L.Rico","GENUS:Zygia P.Browne|FAMILY:Fabaceae|ORDER:Fabales Bromhead|CLASS:Magnoliopsida|PHYLUM:Tracheophyta|SUBKINGDOM:Pteridobiotina Britton & Brown|KINGDOM:Plantae|DOMAIN:Eukaryota (Chatton, 1925) Whittaker & Margulis, 1978","Plantae","Tracheophyta","Magnoliopsida","Fabales Bromhead","Fabaceae","Zygia P.Browne"
"Zygia cognata","","7GG63","7GG63","9CMHZ","Zygia cognata (Schltdl.) Britton & Rose","Zygia cognata","(Schltdl.) Britton & Rose","accepted","Zygia cognata (Schltdl.) Britton & Rose","GENUS:Zygia P.Browne|FAMILY:Fabaceae|ORDER:Fabales Bromhead|CLASS:Magnoliopsida|PHYLUM:Tracheophyta|SUBKINGDOM:Pteridobiotina Britton & Brown|KINGDOM:Plantae|DOMAIN:Eukaryota (Chatton, 1925) Whittaker & Margulis, 1978","Plantae","Tracheophyta","Magnoliopsida","Fabales Bromhead","Fabaceae","Zygia P.Browne"
"Zygia confusa","","7GFTS","7GFTS","9CMHZ","Zygia confusa L.Rico","Zygia confusa","L.Rico","accepted","Zygia confusa L.Rico","GENUS:Zygia P.Browne|FAMILY:Fabaceae|ORDER:Fabales Bromhead|CLASS:Magnoliopsida|PHYLUM:Tracheophyta|SUBKINGDOM:Pteridobiotina Britton & Brown|KINGDOM:Plantae|DOMAIN:Eukaryota (Chatton, 1925) Whittaker & Margulis, 1978","Plantae","Tracheophyta","Magnoliopsida","Fabales Bromhead","Fabaceae","Zygia P.Browne"
"Zygia conzattii","","7GG5S","7GG5S","9CMHZ","Zygia conzattii (Standl.) Britton & Rose","Zygia conzattii","(Standl.) Britton & Rose","accepted","Zygia conzattii (Standl.) Britton & Rose","GENUS:Zygia P.Browne|FAMILY:Fabaceae|ORDER:Fabales Bromhead|CLASS:Magnoliopsida|PHYLUM:Tracheophyta|SUBKINGDOM:Pteridobiotina Britton & Brown|KINGDOM:Plantae|DOMAIN:Eukaryota (Chatton, 1925) Whittaker & Margulis, 1978","Plantae","Tracheophyta","Magnoliopsida","Fabales Bromhead","Fabaceae","Zygia P.Browne"
"Zygia englesingii","","","","","","","","","","","","","","","",""
"Zygia juruana","","7GG8D","7GG8D","9CMHZ","Zygia juruana (Harms) L.Rico","Zygia juruana","(Harms) L.Rico","accepted","Zygia juruana (Harms) L.Rico","GENUS:Zygia P.Browne|FAMILY:Fabaceae|ORDER:Fabales Bromhead|CLASS:Magnoliopsida|PHYLUM:Tracheophyta|SUBKINGDOM:Pteridobiotina Britton & Brown|KINGDOM:Plantae|DOMAIN:Eukaryota (Chatton, 1925) Whittaker & Margulis, 1978","Plantae","Tracheophyta","Magnoliopsida","Fabales Bromhead","Fabaceae","Zygia P.Browne"
"Zygia lathetica","","9DR57","9DR57","9CMHZ","Zygia lathetica Barneby & J.W.Grimes","Zygia lathetica","Barneby & J.W.Grimes","accepted","Zygia lathetica Barneby & J.W.Grimes","GENUS:Zygia P.Browne|FAMILY:Fabaceae|ORDER:Fabales Bromhead|CLASS:Magnoliopsida|PHYLUM:Tracheophyta|SUBKINGDOM:Pteridobiotina Britton & Brown|KINGDOM:Plantae|DOMAIN:Eukaryota (Chatton, 1925) Whittaker & Margulis, 1978","Plantae","Tracheophyta","Magnoliopsida","Fabales Bromhead","Fabaceae","Zygia P.Browne"
"Zygia latifolia","","7GFWF","7GFWF","9CMHZ","Zygia latifolia (L.) Fawc. & Rendle","Zygia latifolia","(L.) Fawc. & Rendle","accepted","Zygia latifolia (L.) Fawc. & Rendle","GENUS:Zygia P.Browne|FAMILY:Fabaceae|ORDER:Fabales Bromhead|CLASS:Magnoliopsida|PHYLUM:Tracheophyta|SUBKINGDOM:Pteridobiotina Britton & Brown|KINGDOM:Plantae|DOMAIN:Eukaryota (Chatton, 1925) Whittaker & Margulis, 1978","Plantae","Tracheophyta","Magnoliopsida","Fabales Bromhead","Fabaceae","Zygia P.Browne"
"Zygia longifolia","","7GFWG","7GFWG","9CMHZ","Zygia longifolia (Humb. & Bonpl. ex Willd.) Britton & Rose","Zygia longifolia","(Humb. & Bonpl. ex Willd.) Britton & Rose","accepted","Zygia longifolia (Humb. & Bonpl. ex Willd.) Britton & Rose","GENUS:Zygia P.Browne|FAMILY:Fabaceae|ORDER:Fabales Bromhead|CLASS:Magnoliopsida|PHYLUM:Tracheophyta|SUBKINGDOM:Pteridobiotina Britton & Brown|KINGDOM:Plantae|DOMAIN:Eukaryota (Chatton, 1925) Whittaker & Margulis, 1978","Plantae","Tracheophyta","Magnoliopsida","Fabales Bromhead","Fabaceae","Zygia P.Browne"
"Zygia paucijugata","","7GFWR","7GFWR","9CMHZ","Zygia paucijugata (Lundell) L.Rico","Zygia paucijugata","(Lundell) L.Rico","accepted","Zygia paucijugata (Lundell) L.Rico","GENUS:Zygia P.Browne|FAMILY:Fabaceae|ORDER:Fabales Bromhead|CLASS:Magnoliopsida|PHYLUM:Tracheophyta|SUBKINGDOM:Pteridobiotina Britton & Brown|KINGDOM:Plantae|DOMAIN:Eukaryota (Chatton, 1925) Whittaker & Margulis, 1978","Plantae","Tracheophyta","Magnoliopsida","Fabales Bromhead","Fabaceae","Zygia P.Browne"
"Zygia peckii","","7GFX3","7GFX3","9CMHZ","Zygia peckii (B.L.Rob.) Britton & Rose","Zygia peckii","(B.L.Rob.) Britton & Rose","accepted","Zygia peckii (B.L.Rob.) Britton & Rose","GENUS:Zygia P.Browne|FAMILY:Fabaceae|ORDER:Fabales Bromhead|CLASS:Magnoliopsida|PHYLUM:Tracheophyta|SUBKINGDOM:Pteridobiotina Britton & Brown|KINGDOM:Plantae|DOMAIN:Eukaryota (Chatton, 1925) Whittaker & Margulis, 1978","Plantae","Tracheophyta","Magnoliopsida","Fabales Bromhead","Fabaceae","Zygia P.Browne"
"Zygia racemosa","","9DR5F","9DR5F","9CMHZ","Zygia racemosa (Ducke) Barneby & J.W.Grimes","Zygia racemosa","(Ducke) Barneby & J.W.Grimes","accepted","Zygia racemosa (Ducke) Barneby & J.W.Grimes","GENUS:Zygia P.Browne|FAMILY:Fabaceae|ORDER:Fabales Bromhead|CLASS:Magnoliopsida|PHYLUM:Tracheophyta|SUBKINGDOM:Pteridobiotina Britton & Brown|KINGDOM:Plantae|DOMAIN:Eukaryota (Chatton, 1925) Whittaker & Margulis, 1978","Plantae","Tracheophyta","Magnoliopsida","Fabales Bromhead","Fabaceae","Zygia P.Browne"
"Zygia recordii","","9DR5J","7GG5S","7GG5S","Zygia recordii Britton & Rose","Zygia recordii","Britton & Rose","synonym","Zygia conzattii (Standl.) Britton & Rose","SPECIES:Zygia conzattii (Standl.) Britton & Rose|GENUS:Zygia P.Browne|FAMILY:Fabaceae|ORDER:Fabales Bromhead|CLASS:Magnoliopsida|PHYLUM:Tracheophyta|SUBKINGDOM:Pteridobiotina Britton & Brown|KINGDOM:Plantae|DOMAIN:Eukaryota (Chatton, 1925) Whittaker & Margulis, 1978","Plantae","Tracheophyta","Magnoliopsida","Fabales Bromhead","Fabaceae","Zygia P.Browne"
"Zygia rhytidocarpa","","7GG94","7GG94","9CMHZ","Zygia rhytidocarpa L.Rico","Zygia rhytidocarpa","L.Rico","accepted","Zygia rhytidocarpa L.Rico","GENUS:Zygia P.Browne|FAMILY:Fabaceae|ORDER:Fabales Bromhead|CLASS:Magnoliopsida|PHYLUM:Tracheophyta|SUBKINGDOM:Pteridobiotina Britton & Brown|KINGDOM:Plantae|DOMAIN:Eukaryota (Chatton, 1925) Whittaker & Margulis, 1978","Plantae","Tracheophyta","Magnoliopsida","Fabales Bromhead","Fabaceae","Zygia P.Browne"
"Zygia unifoliolata","","7GG98","7GG98","9CMHZ","Zygia unifoliolata (Benth.) Pittier","Zygia unifoliolata","(Benth.) Pittier","accepted","Zygia unifoliolata (Benth.) Pittier","GENUS:Zygia P.Browne|FAMILY:Fabaceae|ORDER:Fabales Bromhead|CLASS:Magnoliopsida|PHYLUM:Tracheophyta|SUBKINGDOM:Pteridobiotina Britton & Brown|KINGDOM:Plantae|DOMAIN:Eukaryota (Chatton, 1925) Whittaker & Margulis, 1978","Plantae","Tracheophyta","Magnoliopsida","Fabales Bromhead","Fabaceae","Zygia P.Browne"